constituency,name,prdjf_obs,prdjf_proj,prjja_obs,prjja_proj,rx5day_obs,rx5day_proj,txx_obs,txx_proj,t_obs,t_proj
E14001063,Aldershot,-5.2747726,9.416067,-9.424043,-1.563246,0.0945437,0.98889697,1.6315746,0.9075241,0.98767567,0.75884056
E14001064,Aldridge-Brownhills,-0.31852183,8.905696,5.521495,-4.604797,5.5278497,-1.0286521,1.4931965,0.8811493,0.7771673,0.75121593
E14001065,Altrincham and Sale West,8.843328,5.392312,4.173727,-4.827185,-4.8655095,1.1074542,1.3315754,0.7885399,0.73237133,0.7458124
E14001066,Amber Valley,-3.9047472,7.4330554,10.742209,-4.0876684,1.5948759,0.10457093,1.7239895,0.83734703,0.9510937,0.7576361
E14001067,Arundel and South Downs,11.98743,8.96733,3.518848,-1.0610839,4.163788,2.3065896,1.5415221,0.94688934,0.9803025,0.7597862
E14001068,Ashfield,-3.697306,7.78358,11.051142,-3.9297063,1.3975743,0.13141418,1.8278313,0.84394646,0.99887466,0.7572489
E14001069,Ashford,9.228283,10.284359,4.9687753,-0.7118397,-10.722281,4.2602262,1.97194,0.8897028,1.0353317,0.75254583
E14001070,Ashton-under-Lyne,13.792019,5.730605,7.545823,-5.013533,2.8044434,-0.51169723,1.5828114,0.71780396,0.8307123,0.74478006
E14001071,Aylesbury,8.839821,8.981866,2.3746207,-2.7215238,4.0449324,1.1853088,1.8748035,0.90148544,1.1298695,0.7535744
E14001072,Banbury,10.178041,8.669015,3.2309074,-2.714951,4.6518526,-0.61837375,2.055697,0.9050499,1.0627855,0.75387305
E14001073,Barking,0.3380348,10.147084,-0.7710945,-1.814194,-4.381457,3.3255205,2.4181328,0.90006065,1.0286427,0.75687695
E14001074,Barnsley North,-4.638998,8.567587,9.62153,-2.4312837,3.805631,0.04303053,1.9609375,0.7752247,0.9554224,0.7517414
E14001075,Barnsley South,-4.638998,8.567587,9.62153,-2.4312837,3.805631,0.04303053,1.9609375,0.7752247,0.9554224,0.7517414
E14001076,Barrow and Furness,-1.0018206,4.20723,-3.97625,-4.7654123,-1.4978664,3.2887056,0.9215987,0.65127444,0.88821244,0.7431641
E14001077,Basildon and Billericay,0.60533667,10.599063,-3.132865,-1.7771881,-7.1768255,2.098592,2.3698578,0.8911629,1.0113049,0.7544861
E14001078,Basingstoke,0.5260408,8.048595,-1.3006728,-1.0075222,3.3768237,2.8930833,1.1965485,0.9863968,0.9794035,0.7584715
E14001079,Bassetlaw,-0.20241253,8.870161,11.093899,-2.820718,0.6127468,0.7316656,1.9001298,0.83668804,1.1764233,0.75272846
E14001080,Bath,3.330903,7.4631147,5.6983824,-2.205723,-4.7634935,0.16377135,1.1353836,0.985899,0.70110226,0.7546711
E14001081,Battersea,8.737862,9.995041,-0.69091016,-2.8330176,-8.9995775,2.6782105,2.2188148,0.9055519,1.0616999,0.76114464
E14001082,Beaconsfield,11.280224,8.667226,1.565907,-2.9324746,2.5809648,0.27516168,1.7874842,0.9375181,1.1425214,0.76060295
E14001083,Beckenham and Penge,5.403718,10.128312,-0.2817704,-2.5151255,-4.34311,2.467931,2.3610039,0.8864269,1.0457821,0.7603445
E14001084,Bedford,1.112772,9.693976,5.384262,-2.830883,8.426753,-1.768988,2.4866848,0.8545952,1.1062565,0.75379276
E14001085,Bermondsey and Old Southwark,5.403718,10.128312,-0.2817704,-2.5151255,-4.34311,2.467931,2.3610039,0.8864269,1.0457821,0.7603445
E14001086,Bethnal Green and Stepney,3.1795316,10.020408,-1.3573028,-2.1105087,-5.926055,2.881684,2.3041344,0.8914833,1.0387592,0.7584171
E14001087,Beverley and Holderness,-2.400349,7.9625793,8.86311,-2.388299,0.82869655,2.9231524,1.2616823,0.6866379,0.86394465,0.7449715
E14001088,Bexhill and Battle,11.174672,10.512978,7.6290374,-0.6142487,-4.0671086,4.8197384,1.7412866,0.8704141,0.9868987,0.75533104
E14001089,Bexleyheath and Crayford,2.8463502,10.4158535,0.19413337,-2.3647408,-5.0772433,2.5632765,2.4477196,0.90042305,1.0277767,0.7571707
E14001090,Bicester and Woodstock,7.6832747,8.702502,1.5075413,-2.6879835,1.3812069,0.42633858,2.0406966,0.91231155,1.0554937,0.7552965
E14001091,Birkenhead,6.1972494,8.848636,11.256261,-2.4843426,0.5318309,6.1361375,0.753809,0.7427101,0.66564655,0.7415514
E14001092,Birmingham Edgbaston,0.4950646,8.495418,5.173617,-4.5067177,7.3670106,-0.9885331,1.2513027,0.887228,0.76334286,0.75566864
E14001093,Birmingham Erdington,-1.2576765,9.076996,5.9524713,-4.0415382,7.254757,-1.0524918,1.7626953,0.88243294,0.8082304,0.7527561
E14001094,Birmingham Hall Green and Moseley,0.4950646,8.495418,5.173617,-4.5067177,7.3670106,-0.9885331,1.2513027,0.887228,0.76334286,0.75566864
E14001095,Birmingham Hodge Hill and Solihull North,0.26656017,8.726069,5.7940626,-4.4317074,7.944042,-1.3361487,1.6972656,0.90947723,0.8031149,0.75487995
E14001096,Birmingham Ladywood,0.4950646,8.495418,5.173617,-4.5067177,7.3670106,-0.9885331,1.2513027,0.887228,0.76334286,0.75566864
E14001097,Birmingham Northfield,0.4950646,8.495418,5.173617,-4.5067177,7.3670106,-0.9885331,1.2513027,0.887228,0.76334286,0.75566864
E14001098,Birmingham Perry Barr,-0.31852183,8.905696,5.521495,-4.604797,5.5278497,-1.0286521,1.4931965,0.8811493,0.7771673,0.75121593
E14001099,Birmingham Selly Oak,0.4950646,8.495418,5.173617,-4.5067177,7.3670106,-0.9885331,1.2513027,0.887228,0.76334286,0.75566864
E14001100,Birmingham Yardley,0.26656017,8.726069,5.7940626,-4.4317074,7.944042,-1.3361487,1.6972656,0.90947723,0.8031149,0.75487995
E14001101,Bishop Auckland,1.9477934,5.480813,1.5469185,-1.8911445,8.661987,1.7892025,1.1615269,0.6576096,0.91959155,0.76193
E14001102,Blackburn,13.58792,5.7072096,4.9833245,-4.995875,1.3202628,1.4317738,1.1313477,0.7394295,0.9021387,0.7448282
E14001103,Blackley and Middleton South,15.675253,4.996522,5.677306,-3.585171,3.5625796,0.35833842,1.3667316,0.73766136,0.8789444,0.7473974
E14001104,Blackpool North and Fleetwood,4.3127604,7.8463736,4.484418,-3.7808232,-0.34176692,1.4548274,0.7953434,0.64829636,0.7860279,0.7434807
E14001105,Blackpool South,4.312104,8.492656,4.485464,-4.041092,-0.34060973,1.4969131,0.79550743,0.72366905,0.7859955,0.7484598
E14001106,Blaydon and Consett,-9.208921,8.109363,7.4164696,-1.4400246,11.596309,3.6162906,0.8524418,0.6087036,0.86608315,0.748034
E14001107,Blyth and Ashington,-6.469419,7.960525,11.350984,-1.7135975,9.584009,1.0722461,0.27815628,0.53003883,0.87151337,0.7431631
E14001108,Bognor Regis and Littlehampton,12.487717,10.266027,5.4937286,-0.2776834,3.2582514,3.941356,1.572525,0.9152565,1.0159016,0.7603588
E14001109,Bolsover,-1.1850624,8.022074,13.083363,-3.3185794,1.3373648,0.29179403,1.7035809,0.8185425,1.064642,0.7555733
E14001110,Bolton North East,8.511068,4.3622932,0.38987124,-4.712467,-8.387108,0.47062162,1.1996098,0.7589569,0.90270805,0.7491379
E14001111,Bolton South and Walkden,8.511068,4.3622932,0.38987124,-4.712467,-8.387108,0.47062162,1.1996098,0.7589569,0.90270805,0.7491379
E14001112,Bolton West,9.658582,5.3476434,2.2988527,-5.106767,-4.2184796,1.0425183,1.1918945,0.7722931,0.8522377,0.74762154
E14001113,Bootle,7.8962846,7.624796,8.245913,-3.1706583,1.3131512,6.2417703,0.95905113,0.7888794,0.66785145,0.74180126
E14001114,Boston and Skegness,-1.5247738,8.90529,10.390766,-3.5540924,8.205214,0.8497817,1.7672486,0.73984975,1.0154377,0.7517444
E14001115,Bournemouth East,7.6493645,9.572492,7.5206666,0.97275025,-5.025052,4.086556,1.0250664,0.86447334,0.8246374,0.7566042
E14001116,Bournemouth West,7.0636606,9.239348,8.768874,0.654051,-4.209079,3.8185313,1.1098633,0.8312683,0.7902117,0.75113106
E14001117,Bracknell,-5.2747726,9.416067,-9.424043,-1.563246,0.0945437,0.98889697,1.6315746,0.9075241,0.98767567,0.75884056
E14001118,Bradford East,2.2707722,7.327954,5.8444104,-2.0147812,10.339933,2.1858199,1.7151031,0.7429638,0.9503517,0.7507057
E14001119,Bradford South,7.15687,6.960873,5.826473,-2.2556305,13.052109,1.9451399,1.4233398,0.7337494,0.96213436,0.7516084
E14001120,Bradford West,7.15687,6.960873,5.826473,-2.2556305,13.052109,1.9451399,1.4233398,0.7337494,0.96213436,0.7516084
E14001121,Braintree,3.270213,9.825434,5.9229736,-2.8567035,1.0060828,0.07845086,2.6100914,0.89480096,1.0579154,0.75551796
E14001122,Brent East,8.485678,9.673448,-0.8534898,-2.9478312,-8.008878,2.3661466,2.1934261,0.90774536,1.0605288,0.7609577
E14001123,Brent West,12.4075575,9.422693,1.7219715,-3.0570376,-5.764505,1.6825324,2.0960293,0.9173527,1.090373,0.759737
E14001124,Brentford and Isleworth,10.903439,9.806672,0.4983571,-2.283961,-8.78719,2.462483,2.1144218,0.90616035,1.088067,0.7595329
E14001125,Brentwood and Ongar,2.7745624,10.096573,0.65018827,-2.4086733,-4.6872215,2.361004,2.6225414,0.9548092,1.0311289,0.75459003
E14001126,Bridgwater,2.577892,9.132998,11.912235,-1.8401997,5.1742687,2.3291335,0.62644863,0.999115,0.5785632,0.7539406
E14001127,Bridlington and The Wolds,-2.7109895,7.5430512,7.3771544,-3.5324461,2.7236247,1.7468382,1.3443078,0.7022738,0.87037766,0.742733
E14001128,Brigg and Immingham,-2.433407,8.18791,10.465595,-3.217124,0.8355147,2.6755283,1.5277181,0.6703491,0.8942356,0.74287677
E14001129,Brighton Kemptown and Peacehaven,12.09999,10.524763,8.6853485,-2.236895,-2.1087914,3.8915536,1.5932293,0.84739685,1.0300512,0.7584019
E14001130,Brighton Pavilion,11.30111,10.6320305,9.423217,-1.2685004,-0.6196894,3.8640082,1.6174488,0.85505676,1.0282764,0.75805664
E14001131,Bristol Central,-0.5428326,8.1523485,0.826333,-1.3856615,-9.456746,1.0737648,0.87314606,0.9958172,0.57111645,0.7535286
E14001132,Bristol East,-0.5428326,8.1523485,0.826333,-1.3856615,-9.456746,1.0737648,0.87314606,0.9958172,0.57111645,0.7535286
E14001133,Bristol North East,-0.5428326,8.1523485,0.826333,-1.3856615,-9.456746,1.0737648,0.87314606,0.9958172,0.57111645,0.7535286
E14001134,Bristol North West,3.422429,8.874865,6.4880915,-1.549113,-0.58883715,1.4258934,0.57278633,0.91651726,0.50771904,0.7551575
E14001135,Bristol South,-0.5428326,8.1523485,0.826333,-1.3856615,-9.456746,1.0737648,0.87314606,0.9958172,0.57111645,0.7535286
E14001136,Broadland and Fakenham,7.977222,10.0601425,16.268667,-2.5438056,16.894691,0.46064168,1.0892253,0.75825,1.1165686,0.7554579
E14001137,Bromley and Biggin Hill,9.1168995,9.922065,2.6099336,-4.109918,-0.32245755,1.3936329,2.2834969,0.9473858,1.0506821,0.75863934
E14001138,Bromsgrove,-3.285937,8.41257,4.680803,-4.303149,6.2155066,-0.38540432,0.9754238,0.894722,0.7514162,0.75597
E14001139,Broxbourne,3.1882339,9.811413,1.6961304,-2.3979268,-2.3747103,1.7847098,2.4084644,0.87944794,1.0388823,0.755991
E14001140,Broxtowe,-6.083373,8.140398,10.336693,-4.834421,2.878948,-0.61715275,1.893261,0.8616905,0.9537945,0.75799274
E14001141,Buckingham and Bletchley,5.694997,9.567459,4.622653,-2.5299687,3.5267038,0.3502315,2.0968094,0.8776026,1.0949912,0.753314
E14001142,Burnley,16.617588,5.9418383,7.9402304,-3.4568324,12.777082,1.4844234,1.025032,0.72262,0.9859166,0.7477274
E14001143,Burton and Uttoxeter,-4.665169,8.262955,6.4102454,-5.1043243,3.486053,0.22190148,1.6463871,0.8415432,0.8594723,0.7529869
E14001144,Bury North,11.949272,4.349649,2.4746962,-4.111857,-3.0759807,-0.0016763618,1.2520828,0.7597389,0.8811321,0.74854565
E14001145,Bury South,11.949272,4.349649,2.4746962,-4.111857,-3.0759807,-0.0016763618,1.2520828,0.7597389,0.8811321,0.74854565
E14001146,Bury St Edmunds and Stowmarket,7.5810757,10.275335,20.144293,-3.0150177,8.554543,1.4407922,2.3076165,0.82695645,1.0685806,0.7550249
E14001147,Calder Valley,10.64175,6.189604,6.687546,-2.9358778,10.828863,1.7021364,1.3635659,0.7366605,0.97596955,0.74951994
E14001148,Camborne and Redruth,2.2886539,7.3985567,17.369505,-3.1843822,3.0561085,-0.031419694,0.47140217,0.86201096,0.6815028,0.71329117
E14001149,Cambridge,3.8033948,9.79245,6.863635,-3.0900354,2.8302383,-1.1912686,2.3983727,0.8841057,1.1798248,0.7544632
E14001150,Cannock Chase,-2.2210555,8.853327,6.2725825,-4.655816,4.278132,-0.44281948,1.543684,0.85528946,0.8055277,0.74998856
E14001151,Canterbury,6.822877,10.493986,3.7192178,1.0668416,-10.768725,7.1405573,2.1490402,0.8409376,0.99635696,0.7540407
E14001152,Carlisle,20.570204,4.2005615,15.38896,-3.7470388,19.017124,1.7905002,0.6633606,0.71671104,0.8142894,0.7487708
E14001153,Carshalton and Wallington,12.874788,9.828032,1.9765705,-3.2899241,-1.4403485,1.9718776,2.177702,0.9509163,1.058775,0.759285
E14001154,Castle Point,-3.1645174,10.789689,-4.1533513,-1.158927,-8.346787,3.1293695,2.2681313,0.8590908,0.99062157,0.752676
E14001155,Central Devon,11.074111,6.996835,24.56725,-1.7409501,11.50315,0.41558704,0.22961044,0.92209154,0.6790136,0.73732877
E14001156,Central Suffolk and North Ipswich,8.452351,10.157965,17.06648,-2.5412037,3.413741,0.6602918,1.9940271,0.7803049,1.0467498,0.75443363
E14001157,Chatham and Aylesford,2.1130006,10.11043,-2.0429585,-2.2519639,-7.681386,2.64715,2.4107094,0.98557854,1.0305691,0.75611115
E14001158,Cheadle,14.183943,6.2606463,5.836801,-5.49457,1.2714953,-0.5353813,1.3547535,0.7338257,0.7147722,0.73982906
E14001159,Chelmsford,3.425866,10.354777,-0.90505385,-2.2703266,-7.907531,1.8113858,2.453745,0.93165016,1.0087242,0.7544899
E14001160,Chelsea and Fulham,8.737862,9.995041,-0.69091016,-2.8330176,-8.9995775,2.6782105,2.2188148,0.9055519,1.0616999,0.76114464
E14001161,Cheltenham,1.8490467,9.363949,6.167026,-2.510378,9.063638,1.1029009,1.5118484,0.95433044,0.8416662,0.7519522
E14001162,Chesham and Amersham,12.490795,8.500146,5.6770563,-3.0443976,4.35583,0.11317958,1.8057938,0.90937996,1.1224976,0.75732803
E14001163,Chester North and Neston,3.6719208,8.411428,12.344554,-2.8492033,-1.3936749,3.2841,0.91171837,0.8013897,0.6465473,0.7465534
E14001164,Chester South and Eddisbury,3.2737415,8.917449,8.074083,-4.113057,-1.1787331,2.1759076,1.1844403,0.8006077,0.6960901,0.7458603
E14001165,Chesterfield,-2.128292,7.3952556,12.679073,-3.5750978,2.158858,0.4750024,1.6363277,0.80107117,0.9829416,0.75562096
E14001166,Chichester,13.443656,9.206573,7.485588,0.27032486,6.531558,2.4632337,1.0972409,0.87510633,1.005249,0.75979614
E14001167,Chingford and Woodford Green,0.3380348,10.147084,-0.7710945,-1.814194,-4.381457,3.3255205,2.4181328,0.90006065,1.0286427,0.75687695
E14001168,Chippenham,5.736947,7.589202,7.5709724,-1.8028507,0.3422104,0.08480057,1.3457351,0.97966814,0.87733793,0.7553797
E14001169,Chipping Barnet,6.5412683,9.639817,4.172459,-2.609798,-1.4233673,1.8932557,2.190527,0.88988304,1.0489454,0.75628567
E14001170,Chorley,13.58792,5.7072096,4.9833245,-4.995875,1.3202628,1.4317738,1.1313477,0.7394295,0.9021387,0.7448282
E14001171,Christchurch,7.6241283,8.018448,7.6762333,-0.49812382,-2.9776385,3.2511673,1.0233383,0.8629894,0.8461685,0.7549124
E14001172,Cities of London and Westminster,3.1795316,10.020408,-1.3573028,-2.1105087,-5.926055,2.881684,2.3041344,0.8914833,1.0387592,0.7584171
E14001173,City of Durham,-5.7727413,8.155516,5.6922517,-2.4822178,3.7314787,1.9279546,1.2726078,0.5940237,0.8687477,0.751457
E14001174,Clacton,4.4800444,10.808514,11.9463415,-0.37597287,3.4279506,2.3602026,1.7379227,0.7968674,0.9112263,0.758585
E14001175,Clapham and Brixton Hill,8.737862,9.995041,-0.69091016,-2.8330176,-8.9995775,2.6782105,2.2188148,0.9055519,1.0616999,0.76114464
E14001176,Colchester,5.361132,10.274636,12.693512,-2.4732125,2.0910242,0.41163802,1.7356129,0.81890106,0.9130621,0.7536268
E14001177,Colne Valley,7.2069182,5.765769,6.1452756,-3.6211696,5.5075855,0.26321825,1.6314611,0.7169943,0.9952376,0.74966836
E14001178,Congleton,7.720817,7.1135187,4.3144674,-4.9563704,1.5686995,0.24565479,1.26787,0.756279,0.7096071,0.7376137
E14001179,Corby and East Northamptonshire,1.2266632,10.088518,8.587523,-4.0401,18.948484,-1.0606253,2.4289217,0.88588095,1.1191471,0.7574065
E14001180,Coventry East,0.6368982,9.616956,6.655675,-4.161284,5.8522434,-0.97704494,2.1355457,0.8964939,1.00492,0.7515888
E14001181,Coventry North West,1.5422052,9.40193,6.2499304,-4.3243775,7.9916983,-1.0814189,2.0694332,0.9004822,0.9563236,0.75296974
E14001182,Coventry South,1.5422052,9.40193,6.2499304,-4.3243775,7.9916983,-1.0814189,2.0694332,0.9004822,0.9563236,0.75296974
E14001183,Cramlington and Killingworth,-8.420944,8.194841,11.834589,-1.6666945,14.706192,2.5204108,0.43312168,0.50042915,0.87123585,0.74247694
E14001184,Crawley,14.801682,9.544817,6.371289,-2.691719,2.748154,2.6052527,1.4887695,0.96435165,1.0311193,0.7586489
E14001185,Crewe and Nantwich,3.2057219,8.534474,5.473863,-4.251438,3.1844027,2.2472675,1.3455715,0.7843628,0.7391987,0.7407532
E14001186,Croydon East,12.089313,9.90899,3.455086,-3.812486,2.3788416,1.4065511,2.2190113,0.94906425,1.0546732,0.75942326
E14001187,Croydon South,12.089313,9.90899,3.455086,-3.812486,2.3788416,1.4065511,2.2190113,0.94906425,1.0546732,0.75942326
E14001188,Croydon West,5.403718,10.128312,-0.2817704,-2.5151255,-4.34311,2.467931,2.3610039,0.8864269,1.0457821,0.7603445
E14001189,Dagenham and Rainham,1.0086956,10.271554,-0.3986637,-1.8691242,-4.7089243,3.3482683,2.4331703,0.9133949,1.0254679,0.7560911
E14001190,Darlington,-5.361769,8.588279,3.0205462,-2.2437267,3.3795967,2.1499047,1.391098,0.6887331,0.8749542,0.7566459
E14001191,Dartford,2.2266948,10.518576,-0.41252887,-2.1079638,-5.5762186,2.5960927,2.4502268,0.9015379,1.0248895,0.75655556
E14001192,Daventry,2.4357743,9.324508,4.2978425,-3.3675847,6.954545,-0.47841677,2.3093238,0.88220596,1.0956085,0.75242454
E14001193,Derby North,-5.895375,7.875868,9.288904,-4.919738,2.4722133,-0.46673134,1.8040047,0.8534012,0.9238348,0.75800705
E14001194,Derby South,-5.895375,7.875868,9.288904,-4.919738,2.4722133,-0.46673134,1.8040047,0.8534012,0.9238348,0.75800705
E14001195,Derbyshire Dales,-0.86423963,6.272312,8.659601,-4.0769234,3.721016,0.66451,1.5929527,0.7856555,0.92270964,0.7549294
E14001196,Dewsbury and Batley,-0.7734346,7.7706532,6.1855173,-1.8219001,6.94397,0.49330574,1.688509,0.7460785,0.9380894,0.75069714
E14001197,Didcot and Wantage,5.399846,8.623721,-1.3447508,-2.3841689,-0.5517266,0.43035594,1.7456181,0.93479043,1.1607777,0.7577019
E14001198,Doncaster Central,0.054520547,8.79091,10.176738,-2.6009436,-0.32460794,0.4588319,1.8095812,0.8144417,1.0931892,0.7515561
E14001199,Doncaster East and the Isle of Axholme,-1.4969426,8.643517,8.802011,-2.843896,0.8456442,2.652022,1.6099768,0.793293,1.0402942,0.7488718
E14001200,Doncaster North,-2.621292,8.712042,9.836848,-2.3463745,4.5303,0.7245853,1.9896812,0.7922964,1.0129905,0.7508793
E14001201,Dorking and Horley,13.845127,9.550103,3.983334,-2.516963,1.1703943,1.7766254,1.7914705,0.95483685,1.0426745,0.7587943
E14001202,Dover and Deal,14.774902,10.3955965,8.545008,0.9325149,-6.6726465,6.1192513,2.1397142,0.83904743,0.99056816,0.7582116
E14001203,Droitwich and Evesham,-5.51066,9.034406,4.6627965,-3.249702,7.0393887,-0.047082797,1.1109037,0.91547585,0.7514081,0.7553539
E14001204,Dudley,-0.9446555,9.2937,6.434267,-4.605049,3.155395,-0.37898043,1.2642593,0.9025345,0.7512388,0.75078297
E14001205,Dulwich and West Norwood,5.403718,10.128312,-0.2817704,-2.5151255,-4.34311,2.467931,2.3610039,0.8864269,1.0457821,0.7603445
E14001206,Dunstable and Leighton Buzzard,4.7327642,9.457362,6.041937,-2.8746214,4.123774,-1.1104479,2.198925,0.878109,1.0861425,0.7530613
E14001207,Ealing Central and Acton,12.4075575,9.422693,1.7219715,-3.0570376,-5.764505,1.6825324,2.0960293,0.9173527,1.090373,0.759737
E14001208,Ealing North,12.4075575,9.422693,1.7219715,-3.0570376,-5.764505,1.6825324,2.0960293,0.9173527,1.090373,0.759737
E14001209,Ealing Southall,12.4075575,9.422693,1.7219715,-3.0570376,-5.764505,1.6825324,2.0960293,0.9173527,1.090373,0.759737
E14001210,Earley and Woodley,-4.232787,9.047502,-8.335784,-1.8505696,5.334961,-0.56249255,1.7286472,0.92220306,1.1091852,0.7603121
E14001211,Easington,-8.9080715,8.376515,6.754833,-2.1295319,4.4058447,0.28082713,1.0758152,0.5921974,0.88251495,0.7530041
E14001212,East Grinstead and Uckfield,14.013088,9.599911,7.115902,-2.5888064,1.2345318,2.708517,1.5511183,0.9465542,1.0297827,0.7582998
E14001213,East Ham,0.3380348,10.147084,-0.7710945,-1.814194,-4.381457,3.3255205,2.4181328,0.90006065,1.0286427,0.75687695
E14001214,East Hampshire,0.18310897,8.173945,-3.2518415,-0.5823879,-3.3943489,2.0438094,1.1869243,0.9591255,0.9409936,0.7585888
E14001215,East Surrey,12.829763,9.695829,4.312898,-3.3224816,2.3727036,1.1574585,1.9436855,0.9539366,1.0485926,0.75919056
E14001216,East Thanet,15.883724,10.565155,8.047067,3.3570096,-11.924347,7.0297637,2.2295265,0.7504425,0.9665098,0.77122116
E14001217,East Wiltshire,4.799835,7.5587335,5.7390018,-1.9650023,1.6844672,1.0751662,1.5566881,0.9879129,1.1131766,0.7565046
E14001218,East Worthing and Shoreham,10.6792555,10.931947,8.720055,-0.4274454,1.0465045,4.1427054,1.5976562,0.89826965,1.0217123,0.76161766
E14001219,Eastbourne,12.538841,10.622363,8.11716,-0.56473815,-5.1440787,4.0644455,1.6123371,0.8333454,1.0141373,0.7535095
E14001220,Eastleigh,10.381987,7.745634,6.7322426,-0.44203475,2.8869767,2.2347887,1.1081066,0.91607285,0.8060217,0.75797176
E14001221,Edmonton and Winchmore Hill,3.1882339,9.811413,1.6961304,-2.3979268,-2.3747103,1.7847098,2.4084644,0.87944794,1.0388823,0.755991
E14001222,Ellesmere Port and Bromborough,5.189767,8.528173,10.662589,-2.6844888,0.22401789,6.786521,0.82308006,0.73454475,0.63893414,0.744092
E14001223,Eltham and Chislehurst,4.023173,10.204294,0.50000113,-2.5547433,-2.8819804,1.7114466,2.447918,0.89356804,1.039465,0.7585068
E14001224,Ely and East Cambridgeshire,6.115209,10.040235,9.920059,-2.8502958,6.5001493,-0.14230268,2.4265728,0.8360405,1.1587046,0.7546275
E14001225,Enfield North,3.1882339,9.811413,1.6961304,-2.3979268,-2.3747103,1.7847098,2.4084644,0.87944794,1.0388823,0.755991
E14001226,Epping Forest,1.8845263,9.961211,2.1524327,-1.9839975,-1.3995084,2.906608,2.616146,0.92448807,1.0384989,0.75511456
E14001227,Epsom and Ewell,12.317456,9.824374,1.3320086,-2.734786,-5.458567,2.1346784,2.082487,0.93460274,1.0642176,0.75878143
E14001228,Erewash,-6.083373,8.140398,10.336693,-4.834421,2.878948,-0.61715275,1.893261,0.8616905,0.9537945,0.75799274
E14001229,Erith and Thamesmead,4.023173,10.204294,0.50000113,-2.5547433,-2.8819804,1.7114466,2.447918,0.89356804,1.039465,0.7585068
E14001230,Esher and Walton,10.903439,9.806672,0.4983571,-2.283961,-8.78719,2.462483,2.1144218,0.90616035,1.088067,0.7595329
E14001231,Exeter,8.781774,7.629814,25.191727,-1.7947981,6.663085,0.3088048,-0.2782879,0.8597965,0.6638336,0.73833466
E14001232,Exmouth and Exeter East,4.760377,7.288253,27.169151,-1.8657901,1.451946,-0.21742812,-0.63328457,0.84299374,0.6558175,0.74183464
E14001233,Fareham and Waterlooville,10.1373825,7.798405,4.4293804,-0.6183286,4.7275457,0.9968057,0.7442703,0.923296,0.9425297,0.75844765
E14001234,Farnham and Bordon,-0.72225106,9.143737,-7.6451793,-1.4194332,-6.4614453,1.4246366,1.5780926,0.95443726,0.89101505,0.75878525
E14001235,Faversham and Mid Kent,1.0461838,10.001373,-1.1082124,-1.1505334,-10.506742,4.218775,2.2190022,0.91357946,1.0245967,0.75458264
E14001236,Feltham and Heston,11.600516,9.644432,1.8893964,-2.467,-5.5896497,1.9545803,2.0383778,0.930418,1.1197147,0.76032734
E14001237,Filton and Bradley Stoke,-0.6062387,8.466843,1.9249774,-1.7355535,-5.930199,2.7290714,1.0756512,0.97130775,0.563159,0.7557354
E14001238,Finchley and Golders Green,8.485678,9.673448,-0.8534898,-2.9478312,-8.008878,2.3661466,2.1934261,0.90774536,1.0605288,0.7609577
E14001239,Folkestone and Hythe,12.084303,11.090347,7.8755665,0.585659,-7.485023,4.841321,1.8338051,0.8157425,1.0155196,0.7626934
E14001240,Forest of Dean,-2.4140868,8.60132,3.3191667,-2.2828872,3.0298178,1.2078453,1.2430016,0.95564806,0.6394409,0.7539385
E14001241,Frome and East Somerset,2.036138,7.6600757,4.309665,-1.4257996,-3.8683083,0.7195171,1.1603265,0.99652386,0.71402264,0.75256467
E14001242,Fylde,9.565457,7.5240173,5.7386994,-5.1276016,1.0426755,1.59909,1.1531906,0.6671181,0.7747965,0.7417278
E14001243,Gainsborough,-2.4992762,8.546126,7.4007688,-3.9399405,2.5301769,1.7151124,1.8169371,0.77274704,1.0326747,0.7468716
E14001244,Gateshead Central and Whickham,-9.336228,8.284847,9.835342,-1.7171257,15.525176,3.6993098,0.828516,0.5601845,0.86472225,0.74545383
E14001245,Gedling,-5.402641,8.781287,8.864116,-3.969942,2.3659613,-1.0502353,2.1296234,0.8761616,1.0741911,0.7540693
E14001246,Gillingham and Rainham,1.2174078,9.936604,-2.5083373,-2.317847,-9.519323,3.0619097,2.3993492,0.9636364,1.0314093,0.75595856
E14001247,Glastonbury and Somerton,-1.2954305,8.261268,2.0883293,-2.125006,-4.112875,0.87032485,1.0499516,1.0233669,0.68140125,0.7532606
E14001248,Gloucester,2.1157427,8.708592,5.139946,-2.5721166,4.466434,1.5236104,1.406023,0.9485817,0.7718706,0.7519083
E14001249,Godalming and Ash,9.669097,9.391412,-0.2664745,-1.9703574,2.1351428,1.3590508,1.7972654,0.951184,0.9904747,0.75939053
E14001250,Goole and Pocklington,-2.5578647,8.26192,8.302332,-2.4245872,4.1802,2.590923,1.8241675,0.7138337,0.9503268,0.745477
E14001251,Gorton and Denton,14.96359,5.9035788,5.5889716,-4.783612,-2.3304913,-0.028608983,1.5020828,0.73410034,0.7374201,0.7413988
E14001252,Gosport,9.686472,9.418354,5.670939,1.1224192,2.1083968,2.8271353,0.6298828,0.84285927,0.88881207,0.75878143
E14001253,Grantham and Bourne,-3.3060946,9.30224,7.0136614,-3.894719,8.6171665,-0.94402885,2.3444786,0.8757542,1.1184057,0.75271034
E14001254,Gravesham,-0.2379905,10.698044,-3.3924506,-1.4307753,-8.077964,3.1564448,2.387045,0.891346,1.011775,0.75403595
E14001255,Great Grimsby and Cleethorpes,-1.4316336,7.9948554,8.481979,-2.882551,-0.67033696,0.31725895,1.3993816,0.6876297,0.89614487,0.7427101
E14001256,Great Yarmouth,6.488214,10.246361,14.753975,-1.3169979,8.000837,2.8046176,1.1643562,0.67184764,1.1712309,0.7611828
E14001257,Greenwich and Woolwich,4.023173,10.204294,0.50000113,-2.5547433,-2.8819804,1.7114466,2.447918,0.89356804,1.039465,0.7585068
E14001258,Guildford,11.547911,9.742715,0.79914397,-2.45031,-5.579752,1.7545668,1.9932289,0.9413452,1.0664253,0.75900936
E14001259,Hackney North and Stoke Newington,3.1795316,10.020408,-1.3573028,-2.1105087,-5.926055,2.881684,2.3041344,0.8914833,1.0387592,0.7584171
E14001260,Hackney South and Shoreditch,3.1795316,10.020408,-1.3573028,-2.1105087,-5.926055,2.881684,2.3041344,0.8914833,1.0387592,0.7584171
E14001261,Halesowen,0.046183325,8.575574,4.889543,-4.637172,5.9964337,-0.36580002,0.78323555,0.8977604,0.7299986,0.75487614
E14001262,Halifax,9.386687,6.349127,6.0785413,-2.6913133,9.909005,1.2958363,1.4343758,0.7327328,0.9766469,0.7500396
E14001263,Hamble Valley,7.947384,9.310241,5.1232543,0.77781093,-0.7695594,2.8880591,0.76377106,0.8098316,0.8316803,0.7540808
E14001264,Hammersmith and Chiswick,8.737862,9.995041,-0.69091016,-2.8330176,-8.9995775,2.6782105,2.2188148,0.9055519,1.0616999,0.76114464
E14001265,Hampstead and Highgate,8.485678,9.673448,-0.8534898,-2.9478312,-8.008878,2.3661466,2.1934261,0.90774536,1.0605288,0.7609577
E14001266,"Harborough, Oadby and Wigston",-1.1618304,9.409456,7.2875757,-4.077482,7.782406,-0.77593625,2.1555014,0.87839985,1.0983543,0.75064516
E14001267,Harlow,2.6086633,9.886063,2.9151828,-1.9864072,-1.963177,2.2164035,2.7497082,0.9441509,1.0525379,0.7541151
E14001268,Harpenden and Berkhamsted,6.6846037,8.943487,6.914303,-2.7986634,4.607143,0.40571064,2.0157065,0.8826537,1.0874758,0.75431395
E14001269,Harrogate and Knaresborough,1.0105212,8.382826,3.4837723,-1.7320622,14.030472,3.8201873,1.7509441,0.7449436,0.9231949,0.75636005
E14001270,Harrow East,12.4075575,9.422693,1.7219715,-3.0570376,-5.764505,1.6825324,2.0960293,0.9173527,1.090373,0.759737
E14001271,Harrow West,12.4075575,9.422693,1.7219715,-3.0570376,-5.764505,1.6825324,2.0960293,0.9173527,1.090373,0.759737
E14001272,Hartlepool,-9.356968,8.804594,5.818784,-2.761195,5.177559,0.6358567,1.273016,0.5309353,0.8835411,0.74881554
E14001273,Harwich and North Essex,4.6460633,10.378024,11.867901,-1.7219778,1.6320137,1.0516213,1.7782558,0.7921012,0.9163535,0.75502014
E14001274,Hastings and Rye,10.374557,11.166838,7.1622834,0.4352054,-4.920637,3.9511957,1.7394218,0.82375336,0.9851618,0.75985336
E14001275,Havant,14.697507,9.412945,10.804338,1.0185508,7.962048,2.109575,0.8062496,0.78992844,1.0066376,0.76065254
E14001276,Hayes and Harlington,11.600516,9.644432,1.8893964,-2.467,-5.5896497,1.9545803,2.0383778,0.930418,1.1197147,0.76032734
E14001277,Hazel Grove,13.792019,5.730605,7.545823,-5.013533,2.8044434,-0.51169723,1.5828114,0.71780396,0.8307123,0.74478006
E14001278,Hemel Hempstead,9.801369,8.925651,6.4317465,-2.651932,0.57723993,0.5227383,1.9045906,0.8857231,1.0881653,0.75773716
E14001279,Hendon,8.485678,9.673448,-0.8534898,-2.9478312,-8.008878,2.3661466,2.1934261,0.90774536,1.0605288,0.7609577
E14001280,Henley and Thame,5.596542,8.543842,-4.164774,-2.9167695,0.6679545,0.2710986,1.7583742,0.9347763,1.2041912,0.7573657
E14001281,Hereford and South Herefordshire,-1.145807,8.1863,2.2988384,-1.5470121,6.2266607,1.6135832,0.95349205,0.9576225,0.6467427,0.75568074
E14001282,Herne Bay and Sandwich,14.021437,10.374706,7.255366,2.3455052,-11.271067,7.531912,2.2234707,0.8155956,0.97156525,0.7599802
E14001283,Hertford and Stortford,2.073312,9.665661,4.1068635,-2.0364065,-0.010980174,1.8660223,2.6449213,0.897583,1.0546808,0.7542114
E14001284,Hertsmere,7.3535643,9.526951,5.090122,-2.684898,-0.8166512,1.8579438,2.109766,0.8994112,1.0566545,0.75651217
E14001285,Hexham,3.5471692,6.197375,6.9818377,-1.6795273,14.21263,2.9387581,0.731073,0.6581636,0.85727054,0.7522439
E14001286,Heywood and Middleton North,15.675253,4.996522,5.677306,-3.585171,3.5625796,0.35833842,1.3667316,0.73766136,0.8789444,0.7473974
E14001287,High Peak,7.519724,5.204312,7.900178,-4.547107,4.9087925,-0.18974274,1.7456703,0.7287059,0.9737011,0.7521293
E14001288,Hinckley and Bosworth,-2.1955657,9.166642,9.042353,-4.76073,8.006423,-1.1357539,1.9711914,0.8553009,0.9418206,0.7504902
E14001289,Hitchin,1.779199,9.343829,6.8284025,-2.4935217,2.7965765,-0.98815334,2.4856606,0.89019775,1.0764542,0.7532134
E14001290,Holborn and St Pancras,8.485678,9.673448,-0.8534898,-2.9478312,-8.008878,2.3661466,2.1934261,0.90774536,1.0605288,0.7609577
E14001291,Honiton and Sidmouth,4.3822403,6.518425,23.753658,-2.62321,10.60115,-0.32343352,-0.03824091,0.90669346,0.66858053,0.7460027
E14001292,Hornchurch and Upminster,1.5361732,10.428472,-1.2796042,-2.2393658,-6.1015325,2.2918944,2.4274406,0.9182091,1.020072,0.75545025
E14001293,Hornsey and Friern Barnet,8.485678,9.673448,-0.8534898,-2.9478312,-8.008878,2.3661466,2.1934261,0.90774536,1.0605288,0.7609577
E14001294,Horsham,14.585605,9.30433,4.6561337,-1.9923093,3.348847,2.1250534,1.785986,0.9640217,1.0161252,0.75990057
E14001295,Houghton and Sunderland South,-7.12004,8.103305,6.9345512,-3.3927374,4.110556,0.68382615,1.1326809,0.4768734,0.8831558,0.74568176
E14001296,Hove and Portslade,11.30111,10.6320305,9.423217,-1.2685004,-0.6196894,3.8640082,1.6174488,0.85505676,1.0282764,0.75805664
E14001297,Huddersfield,4.5435047,6.857253,6.046875,-2.1478593,8.725455,0.5848499,1.5432949,0.7338562,0.94476795,0.7494283
E14001298,Huntingdon,8.232849,9.992261,10.237256,-3.5532062,14.216319,-1.6959667,2.1798017,0.88644916,1.1381997,0.7572753
E14001299,Hyndburn,15.877436,4.514615,5.5394616,-4.4290338,4.3596125,0.1936991,1.0765285,0.7387905,0.98016596,0.7489834
E14001300,Ilford North,0.3380348,10.147084,-0.7710945,-1.814194,-4.381457,3.3255205,2.4181328,0.90006065,1.0286427,0.75687695
E14001301,Ilford South,0.3380348,10.147084,-0.7710945,-1.814194,-4.381457,3.3255205,2.4181328,0.90006065,1.0286427,0.75687695
E14001302,Ipswich,6.3178988,10.149903,17.697617,-1.775625,2.7173712,1.6006805,1.9976234,0.7781353,0.97845554,0.75418854
E14001303,Isle of Wight East,7.0471606,10.412561,4.6579,0.6844017,2.225379,3.7678897,0.33827972,0.90294075,0.9214077,0.7552147
E14001304,Isle of Wight West,6.6659307,10.208164,4.6947355,0.60075974,0.23328997,2.4326582,0.38457012,0.84261703,0.8995528,0.7541499
E14001305,Islington North,3.1795316,10.020408,-1.3573028,-2.1105087,-5.926055,2.881684,2.3041344,0.8914833,1.0387592,0.7584171
E14001306,Islington South and Finsbury,3.1795316,10.020408,-1.3573028,-2.1105087,-5.926055,2.881684,2.3041344,0.8914833,1.0387592,0.7584171
E14001307,Jarrow and Gateshead East,-8.890519,8.444807,11.381329,-2.3284214,16.879833,3.1671062,0.8190422,0.5026245,0.8635235,0.74226665
E14001308,Keighley and Ilkley,11.349109,6.432577,6.576615,-2.3395069,15.894119,2.9835176,1.330686,0.70877075,0.96942616,0.75222874
E14001309,Kenilworth and Southam,3.0603688,9.490887,4.616168,-3.754457,3.9521892,-0.77323246,2.0223184,0.89366454,1.0247955,0.75275403
E14001310,Kensington and Bayswater,8.485678,9.673448,-0.8534898,-2.9478312,-8.008878,2.3661466,2.1934261,0.90774536,1.0605288,0.7609577
E14001311,Kettering,-0.18720864,9.822613,5.850131,-3.7830174,12.915115,-0.32983404,2.444044,0.8862591,1.1120696,0.75542927
E14001312,Kingston and Surbiton,10.903439,9.806672,0.4983571,-2.283961,-8.78719,2.462483,2.1144218,0.90616035,1.088067,0.7595329
E14001313,Kingston upon Hull East,-2.5274782,7.980838,8.326628,-3.0151896,0.6177419,2.3295577,1.0536785,0.67629814,0.8149729,0.74045753
E14001314,Kingston upon Hull North and Cottingham,-2.575155,7.9524527,8.3315735,-2.5877955,0.9728019,2.3380854,1.3223629,0.66571045,0.838954,0.7415943
E14001315,Kingston upon Hull West and Haltemprice,-2.1468108,8.083878,10.948647,-2.8747475,1.3116565,2.9557369,1.5404949,0.63614464,0.87060165,0.7432852
E14001316,Kingswinford and South Staffordshire,-2.6144662,9.170919,5.679842,-4.14908,3.2882395,-0.022793282,1.0599442,0.9144726,0.7180743,0.7531862
E14001317,Knowsley,7.990756,7.2056904,7.652563,-3.6397722,0.47471765,5.394812,1.0819645,0.7836933,0.6967573,0.74606514
E14001318,Lancaster and Wyre,13.267774,7.150692,5.300623,-5.1006017,4.216804,2.0155063,1.2374344,0.60955715,0.84256506,0.74239075
E14001319,Leeds Central and Headingley,-1.7924955,8.059666,5.58631,-1.7711567,9.246525,2.8693185,1.9528961,0.755661,0.94616127,0.7527771
E14001320,Leeds East,-1.1852592,8.247792,7.4697165,-1.9775052,10.946598,2.6889832,2.137371,0.7445011,0.95029354,0.75162506
E14001321,Leeds North East,-1.7924955,8.059666,5.58631,-1.7711567,9.246525,2.8693185,1.9528961,0.755661,0.94616127,0.7527771
E14001322,Leeds North West,2.2707722,7.327954,5.8444104,-2.0147812,10.339933,2.1858199,1.7151031,0.7429638,0.9503517,0.7507057
E14001323,Leeds South,-1.7924955,8.059666,5.58631,-1.7711567,9.246525,2.8693185,1.9528961,0.755661,0.94616127,0.7527771
E14001324,Leeds South West and Morley,-1.7924955,8.059666,5.58631,-1.7711567,9.246525,2.8693185,1.9528961,0.755661,0.94616127,0.7527771
E14001325,Leeds West and Pudsey,2.2707722,7.327954,5.8444104,-2.0147812,10.339933,2.1858199,1.7151031,0.7429638,0.9503517,0.7507057
E14001326,Leicester East,-2.3071518,9.175158,8.642414,-3.7909076,4.4270253,-0.40991333,2.0262375,0.8663559,1.0754929,0.74954224
E14001327,Leicester South,-1.0169986,9.445855,7.9077086,-4.1337004,6.5673733,-0.7100248,2.0941734,0.8734913,1.0866919,0.7500868
E14001328,Leicester West,-2.4435377,8.745777,9.688844,-4.6197762,4.070759,-1.2572399,1.8885422,0.86623573,1.0460577,0.7502308
E14001329,Leigh and Atherton,7.770656,5.607269,4.383216,-4.6409793,-3.8624763,2.2341726,1.2555676,0.80187225,0.73678017,0.74748707
E14001330,Lewes,12.592801,10.353078,8.190798,-1.2942498,-3.0815904,3.8734388,1.6341228,0.86034966,1.0229146,0.7564666
E14001331,Lewisham East,5.403718,10.128312,-0.2817704,-2.5151255,-4.34311,2.467931,2.3610039,0.8864269,1.0457821,0.7603445
E14001332,Lewisham North,5.403718,10.128312,-0.2817704,-2.5151255,-4.34311,2.467931,2.3610039,0.8864269,1.0457821,0.7603445
E14001333,Lewisham West and East Dulwich,5.403718,10.128312,-0.2817704,-2.5151255,-4.34311,2.467931,2.3610039,0.8864269,1.0457821,0.7603445
E14001334,Leyton and Wanstead,0.3380348,10.147084,-0.7710945,-1.814194,-4.381457,3.3255205,2.4181328,0.90006065,1.0286427,0.75687695
E14001335,Lichfield,-3.1534214,8.504322,6.356476,-4.516175,3.6691718,-0.03005457,1.6007247,0.8522601,0.8209083,0.75134706
E14001336,Lincoln,-2.5173566,9.01844,1.0165744,-3.6119316,-0.85774183,1.027331,2.014225,0.85599136,1.1486683,0.75193596
E14001337,Liverpool Garston,5.1164994,8.234981,8.769938,-3.1347961,-1.0232824,6.239737,0.9589844,0.7451744,0.66152,0.7463093
E14001338,Liverpool Riverside,7.8962846,7.624796,8.245913,-3.1706583,1.3131512,6.2417703,0.95905113,0.7888794,0.66785145,0.74180126
E14001339,Liverpool Walton,7.8962846,7.624796,8.245913,-3.1706583,1.3131512,6.2417703,0.95905113,0.7888794,0.66785145,0.74180126
E14001340,Liverpool Wavertree,7.8962846,7.624796,8.245913,-3.1706583,1.3131512,6.2417703,0.95905113,0.7888794,0.66785145,0.74180126
E14001341,Liverpool West Derby,7.8962846,7.624796,8.245913,-3.1706583,1.3131512,6.2417703,0.95905113,0.7888794,0.66785145,0.74180126
E14001342,Loughborough,-3.9659982,8.862323,9.16708,-4.1384826,4.892665,-1.0089076,2.122429,0.86107254,1.0672226,0.7511482
E14001343,Louth and Horncastle,-1.4244361,8.307819,7.526941,-3.7299535,3.3119707,0.042587172,1.6328686,0.68955404,0.983857,0.74627805
E14001344,Lowestoft,7.674455,10.23835,16.431448,-2.248452,3.232519,-0.27242,1.3510904,0.69414616,1.151288,0.75655365
E14001345,Luton North,2.980874,9.324273,6.747643,-2.6303985,4.069334,-1.0192361,2.3060875,0.8780899,1.0797825,0.75291824
E14001346,Luton South and South Bedfordshire,5.1294503,8.873948,7.924337,-2.7308924,4.081727,-0.006181483,2.037468,0.8789177,1.0742388,0.75473785
E14001347,Macclesfield,9.688934,6.1793256,5.427638,-5.6695633,3.730989,-0.6104728,1.3294606,0.7291336,0.8108187,0.742785
E14001348,Maidenhead,4.845593,9.242549,-2.804632,-1.9060642,4.4233956,0.8674448,1.7886391,0.908556,1.0990887,0.7599125
E14001349,Maidstone and Malling,2.1130006,10.11043,-2.0429585,-2.2519639,-7.681386,2.64715,2.4107094,0.98557854,1.0305691,0.75611115
E14001350,Makerfield,10.947861,6.00852,4.8509326,-4.90055,0.52226895,1.8543214,1.2479496,0.7760315,0.7908354,0.74613476
E14001351,Maldon,-2.6833723,10.6268635,-0.86899394,-1.3865364,-7.7828093,2.6815403,2.2357554,0.8694328,0.9730011,0.75413954
E14001352,Manchester Central,14.96359,5.9035788,5.5889716,-4.783612,-2.3304913,-0.028608983,1.5020828,0.73410034,0.7374201,0.7413988
E14001353,Manchester Rusholme,14.96359,5.9035788,5.5889716,-4.783612,-2.3304913,-0.028608983,1.5020828,0.73410034,0.7374201,0.7413988
E14001354,Manchester Withington,12.730968,5.3430924,4.2195516,-5.184685,-4.027217,-0.107769564,1.4054031,0.77648735,0.71337223,0.74258137
E14001355,Mansfield,-1.0407646,8.271686,14.173262,-2.8708627,1.976857,0.5811606,1.78545,0.83709526,1.1699028,0.75399494
E14001356,Melksham and Devizes,5.697692,7.5562315,9.2904005,-1.7265246,2.3123558,0.17415352,1.4636393,0.9883375,0.92672825,0.75491905
E14001357,Melton and Syston,-3.0837746,9.103387,7.621714,-3.7275276,7.968093,-0.27513713,2.2458704,0.8756736,1.1164333,0.7507395
E14001358,Meriden and Solihull East,0.20133075,9.151639,5.211838,-4.4168925,5.6591663,-1.1138333,1.8681965,0.9029846,0.87790203,0.75427055
E14001359,Mid Bedfordshire,1.5643096,9.673386,4.7506776,-2.5342743,5.14418,-1.3749675,2.4388237,0.86789703,1.0849355,0.75274533
E14001360,Mid Buckinghamshire,8.699286,8.860352,1.3805919,-2.924118,3.083612,0.5573823,1.8682754,0.91419715,1.1323704,0.7552675
E14001361,Mid Cheshire,4.829417,7.974906,5.2100906,-4.7830305,-0.6784204,1.7313077,1.2327309,0.78689003,0.68428516,0.7401967
E14001362,Mid Derbyshire,-5.172677,7.4340525,8.600492,-4.9007664,3.1837628,-0.6604745,1.7170582,0.8462448,0.89678574,0.75703335
E14001363,Mid Dorset and North Poole,6.3632507,8.259528,7.3218675,0.3430926,-2.0194633,2.9984763,1.1621094,0.8745524,0.80896443,0.75376034
E14001364,Mid Leicestershire,-2.1080904,8.611366,10.015578,-4.9895763,5.295837,-1.5538098,1.8760576,0.8583231,1.0313158,0.7505255
E14001365,Mid Norfolk,10.036578,9.945541,20.763407,-2.4595463,14.388617,0.37652007,1.5575153,0.80641395,1.1017134,0.7551862
E14001366,Mid Sussex,12.449657,9.707086,8.253647,-2.3192978,-0.18027513,1.8093175,1.6081066,0.9146118,1.0228233,0.7583065
E14001367,Middlesbrough and Thornaby East,-9.514285,9.710237,6.3008895,-1.9158192,10.263668,4.2084837,1.4274731,0.6010399,0.8984451,0.7461548
E14001368,Middlesbrough South and East Cleveland,-8.128202,9.14753,7.476648,-1.2799844,20.069857,5.1616173,1.3547201,0.54535675,0.9251981,0.7423768
E14001369,Milton Keynes Central,2.3352606,9.84201,3.6541424,-2.7905655,5.0815425,-1.3327107,2.3712883,0.8692684,1.0867453,0.753459
E14001370,Milton Keynes North,2.2277894,9.780665,4.0352745,-2.8792028,5.918129,-1.065754,2.3768013,0.8684654,1.0917438,0.7536656
E14001371,Mitcham and Morden,8.737862,9.995041,-0.69091016,-2.8330176,-8.9995775,2.6782105,2.2188148,0.9055519,1.0616999,0.76114464
E14001372,Morecambe and Lunesdale,22.817575,4.4399867,5.7488217,-4.969802,16.81418,2.0121899,1.02361,0.633861,0.8894634,0.7480741
E14001373,New Forest East,7.4486423,8.667608,5.4314494,0.042916,-1.8350236,2.950548,0.8578129,0.8700452,0.82416034,0.7555294
E14001374,New Forest West,7.7908993,7.9420967,7.391557,-0.9283492,-0.15361094,2.6934063,0.92686653,0.9491005,0.87833214,0.75720596
E14001375,Newark,-3.6482642,9.08447,6.7758083,-3.0624478,0.5859019,0.5577139,2.277881,0.86402446,1.168293,0.75256854
E14001376,Newbury,4.15579,8.332342,-0.5892321,-1.9419844,1.2204115,0.9312164,1.5778637,0.9564104,1.1506963,0.7577057
E14001377,Newcastle upon Tyne Central and West,-9.336228,8.284847,9.835342,-1.7171257,15.525176,3.6993098,0.828516,0.5601845,0.86472225,0.74545383
E14001378,Newcastle upon Tyne East and Wallsend,-8.890519,8.444807,11.381329,-2.3284214,16.879833,3.1671062,0.8190422,0.5026245,0.8635235,0.74226665
E14001379,Newcastle upon Tyne North,-8.264331,8.03853,12.39554,-2.0181744,15.872398,1.4973034,0.42874336,0.48971367,0.8708525,0.74072456
E14001380,Newcastle-under-Lyme,4.929739,7.845864,5.660574,-4.457982,5.113225,1.9037061,1.2321281,0.7667351,0.80157375,0.7409601
E14001381,Newton Abbot,7.1132407,6.9691906,22.054462,-1.3767265,4.710757,0.32335085,0.19374847,0.8334236,0.67572975,0.73249817
E14001382,Newton Aycliffe and Spennymoor,-6.446492,8.589218,5.573026,-2.9495192,3.0950313,1.1992109,1.3721352,0.59022236,0.8760767,0.7502725
E14001383,Normanton and Hemsworth,-4.9496717,8.519461,8.113247,-1.8746264,8.188996,1.2513137,2.0997715,0.7557583,0.9506588,0.7513828
E14001384,North Bedfordshire,1.8841866,9.689705,5.599509,-2.8315513,6.934868,-1.113108,2.4758518,0.87259483,1.1094189,0.75397664
E14001385,North Cornwall,17.63643,7.235164,29.95783,-2.870783,16.954361,0.3820755,0.38697016,0.91861206,0.73677295,0.73011154
E14001386,North Cotswolds,5.1990523,8.616246,4.720313,-2.629459,5.6944203,0.56132275,1.5499747,0.9414842,0.9213013,0.7527083
E14001387,North Devon,15.651624,8.46728,26.547384,-2.9295864,23.330015,1.7971834,0.51561147,0.9359676,0.6788414,0.7369122
E14001388,North Dorset,3.611585,7.720901,4.529686,-0.8347487,-0.22292893,2.428446,1.1126908,1.0050403,0.80369174,0.75570923
E14001389,North Durham,-5.4574447,7.218244,4.806799,-1.9371023,5.4051895,2.1179948,1.1253033,0.62177783,0.88576156,0.7513097
E14001390,North East Cambridgeshire,5.232072,9.905009,11.204273,-3.5029085,13.323344,-0.31939062,2.4411457,0.88270473,1.14148,0.758673
E14001391,North East Derbyshire,-0.8356793,7.7742977,13.899706,-3.0760694,2.3511245,0.19417205,1.6527748,0.791203,0.99407125,0.7551981
E14001392,North East Hampshire,-10.343933,9.237553,-12.166525,-1.0588515,-5.0464115,0.52503234,1.4699049,0.93514633,1.0124726,0.7592578
E14001393,North East Hertfordshire,2.6177964,9.274563,5.37361,-2.6152718,1.7304087,0.6066804,2.508789,0.9186516,1.0938425,0.754632
E14001394,North East Somerset and Hanham,0.8199121,7.6826153,2.1316164,-2.0273032,-7.057666,0.028380945,0.99780273,0.99835587,0.6315398,0.7532053
E14001395,North Herefordshire,-3.230741,8.091404,3.7877066,-2.5652962,3.0334208,1.2765514,1.0929718,0.9470187,0.6890581,0.7565004
E14001396,North Norfolk,6.1686616,9.998698,11.935482,-1.6375704,17.6615,2.9194438,0.97114784,0.71937877,1.1018583,0.76118517
E14001397,North Northumberland,3.3338587,7.896057,9.125924,-2.0941103,13.860436,2.0993378,0.666073,0.5770355,0.82307357,0.74518114
E14001398,North Shropshire,2.918567,9.075183,8.472699,-2.75803,-1.0691388,0.60452306,1.4619143,0.8482456,0.7493481,0.7506682
E14001399,North Somerset,1.5904933,8.819392,3.4330797,-1.9108367,-5.0721793,1.4063964,0.6400566,0.97535133,0.5199537,0.75418663
E14001400,North Warwickshire and Bedworth,-1.3673625,9.374637,7.6536074,-4.2917657,8.784048,-1.1269608,2.0000496,0.87191963,0.88931274,0.75214005
E14001401,North West Cambridgeshire,3.1137629,10.170076,9.657393,-3.9604332,21.10909,-1.5242274,2.4231777,0.8769665,1.1218729,0.75806713
E14001402,North West Essex,3.5514877,9.834568,3.8501556,-2.624722,-0.025340175,0.33959848,2.607806,0.9394825,1.0691665,0.7547056
E14001403,North West Hampshire,2.2112043,8.148724,-1.1186774,-1.5597514,4.8066597,1.3476753,1.4329535,0.979578,1.0817881,0.758729
E14001404,North West Leicestershire,-3.7864423,8.54805,10.187123,-5.4739075,7.394444,-1.6233499,1.895134,0.8410435,0.9736457,0.7521944
E14001405,North West Norfolk,6.2121477,9.591193,14.955119,-3.0589297,11.649436,2.5653207,1.5680943,0.81869507,1.0943371,0.7608566
E14001406,Northampton North,1.0321488,9.312829,3.8492973,-2.8367455,10.109872,0.043526772,2.3922863,0.874321,1.0987473,0.7535629
E14001407,Northampton South,2.4827857,9.417809,3.2208157,-2.686507,7.526322,0.16350314,2.3537426,0.8762932,1.0910788,0.7535696
E14001408,Norwich North,8.924172,10.158428,18.360538,-2.2403424,21.974003,-0.47895306,0.92184067,0.7440376,1.1245279,0.75485325
E14001409,Norwich South,8.34751,10.158317,17.577303,-3.0219193,14.167082,-1.4383335,1.3793297,0.75696754,1.1185608,0.7553196
E14001410,Nottingham East,-6.016196,8.435847,10.144597,-4.423189,3.043782,-1.6886483,2.0243168,0.8651962,1.0086832,0.75597763
E14001411,Nottingham North and Kimberley,-6.016196,8.435847,10.144597,-4.423189,3.043782,-1.6886483,2.0243168,0.8651962,1.0086832,0.75597763
E14001412,Nottingham South,-6.016196,8.435847,10.144597,-4.423189,3.043782,-1.6886483,2.0243168,0.8651962,1.0086832,0.75597763
E14001413,Nuneaton,-1.1082263,9.4898,8.30128,-4.463277,9.202872,-1.1397183,2.0632172,0.86475563,0.9217949,0.75152874
E14001414,Old Bexley and Sidcup,2.8463502,10.4158535,0.19413337,-2.3647408,-5.0772433,2.5632765,2.4477196,0.90042305,1.0277767,0.7571707
E14001415,Oldham East and Saddleworth,14.121993,5.417307,6.6102266,-4.4821305,6.2127357,0.080327146,1.4767914,0.7273388,0.9396777,0.74765587
E14001416,"Oldham West, Chadderton and Royton",15.675253,4.996522,5.677306,-3.585171,3.5625796,0.35833842,1.3667316,0.73766136,0.8789444,0.7473974
E14001417,Orpington,9.1168995,9.922065,2.6099336,-4.109918,-0.32245755,1.3936329,2.2834969,0.9473858,1.0506821,0.75863934
E14001418,Ossett and Denby Dale,-2.392451,7.5063457,6.1409063,-2.419748,4.618271,-0.13539755,1.7701159,0.7464056,0.94758034,0.7509074
E14001419,Oxford East,5.7317443,8.793745,-3.0219812,-2.7651255,-2.3952131,0.114024594,1.8062496,0.921196,1.135108,0.75668526
E14001420,Oxford West and Abingdon,6.194978,8.709984,-0.74079347,-2.5544848,-0.4207034,0.8341688,1.847168,0.9149399,1.0786524,0.7575369
E14001421,Peckham,5.403718,10.128312,-0.2817704,-2.5151255,-4.34311,2.467931,2.3610039,0.8864269,1.0457821,0.7603445
E14001422,Pendle and Clitheroe,17.505617,5.594063,8.000712,-2.3120766,12.057636,2.1512408,1.0064125,0.6974087,0.9511831,0.748538
E14001423,Penistone and Stocksbridge,-0.19046791,6.6180243,9.890094,-3.3393867,1.7573639,-1.2605573,1.6764215,0.7400424,0.9600461,0.75298387
E14001424,Penrith and Solway,19.492361,5.6814637,7.8962336,-3.6177783,21.398523,3.2756798,0.72763187,0.6688413,0.8066826,0.74401176
E14001425,Peterborough,4.2282867,10.073667,10.272717,-3.763291,19.421543,-1.0566394,2.4817047,0.87963295,1.1296959,0.7585554
E14001426,Plymouth Moor View,5.96662,5.2497063,18.942074,-2.24631,3.1746998,-1.6093642,0.31998634,0.8486042,0.697505,0.7351141
E14001427,Plymouth Sutton and Devonport,5.96662,5.2497063,18.942074,-2.24631,3.1746998,-1.6093642,0.31998634,0.8486042,0.697505,0.7351141
E14001428,"Pontefract, Castleford and Knottingley",-3.3470576,8.620176,8.182461,-1.9823754,8.805045,1.3382537,2.1180668,0.7578049,0.97149754,0.7502346
E14001429,Poole,7.0636606,9.239348,8.768874,0.654051,-4.209079,3.8185313,1.1098633,0.8312683,0.7902117,0.75113106
E14001430,Poplar and Limehouse,3.1795316,10.020408,-1.3573028,-2.1105087,-5.926055,2.881684,2.3041344,0.8914833,1.0387592,0.7584171
E14001431,Portsmouth North,12.442473,9.422715,7.2936177,1.3645191,6.8078413,2.217079,0.64759064,0.7883949,0.9648695,0.76091766
E14001432,Portsmouth South,12.442473,9.422715,7.2936177,1.3645191,6.8078413,2.217079,0.64759064,0.7883949,0.9648695,0.76091766
E14001433,Preston,15.674289,6.6263227,8.609977,-4.346919,3.501659,1.9568324,1.3073235,0.6967602,0.81996727,0.742218
E14001434,Putney,8.737862,9.995041,-0.69091016,-2.8330176,-8.9995775,2.6782105,2.2188148,0.9055519,1.0616999,0.76114464
E14001435,Queen's Park and Maida Vale,8.485678,9.673448,-0.8534898,-2.9478312,-8.008878,2.3661466,2.1934261,0.90774536,1.0605288,0.7609577
E14001436,Rawmarsh and Conisbrough,-0.50929,8.80601,11.279021,-2.4332895,-0.5385368,0.36278138,2.0186844,0.8273754,1.0985165,0.7523346
E14001437,Rayleigh and Wickford,-3.1645174,10.789689,-4.1533513,-1.158927,-8.346787,3.1293695,2.2681313,0.8590908,0.99062157,0.752676
E14001438,Reading Central,-4.232787,9.047502,-8.335784,-1.8505696,5.334961,-0.56249255,1.7286472,0.92220306,1.1091852,0.7603121
E14001439,Reading West and Mid Berkshire,-1.2632213,8.888432,-6.500517,-1.6008306,3.050943,0.3528858,1.648551,0.925869,1.1400638,0.75910187
E14001440,Redcar,-8.514446,9.191604,6.99538,-1.6207103,15.692176,4.5180387,1.3842449,0.5631466,0.922287,0.7439537
E14001441,Redditch,-3.1996098,8.980072,4.1871977,-3.8453999,6.39522,-0.5958109,1.216814,0.90252113,0.8288188,0.7551837
E14001442,Reigate,12.874788,9.828032,1.9765705,-3.2899241,-1.4403485,1.9718776,2.177702,0.9509163,1.058775,0.759285
E14001443,Ribble Valley,17.950481,5.637353,8.794586,-4.0344443,8.217237,2.263817,1.1667593,0.69537735,0.88141006,0.74683344
E14001444,Richmond and Northallerton,5.038174,6.837292,3.5942364,-2.655712,13.158413,2.0528436,1.1734437,0.6839166,0.93594426,0.7588034
E14001445,Richmond Park,10.903439,9.806672,0.4983571,-2.283961,-8.78719,2.462483,2.1144218,0.90616035,1.088067,0.7595329
E14001446,Rochdale,14.040683,5.3962646,6.9854326,-3.5240922,10.706675,2.2618449,1.3227196,0.74917984,0.9873915,0.749033
E14001447,Rochester and Strood,-2.1062055,10.632814,-2.4268544,-0.061567053,-9.869252,4.9225636,2.3156576,0.8347616,1.0093079,0.75419855
E14001448,Romford,1.0086956,10.271554,-0.3986637,-1.8691242,-4.7089243,3.3482683,2.4331703,0.9133949,1.0254679,0.7560911
E14001449,Romsey and Southampton North,8.381736,7.409165,6.6609135,-1.6789637,8.1116705,1.3440862,1.2073412,1.004457,0.97134924,0.7603245
E14001450,Rossendale and Darwen,15.228409,4.932254,5.5845065,-4.589083,4.610393,0.8996378,1.1240063,0.73561764,0.97512317,0.7489655
E14001451,Rother Valley,-0.051129423,8.760572,14.060189,-2.613421,0.6302811,0.2671866,1.8851566,0.8376465,1.1664896,0.7531071
E14001452,Rotherham,-2.3949912,8.814743,12.598473,-2.2867627,1.0051185,0.19568552,1.9710941,0.8064728,1.0298119,0.7531357
E14001453,Rugby,-0.4775766,9.816066,6.065935,-4.0343633,5.3210726,-0.44925445,2.1625977,0.88090515,1.0424986,0.7496538
E14001454,"Ruislip, Northwood and Pinner",15.152502,9.187755,3.9861553,-2.9431345,-0.6468788,1.0125145,1.9700832,0.92090034,1.1203384,0.7595358
E14001455,Runcorn and Helsby,5.4061737,7.6600637,7.967302,-3.6982617,-1.5787814,4.8446054,1.031868,0.7683468,0.6728344,0.746264
E14001456,Runnymede and Weybridge,11.547911,9.742715,0.79914397,-2.45031,-5.579752,1.7545668,1.9932289,0.9413452,1.0664253,0.75900936
E14001457,Rushcliffe,-5.1705303,8.714705,9.858856,-4.363818,4.2271676,-1.3458612,2.0629396,0.86434937,1.0476465,0.75316334
E14001458,Rutland and Stamford,-2.1986647,9.534789,8.066327,-3.6862485,17.13,-0.5025445,2.3789895,0.89066017,1.1210613,0.75471145
E14001459,Salford,12.730968,5.3430924,4.2195516,-5.184685,-4.027217,-0.107769564,1.4054031,0.77648735,0.71337223,0.74258137
E14001460,Salisbury,6.972615,7.5895863,7.9642467,-1.2460169,3.2797337,2.1515555,1.334993,1.0060778,0.92939186,0.75800925
E14001461,Scarborough and Whitby,-1.122191,7.7140636,11.307526,-2.194957,20.180237,4.663791,1.3757597,0.61629456,0.9297135,0.7452144
E14001462,Scunthorpe,-3.2611153,8.33097,9.5736475,-3.007124,1.5675325,3.1793606,1.7745342,0.7126217,0.9596669,0.746048
E14001463,Sefton Central,7.888868,7.878422,5.6680255,-3.8557186,6.4535217,3.7213285,1.2472,0.7005367,0.703496,0.74769115
E14001464,Selby,-1.9497384,8.466056,6.8794713,-2.0537093,8.046691,2.2395124,1.9647573,0.73396426,0.9752738,0.7481108
E14001465,Sevenoaks,7.1253595,9.944029,2.113111,-3.2948308,-3.8129196,2.1715431,2.3451824,0.9472389,1.0462437,0.75804234
E14001466,Sheffield Brightside and Hillsborough,-2.3507586,8.458144,14.8307085,-2.3925736,1.9346962,-0.3466812,1.7670574,0.784153,0.9564152,0.7537966
E14001467,Sheffield Central,-1.2045194,7.894529,15.372663,-2.9545395,2.3799558,0.06621779,1.628027,0.78733444,0.9723959,0.75497246
E14001468,Sheffield Hallam,-0.20165771,7.0635185,12.702593,-3.1917048,1.9171245,-1.4330544,1.6315098,0.73548317,0.9473467,0.75433016
E14001469,Sheffield Heeley,-1.2045194,7.894529,15.372663,-2.9545395,2.3799558,0.06621779,1.628027,0.78733444,0.9723959,0.75497246
E14001470,Sheffield South East,-2.3507586,8.458144,14.8307085,-2.3925736,1.9346962,-0.3466812,1.7670574,0.784153,0.9564152,0.7537966
E14001471,Sherwood Forest,-2.702688,8.4477625,11.778592,-3.0371463,1.7681316,-0.49504364,2.0332253,0.8701833,1.1520767,0.75447434
E14001472,Shipley,7.15687,6.960873,5.826473,-2.2556305,13.052109,1.9451399,1.4233398,0.7337494,0.96213436,0.7516084
E14001473,Shrewsbury,1.9445306,9.195011,8.344949,-2.8745642,1.4832906,-0.8048475,1.5980806,0.86922836,0.7619848,0.74754477
E14001474,Sittingbourne and Sheppey,-2.6290302,10.509179,-1.874144,0.5796896,-10.750582,5.84735,2.1513348,0.80127716,1.0051546,0.75868607
E14001475,Skipton and Ripon,12.735736,5.3638906,6.0888023,-2.7536323,14.935801,2.1411693,1.2038425,0.686646,0.95868224,0.7575011
E14001476,Sleaford and North Hykeham,-3.9184647,9.124218,2.7986193,-3.7747238,-0.18099661,-0.10882274,2.1375701,0.855025,1.1268393,0.75240725
E14001477,Slough,12.563125,8.730091,3.082669,-2.9305522,1.8991779,0.48331538,1.8106117,0.93839073,1.138483,0.7609463
E14001478,Smethwick,0.4950646,8.495418,5.173617,-4.5067177,7.3670106,-0.9885331,1.2513027,0.887228,0.76334286,0.75566864
E14001479,Solihull West and Shirley,0.26656017,8.726069,5.7940626,-4.4317074,7.944042,-1.3361487,1.6972656,0.90947723,0.8031149,0.75487995
E14001480,South Basildon and East Thurrock,0.60533667,10.599063,-3.132865,-1.7771881,-7.1768255,2.098592,2.3698578,0.8911629,1.0113049,0.7544861
E14001481,South Cambridgeshire,3.5582733,9.662338,7.1145797,-3.1168537,2.9353154,-0.7232072,2.4101994,0.88864356,1.1576204,0.7538099
E14001482,South Cotswolds,5.8988786,7.670709,6.3108654,-1.7543865,0.6020557,0.46527562,1.4032065,0.9509662,0.8617199,0.754731
E14001483,South Derbyshire,-4.947962,8.413784,8.513173,-5.4501266,4.992041,-1.100733,1.7971516,0.8365574,0.9183521,0.75385714
E14001484,South Devon,5.5331955,5.2218904,16.415545,-1.4399531,0.39134923,-0.82788104,0.43114623,0.8553597,0.7045984,0.73364985
E14001485,South Dorset,2.3040636,8.364369,0.7606744,0.56005,3.5594122,2.7374334,1.0568142,0.9046714,0.7893715,0.7539714
E14001486,South East Cornwall,16.115667,5.231774,28.618574,-2.275881,15.702212,-1.0712997,0.3306643,0.8759594,0.7211825,0.7337138
E14001487,South Holland and The Deepings,1.0252954,9.811864,11.612616,-3.878662,14.853358,0.08543195,2.1661737,0.8471598,1.1086522,0.7556872
E14001488,South Leicestershire,-0.3788005,9.457735,7.607132,-4.2268724,6.645999,-0.91025865,2.1271567,0.8736677,1.0636144,0.74992657
E14001489,South Norfolk,8.393236,10.145123,17.78562,-3.0138018,12.821826,-1.4454913,1.394043,0.7624429,1.1203791,0.75525695
E14001490,South Northamptonshire,4.3669677,9.318351,4.1023765,-2.6790211,5.2596083,0.0526575,2.2697046,0.8894825,1.0909878,0.75374174
E14001491,South Ribble,11.943136,6.8866487,6.959329,-4.621465,3.3324018,2.0726638,1.3793459,0.74549294,0.7851567,0.74325085
E14001492,South Shields,-8.365412,8.013046,8.255389,-2.4891653,6.3346677,0.9644311,0.81458473,0.49530602,0.8660383,0.7445345
E14001493,South Shropshire,0.76210755,8.43642,6.811893,-3.4690552,3.1290863,0.5202327,1.4550511,0.90183806,0.7559014,0.7525948
E14001494,South Suffolk,6.3147683,10.070214,18.50732,-2.9278724,4.4070086,0.9709823,2.0876637,0.8146451,0.99523515,0.7553625
E14001495,South West Devon,6.1533513,4.915781,18.65896,-1.9774474,2.2286112,-1.8563651,0.3362198,0.85197705,0.7187827,0.7340339
E14001496,South West Hertfordshire,9.801369,8.925651,6.4317465,-2.651932,0.57723993,0.5227383,1.9045906,0.8857231,1.0881653,0.75773716
E14001497,South West Norfolk,8.554082,9.690345,19.61638,-3.2782872,13.938052,0.97823846,1.947897,0.8352383,1.1189384,0.75613916
E14001498,South West Wiltshire,4.9335213,7.830784,7.554832,-1.0824068,0.035700124,1.558361,1.2819113,0.9968281,0.82286614,0.7536332
E14001499,Southampton Itchen,10.381987,7.745634,6.7322426,-0.44203475,2.8869767,2.2347887,1.1081066,0.91607285,0.8060217,0.75797176
E14001500,Southampton Test,8.865876,7.816692,6.396676,-0.43781427,1.376883,3.0169318,1.1761723,0.91908646,0.7783947,0.75750446
E14001501,Southend East and Rochford,-8.254097,10.984738,-1.4766403,0.4104732,-6.8615975,5.253846,2.0999832,0.8012295,0.9603033,0.76438
E14001502,Southend West and Leigh,-7.522942,10.781904,-2.9133093,-0.32007992,-8.257517,3.9112759,2.173729,0.8034344,0.97773457,0.75503254
E14001503,Southgate and Wood Green,6.5412683,9.639817,4.172459,-2.609798,-1.4233673,1.8932557,2.190527,0.88988304,1.0489454,0.75628567
E14001504,Southport,10.442352,8.616243,6.427486,-3.4208856,2.412498,3.170217,1.1994305,0.7146826,0.7443509,0.7498231
E14001505,Spelthorne,11.600516,9.644432,1.8893964,-2.467,-5.5896497,1.9545803,2.0383778,0.930418,1.1197147,0.76032734
E14001506,Spen Valley,-0.7734346,7.7706532,6.1855173,-1.8219001,6.94397,0.49330574,1.688509,0.7460785,0.9380894,0.75069714
E14001507,St Albans,8.16586,9.414085,6.007785,-2.7599978,-0.20993522,1.8226318,2.029005,0.90893936,1.0643635,0.75673866
E14001508,St Austell and Newquay,12.600444,6.4585514,23.55588,-1.7959065,11.078509,-0.17818174,0.51686096,0.8393345,0.7279024,0.72257614
E14001509,St Helens North,7.952305,6.4204583,6.195765,-3.92937,-0.65782356,3.6827338,1.158659,0.78899384,0.71928215,0.74864006
E14001510,St Helens South and Whiston,7.952305,6.4204583,6.195765,-3.92937,-0.65782356,3.6827338,1.158659,0.78899384,0.71928215,0.74864006
E14001511,St Ives,-3.6345894,6.957546,15.276885,-3.2746966,3.4214084,-0.5911775,0.2933537,0.8622653,0.6649774,0.70452577
E14001512,St Neots and Mid Cambridgeshire,5.566223,9.774175,6.760117,-3.263737,5.20517,-1.239154,2.3457363,0.89153165,1.1573652,0.7549874
E14001513,Stafford,0.76059365,8.572636,6.742285,-3.812759,5.554786,0.9784718,1.5669765,0.84203815,0.8021095,0.7472644
E14001514,Staffordshire Moorlands,-0.061355352,5.648522,5.662921,-5.2003937,5.7463703,0.6622032,1.4832196,0.7504678,0.91726196,0.750857
E14001515,Stalybridge and Hyde,13.792019,5.730605,7.545823,-5.013533,2.8044434,-0.51169723,1.5828114,0.71780396,0.8307123,0.74478006
E14001516,Stevenage,1.6347263,9.4260235,6.1671467,-2.4216747,2.163956,-0.79572946,2.5337563,0.8976288,1.0776348,0.7532835
E14001517,Stockport,14.96359,5.9035788,5.5889716,-4.783612,-2.3304913,-0.028608983,1.5020828,0.73410034,0.7374201,0.7413988
E14001518,Stockton North,-9.34969,9.842325,5.6613617,-2.252195,6.781084,2.7200541,1.434864,0.63664436,0.8808117,0.7485666
E14001519,Stockton West,-7.7610717,9.463314,5.047955,-2.4744277,4.3768,1.60734,1.4347019,0.659153,0.87611485,0.75239086
E14001520,Stoke-on-Trent Central,3.6052136,7.0803485,5.429534,-4.7987895,4.7896595,0.9908004,1.199707,0.75458145,0.84181213,0.7449827
E14001521,Stoke-on-Trent North,3.6052136,7.0803485,5.429534,-4.7987895,4.7896595,0.9908004,1.199707,0.75458145,0.84181213,0.7449827
E14001522,Stoke-on-Trent South,-0.95654994,7.2343993,5.7355742,-4.60521,4.634787,1.2261647,1.4138025,0.7971986,0.85329276,0.7496751
E14001523,"Stone, Great Wyrley and Penkridge",-2.296012,9.105407,6.801001,-4.179378,3.1116295,0.15277126,1.5003802,0.87367696,0.7847163,0.749506
E14001524,Stourbridge,0.046183325,8.575574,4.889543,-4.637172,5.9964337,-0.36580002,0.78323555,0.8977604,0.7299986,0.75487614
E14001525,Stratford and Bow,3.1795316,10.020408,-1.3573028,-2.1105087,-5.926055,2.881684,2.3041344,0.8914833,1.0387592,0.7584171
E14001526,Stratford-on-Avon,3.1403148,9.325055,3.7879872,-3.588628,5.1827545,-0.5700401,1.6805798,0.9075661,0.9690998,0.75384504
E14001527,Streatham and Croydon North,5.403718,10.128312,-0.2817704,-2.5151255,-4.34311,2.467931,2.3610039,0.8864269,1.0457821,0.7603445
E14001528,Stretford and Urmston,12.730968,5.3430924,4.2195516,-5.184685,-4.027217,-0.107769564,1.4054031,0.77648735,0.71337223,0.74258137
E14001529,Stroud,0.98607504,8.256882,4.507989,-1.9124448,1.6936064,1.5969191,1.239274,0.94838333,0.66459227,0.75411606
E14001530,Suffolk Coastal,8.496086,10.140009,15.174069,-1.4716638,2.9476979,1.0876913,1.6548767,0.7326229,1.0618541,0.7571352
E14001531,Sunderland Central,-8.365412,8.013046,8.255389,-2.4891653,6.3346677,0.9644311,0.81458473,0.49530602,0.8660383,0.7445345
E14001532,Surrey Heath,2.6944768,9.483821,-3.7259116,-1.5072862,3.829024,1.3502159,1.7509117,0.9223976,1.011261,0.7578697
E14001533,Sussex Weald,12.6530075,9.768312,6.7709856,-2.066106,-1.8855951,3.907946,1.7238147,0.9305366,1.0365149,0.7573282
E14001534,Sutton and Cheam,12.874788,9.828032,1.9765705,-3.2899241,-1.4403485,1.9718776,2.177702,0.9509163,1.058775,0.759285
E14001535,Sutton Coldfield,-1.2576765,9.076996,5.9524713,-4.0415382,7.254757,-1.0524918,1.7626953,0.88243294,0.8082304,0.7527561
E14001536,Swindon North,6.181792,8.246521,4.4194427,-1.524604,2.5089443,0.75988173,1.5290375,0.9518719,1.0611963,0.7554369
E14001537,Swindon South,5.249113,8.046612,4.878091,-1.6989702,-0.5964278,0.38767606,1.5980473,0.9722233,1.0643492,0.75575066
E14001538,Tamworth,-3.3358052,9.066416,7.4458556,-4.7150497,6.2463937,-0.7903294,1.8165035,0.85541916,0.85608006,0.75101185
E14001539,Tatton,8.9804945,6.596741,5.5408196,-4.9994903,-1.9926411,0.61671585,1.2258466,0.7823302,0.67179805,0.7408819
E14001540,Taunton and Wellington,4.388356,8.231846,17.464165,-2.1279721,10.030951,1.5897121,0.46344376,0.9890003,0.62230587,0.7491679
E14001541,Telford,-2.4715438,9.228559,6.244256,-4.0497465,3.551526,-1.095779,1.6833668,0.90400124,0.7413006,0.7499685
E14001542,Tewkesbury,1.9823141,9.26424,5.753681,-2.6463823,8.546712,0.9862044,1.5000648,0.956075,0.8444188,0.75214005
E14001543,The Wrekin,-1.5000081,9.163204,6.82105,-3.8574224,2.2613342,-0.64188445,1.6318202,0.8938732,0.7445924,0.74960876
E14001544,Thirsk and Malton,-1.9053961,7.9488287,8.606764,-2.9711626,11.95079,2.7156887,1.6037422,0.6993088,0.92675483,0.7508371
E14001545,Thornbury and Yate,1.4667091,8.04252,3.6635194,-1.8822368,-4.172756,1.7033583,1.1132939,0.9732159,0.6265114,0.755542
E14001546,Thurrock,1.6070393,10.621299,-1.0191911,-1.8511868,-6.0751944,2.6289086,2.452734,0.90265274,1.0220022,0.75594044
E14001547,Tipton and Wednesbury,-0.9446555,9.2937,6.434267,-4.605049,3.155395,-0.37898043,1.2642593,0.9025345,0.7512388,0.75078297
E14001548,Tiverton and Minehead,16.677683,7.680692,26.841051,-2.4762821,23.232925,1.3403629,0.22861321,0.9462382,0.6367429,0.7459135
E14001549,Tonbridge,8.571026,9.711565,2.7535365,-2.6406176,-3.2432327,2.02476,2.0627377,0.9692262,1.041679,0.7590777
E14001550,Tooting,8.737862,9.995041,-0.69091016,-2.8330176,-8.9995775,2.6782105,2.2188148,0.9055519,1.0616999,0.76114464
E14001551,Torbay,5.5952687,6.4289107,17.117851,-0.73201066,1.7787172,0.34657928,0.44104767,0.82334137,0.68827057,0.73124504
E14001552,Torridge and Tavistock,11.144214,7.317006,24.769413,-2.153968,11.35771,0.95446485,0.47464383,0.929557,0.71996456,0.73490864
E14001553,Tottenham,3.1795316,10.020408,-1.3573028,-2.1105087,-5.926055,2.881684,2.3041344,0.8914833,1.0387592,0.7584171
E14001554,Truro and Falmouth,4.835599,7.0418415,18.524372,-2.1365945,2.1704023,-0.8367041,0.5563698,0.8503882,0.70360786,0.717782
E14001555,Tunbridge Wells,8.240116,9.751628,2.921146,-1.9561983,-6.420513,3.348401,1.9498367,0.9765558,1.0376625,0.75818205
E14001556,Twickenham,10.903439,9.806672,0.4983571,-2.283961,-8.78719,2.462483,2.1144218,0.90616035,1.088067,0.7595329
E14001557,Tynemouth,-7.6715045,8.07796,11.582576,-1.3343242,14.977055,0.49041668,0.48434067,0.5938511,0.86574745,0.7489271
E14001558,Uxbridge and South Ruislip,15.152502,9.187755,3.9861553,-2.9431345,-0.6468788,1.0125145,1.9700832,0.92090034,1.1203384,0.7595358
E14001559,Vauxhall and Camberwell Green,5.403718,10.128312,-0.2817704,-2.5151255,-4.34311,2.467931,2.3610039,0.8864269,1.0457821,0.7603445
E14001560,Wakefield and Rothwell,-4.9496717,8.519461,8.113247,-1.8746264,8.188996,1.2513137,2.0997715,0.7557583,0.9506588,0.7513828
E14001561,Wallasey,7.7076325,9.584195,9.920636,-2.2677672,1.1494355,7.089176,0.7885742,0.80500793,0.66652966,0.75027084
E14001562,Walsall and Bloxwich,-0.31852183,8.905696,5.521495,-4.604797,5.5278497,-1.0286521,1.4931965,0.8811493,0.7771673,0.75121593
E14001563,Walthamstow,3.1795316,10.020408,-1.3573028,-2.1105087,-5.926055,2.881684,2.3041344,0.8914833,1.0387592,0.7584171
E14001564,Warrington North,7.770656,5.607269,4.383216,-4.6409793,-3.8624763,2.2341726,1.2555676,0.80187225,0.73678017,0.74748707
E14001565,Warrington South,6.517069,6.873028,6.2044096,-4.7182508,-2.2376633,1.5387682,1.1942387,0.8044243,0.68987274,0.74394417
E14001566,Warwick and Leamington,1.8707283,9.709074,3.4517176,-3.7031322,2.8494012,-0.97929853,2.1533203,0.8941479,1.0385866,0.7516546
E14001567,Washington and Gateshead South,-8.890519,8.444807,11.381329,-2.3284214,16.879833,3.1671062,0.8190422,0.5026245,0.8635235,0.74226665
E14001568,Watford,9.801369,8.925651,6.4317465,-2.651932,0.57723993,0.5227383,1.9045906,0.8857231,1.0881653,0.75773716
E14001569,Waveney Valley,8.862505,10.278926,19.498545,-3.0885186,7.7479897,-0.24110879,1.9055945,0.78168327,1.0892878,0.75515556
E14001570,Weald of Kent,6.3386526,9.999454,1.6324743,-1.221312,-9.338217,2.9541898,2.1298785,0.9528611,1.0193231,0.7560886
E14001571,Wellingborough and Rushden,1.1991175,9.802874,5.119672,-3.5604923,12.239302,-0.8659146,2.4567385,0.8578434,1.1099997,0.75491714
E14001572,Wells and Mendip Hills,0.8213997,7.932265,3.692353,-2.3208616,-2.5323129,0.15239938,0.8127282,1.0225521,0.5939123,0.7537988
E14001573,Welwyn Hatfield,3.4431343,9.573737,5.732343,-2.3495533,2.0606267,1.0096765,2.426693,0.88084984,1.0495462,0.7546272
E14001574,West Bromwich,-0.31852183,8.905696,5.521495,-4.604797,5.5278497,-1.0286521,1.4931965,0.8811493,0.7771673,0.75121593
E14001575,West Dorset,-0.33954296,7.3504167,2.9767962,-1.0490677,0.5752019,1.870278,0.83475935,0.9345163,0.74868023,0.7514621
E14001576,West Ham and Beckton,0.3380348,10.147084,-0.7710945,-1.814194,-4.381457,3.3255205,2.4181328,0.90006065,1.0286427,0.75687695
E14001577,West Lancashire,10.647821,7.128897,6.293606,-4.266778,3.4693801,3.1654086,1.3146973,0.76119804,0.7328582,0.7440119
E14001578,West Suffolk,7.7960763,10.084274,15.98778,-2.4346445,12.0741205,1.0916718,2.2575474,0.8440097,1.1096886,0.754376
E14001579,West Worcestershire,-4.049672,9.139778,4.9681673,-2.7696931,5.583939,0.44358125,1.3454753,0.93731964,0.7534196,0.75448227
E14001580,Westmorland and Lonsdale,24.772066,3.4826267,5.053649,-3.8327596,30.858677,2.307057,0.93593127,0.66082484,0.86113673,0.75795823
E14001581,Weston-super-Mare,3.2702513,8.485761,7.277918,-1.9875017,1.0598706,0.90276927,0.5202141,0.9736004,0.5250397,0.7574482
E14001582,Wetherby and Easingwold,0.7082832,8.38046,5.71769,-2.2685509,12.606032,2.9397914,1.9284992,0.7573583,0.9449612,0.7523718
E14001583,Whitehaven and Workington,-2.5028849,4.647522,-2.385811,-5.243521,5.4390087,3.5643537,0.74453163,0.61480856,0.85074174,0.7340759
E14001584,Widnes and Halewood,5.1164994,8.234981,8.769938,-3.1347961,-1.0232824,6.239737,0.9589844,0.7451744,0.66152,0.7463093
E14001585,Wigan,10.303221,5.6780815,3.5748925,-5.0036583,-1.8481053,1.4484198,1.2199221,0.7741623,0.82153654,0.74687815
E14001586,Wimbledon,8.737862,9.995041,-0.69091016,-2.8330176,-8.9995775,2.6782105,2.2188148,0.9055519,1.0616999,0.76114464
E14001587,Winchester,7.971119,7.7489486,4.3478827,-0.697638,6.8788185,1.725935,0.94060516,0.96548843,0.92441064,0.758988
E14001588,Windsor,8.637769,9.471053,0.2129792,-2.4587767,-1.6600517,1.4716575,1.8885422,0.92184067,1.1135464,0.7607355
E14001589,Wirral West,6.1972494,8.848636,11.256261,-2.4843426,0.5318309,6.1361375,0.753809,0.7427101,0.66564655,0.7415514
E14001590,Witham,0.47112858,10.279742,3.9137654,-2.2715154,-5.298854,1.3995318,2.4040036,0.8706174,0.9746263,0.75477314
E14001591,Witney,7.8742237,8.384986,3.0292385,-2.3637962,4.333629,0.70763046,1.7843424,0.9335747,1.0719773,0.7569418
E14001592,Woking,7.7290654,9.693683,-0.81224024,-2.0142229,-1.1813015,1.7012628,1.8422203,0.93532753,1.042325,0.7583885
E14001593,Wokingham,-0.30948675,9.133334,-6.0655365,-1.8999085,5.4352574,-0.07175202,1.7314129,0.9034023,1.0944071,0.7603073
E14001594,Wolverhampton North East,-0.9446555,9.2937,6.434267,-4.605049,3.155395,-0.37898043,1.2642593,0.9025345,0.7512388,0.75078297
E14001595,Wolverhampton South East,-0.9446555,9.2937,6.434267,-4.605049,3.155395,-0.37898043,1.2642593,0.9025345,0.7512388,0.75078297
E14001596,Wolverhampton West,-2.5260794,9.501049,6.0102973,-4.536616,2.543577,0.046982445,1.2638016,0.9067192,0.732049,0.7515259
E14001597,Worcester,-5.731232,9.221212,5.4166746,-3.0902271,6.626525,0.47684032,1.2325516,0.93061256,0.7380314,0.75513077
E14001598,Worsley and Eccles,8.843328,5.392312,4.173727,-4.827185,-4.8655095,1.1074542,1.3315754,0.7885399,0.73237133,0.7458124
E14001599,Worthing West,12.073489,10.668928,6.91007,-0.12695093,2.2078764,3.7450128,1.6333332,0.90945244,1.0228586,0.76136017
E14001600,Wycombe,6.9541206,8.531626,-3.0334163,-2.8678024,4.288279,0.022542007,1.7361317,0.94277763,1.1622181,0.7596407
E14001601,Wyre Forest,-2.7028527,8.840789,5.349386,-3.7615438,4.032902,-0.09256901,0.85608673,0.92222595,0.70409966,0.7548466
E14001602,Wythenshawe and Sale East,12.730968,5.3430924,4.2195516,-5.184685,-4.027217,-0.107769564,1.4054031,0.77648735,0.71337223,0.74258137
E14001603,Yeovil,-1.4918805,8.359147,6.223039,-1.569717,-0.44849387,0.9871071,0.8296871,0.9868571,0.6800397,0.7494151
E14001604,York Central,-1.0900701,8.422686,5.588733,-1.806201,8.205995,3.462208,1.9659176,0.7225323,0.95652676,0.74806786
E14001605,York Outer,-0.58012277,8.433179,6.0640883,-1.9839982,8.32628,3.4126718,1.987348,0.73105556,0.9550517,0.74852437
N05000001,Belfast East,1.2624134,5.7329335,14.998707,-4.5113697,-1.9254091,4.068742,0.8410816,0.65981865,0.817647,0.69155884
N05000002,Belfast North,3.7885554,4.73074,14.167995,-3.5096333,-2.488297,4.4189243,1.2045574,0.65042114,0.81378746,0.69209576
N05000003,Belfast South and Mid Down,2.472475,5.460785,15.185677,-4.2704406,-2.9729872,4.9008737,0.9004555,0.6837635,0.79143906,0.6936245
N05000004,Belfast West,2.472475,5.460785,15.185677,-4.2704406,-2.9729872,4.9008737,0.9004555,0.6837635,0.79143906,0.6936245
N05000005,East Antrim,11.14264,5.206318,15.210768,-3.5432253,8.746504,4.7608624,0.8859904,0.64630103,0.76686096,0.6872549
N05000006,East Londonderry,6.1311917,6.1480336,4.077432,-3.3679593,3.6868422,4.8055797,-0.20256646,0.671429,0.5989,0.6841984
N05000007,Fermanagh and South Tyrone,10.15599,4.8201613,13.980126,-4.7709217,7.1983,3.7575111,0.030784925,0.7107398,0.5305853,0.69171375
N05000008,Foyle,-1.9359125,5.852228,-1.1008594,-3.9018524,-11.890869,4.2359138,0.060546875,0.6213169,0.5993414,0.6754255
N05000009,Lagan Valley,8.360541,6.227817,18.123407,-3.875852,-3.7501848,5.3940587,0.3002183,0.69524086,0.6805875,0.6892605
N05000010,Mid Ulster,32.971645,4.385992,30.569061,-3.4799058,22.712404,4.655502,-1.1396515,0.71126,0.5611561,0.69205004
N05000011,Newry and Armagh,33.40443,5.535276,41.23838,-4.233305,18.207458,4.5906315,-1.3136103,0.7432177,0.51201284,0.6913152
N05000012,North Antrim,16.03208,6.089643,16.122396,-3.7548513,18.764772,4.9553905,0.3123156,0.66551894,0.673631,0.68210983
N05000013,North Down,2.9001641,6.954331,15.596956,-1.9641161,-0.38980836,6.577305,0.97727966,0.5687828,0.8309641,0.68006134
N05000014,South Antrim,7.954333,5.134549,16.01864,-3.3735652,-1.8005031,4.6516523,0.5505535,0.6585922,0.7304779,0.6861404
N05000015,South Down,-4.1065426,5.6237583,8.693699,-4.0450644,-3.777289,4.5504246,0.3098748,0.6981248,0.62824214,0.6887799
N05000016,Strangford,-0.12921108,7.018505,11.490621,-3.9030602,-4.433972,3.6123216,0.6819658,0.6193469,0.7859933,0.6852236
N05000017,Upper Bann,48.177692,6.4602838,51.514027,-3.452379,21.73738,5.322268,-1.2538847,0.74307185,0.54094887,0.6895752
N05000018,West Tyrone,-0.69048136,4.3902664,-0.82759327,-4.3864994,-3.4180582,3.647359,-0.19905598,0.70642376,0.5556373,0.69130945
S14000021,East Renfrewshire,12.35939,4.152392,10.955261,-2.9999046,2.0996354,1.3725483,0.4613285,0.6300125,0.68196917,0.735888
S14000027,Na h-Eileanan an Iar,-0.7236995,1.3244082,-7.269469,-0.8002361,-8.342211,1.6965647,0.6384971,0.42200392,0.69448537,0.65348375
S14000045,Midlothian,30.06538,7.3006883,21.830387,-1.3160696,13.5245075,2.6499026,0.52055645,0.6801939,0.66326666,0.74861586
S14000048,North Ayrshire and Arran,18.136679,4.1601267,6.660486,-3.6563883,9.481234,3.8263974,0.81962514,0.56612873,0.64561033,0.7071598
S14000051,Orkney and Shetland,6.0404696,2.9412873,-1.4772179,1.5411036,2.6519065,3.679327,0.24190773,0.57774836,0.8272381,0.73934054
S14000060,Aberdeen North,1.4972396,6.993311,10.288681,-1.8812292,22.30133,4.500574,1.3840809,0.6275959,0.78775835,0.7477846
S14000061,Aberdeen South,-0.63411874,7.3934407,10.499503,-1.3115206,22.104164,3.9640703,1.3309555,0.6926441,0.7350178,0.73858786
S14000062,Aberdeenshire North and Moray East,1.9928449,7.289496,8.172365,-1.0522157,19.572634,2.735339,0.34599352,0.5742388,0.7415412,0.73428965
S14000063,Airdrie and Shotts,8.285959,5.580023,15.26211,-2.2430696,5.3729305,4.2729664,-0.018945694,0.6688843,0.84322214,0.7440362
S14000064,Alloa and Grangemouth,23.151012,3.2100155,19.43445,-3.3799713,20.177616,5.061461,-0.059862137,0.63214874,0.7411947,0.7665458
S14000065,Angus and Perthshire Glens,14.15731,2.0786893,12.026482,-1.7965333,19.56179,3.701461,0.7429207,0.6445615,0.68740755,0.7951079
S14000066,Arbroath and Broughty Ferry,4.561814,5.7109184,19.208794,-1.4617686,9.940245,4.875229,1.4778544,0.5604019,0.6673792,0.7465787
S14000067,"Argyll, Bute and South Lochaber",21.101006,2.5526884,4.222982,-2.3257499,16.224817,3.0548623,0.45554352,0.5491315,0.6944229,0.71603817
S14000068,Bathgate and Linlithgow,19.73635,6.71661,20.380434,-2.209748,7.6879635,4.5092206,-0.0609684,0.64509964,0.8432908,0.7437186
S14000069,"Caithness, Sutherland and Easter Ross",24.976799,2.7383459,-1.4215008,0.07718065,14.81583,1.6896724,0.9241988,0.5465916,0.67124766,0.7549072
S14000070,Coatbridge and Bellshill,9.126466,5.2087026,13.104383,-2.0925388,0.30898395,4.2319193,-0.017318726,0.65654373,0.74192715,0.7433028
S14000071,Cowdenbeath and Kirkcaldy,24.188457,7.96443,23.992378,-0.76322097,12.504411,3.6890383,0.24497128,0.5312681,0.701159,0.7267842
S14000072,Cumbernauld and Kirkintilloch,13.379376,4.654339,16.969208,-2.355681,5.242797,4.9896317,-0.20436096,0.6517372,0.75224876,0.75098896
S14000073,Dumfries and Galloway,6.692676,2.8580136,9.863272,-3.1383135,3.228765,4.201231,0.7485945,0.6256156,0.7641125,0.7297629
S14000074,"Dumfriesshire, Clydesdale and Tweeddale",23.520927,2.8124082,15.014241,-2.8609138,14.431736,3.5330303,0.5149682,0.6868733,0.7795979,0.753517
S14000075,Dundee Central,8.023405,5.754895,19.961584,-1.3726479,16.410633,5.8394203,0.7029629,0.5755825,0.75841427,0.7630143
S14000076,Dunfermline and Dollar,25.295666,5.566375,22.182281,-2.6012294,13.503527,5.174385,0.034773827,0.5971632,0.756884,0.7514732
S14000077,East Kilbride and Strathaven,7.375898,4.3611283,9.608293,-2.131394,0.8278535,1.5110469,0.3963655,0.64088947,0.74768096,0.73962325
S14000078,Edinburgh East and Musselburgh,25.877783,9.9708395,22.79108,-0.92103314,13.232446,2.8056061,0.37431717,0.611496,0.5861139,0.7329426
S14000079,Edinburgh North and Leith,29.320744,9.297951,23.6897,-2.3659234,9.366984,2.6690564,0.25810623,0.6034317,0.61518764,0.7352042
S14000080,Edinburgh South,29.320744,9.297951,23.6897,-2.3659234,9.366984,2.6690564,0.25810623,0.6034317,0.61518764,0.7352042
S14000081,Edinburgh South West,31.10039,8.421305,24.284836,-1.8251536,7.086447,3.2177072,0.22044373,0.60264397,0.693264,0.73743343
S14000082,Edinburgh West,31.10039,8.421305,24.284836,-1.8251536,7.086447,3.2177072,0.22044373,0.60264397,0.693264,0.73743343
S14000083,Falkirk,14.197268,5.741463,18.670782,-2.6499674,7.6619105,4.664711,-0.14156914,0.660738,0.8254962,0.7466183
S14000084,Glasgow East,11.560278,5.203175,13.315513,-1.7162385,0.742583,4.7293644,-0.009571075,0.64531136,0.69177437,0.7419443
S14000085,Glasgow North,21.739527,4.021099,16.301697,-2.8495045,10.491552,5.796697,-0.2280922,0.6452236,0.6314535,0.7476144
S14000086,Glasgow North East,17.889849,4.315813,16.153313,-2.6172698,7.3098063,5.3438,-0.23177147,0.6525116,0.6784754,0.7503629
S14000087,Glasgow South,16.605268,5.096586,14.350194,-1.9121749,4.8534017,5.8596683,-0.0175457,0.6385021,0.63853264,0.7390981
S14000088,Glasgow South West,16.605268,5.096586,14.350194,-1.9121749,4.8534017,5.8596683,-0.0175457,0.6385021,0.63853264,0.7390981
S14000089,Glasgow West,21.739527,4.021099,16.301697,-2.8495045,10.491552,5.796697,-0.2280922,0.6452236,0.6314535,0.7476144
S14000090,Glenrothes and Mid Fife,17.896832,7.125926,22.406254,-2.3712907,16.281677,5.146738,0.37234688,0.54933167,0.6931586,0.74311304
S14000091,Gordon and Buchan,2.4468231,7.3872995,10.161908,-1.3207706,27.09098,2.328132,0.55083233,0.6093826,0.75842905,0.76086414
S14000092,Hamilton and Clyde Valley,4.3164463,5.280769,8.703349,-1.3478866,0.9334805,4.4717665,0.22846699,0.6669769,0.85724163,0.7428758
S14000093,Inverclyde and Renfrewshire West,23.600569,4.068186,10.162934,-1.766993,13.698384,5.4123344,0.3221035,0.5700016,0.63944626,0.728086
S14000094,"Inverness, Skye and West Ross-shire",18.67207,1.2999367,-1.9331499,0.29684895,10.244812,1.7613188,0.37481126,0.5528191,0.72282547,0.73974735
S14000095,Livingston,26.20517,6.8105392,21.827106,-1.7261829,9.529897,4.063332,0.25030595,0.6518871,0.8405833,0.74422294
S14000096,Lothian East,16.547276,9.268455,20.693115,-1.8733088,17.907963,3.3163512,0.72074074,0.55783683,0.6055045,0.7362628
S14000097,Mid Dunbartonshire,19.814688,4.168456,16.227505,-2.733387,8.90068,5.5702486,-0.22993183,0.6488676,0.65496445,0.7489886
S14000098,"Moray West, Nairn and Strathspey",10.745078,4.9249167,2.5151587,-0.31899402,16.780329,1.3279117,0.67363375,0.6520059,0.6458606,0.77254486
S14000099,"Motherwell, Wishaw and Carluke",9.536879,5.622423,16.064543,-2.252649,6.446025,4.196413,0.015298843,0.66789055,0.8742285,0.74354076
S14000100,North East Fife,8.633681,7.2044535,20.34923,-1.5097893,15.297266,5.79317,0.6271322,0.5263927,0.698325,0.7441639
S14000101,Paisley and Renfrewshire North,22.885046,4.0807414,14.808944,-2.6508071,12.913607,6.4576507,-0.17210388,0.6400547,0.6184454,0.7436805
S14000102,Paisley and Renfrewshire South,20.453817,3.6331546,11.352082,-2.3767061,9.018876,5.6503158,0.17119153,0.64236766,0.6114397,0.7374509
S14000103,Perth and Kinross-shire,22.052538,4.29695,19.549625,-2.1816893,22.418097,5.7464166,0.23254916,0.62111396,0.7097125,0.775319
S14000104,Rutherglen,10.343372,5.205939,13.209948,-1.9043887,0.5257835,4.480642,-0.0134449005,0.65092754,0.71685076,0.74262357
S14000105,Stirling and Strathallan,29.024113,2.2636664,17.190212,-1.8936561,25.294724,4.700422,-0.022791576,0.6357829,0.7001978,0.76846695
S14000106,West Dunbartonshire,25.493914,3.704137,14.751011,-2.5065727,16.642088,6.1616554,-0.09470558,0.62585515,0.6192188,0.7427061
S14000107,"Ayr, Carrick and Cumnock",10.9634905,4.801581,7.5467916,-3.5600426,3.0040767,1.8015782,0.9080213,0.62683743,0.74687666,0.7278939
S14000108,"Berwickshire, Roxburgh and Selkirk",21.453543,6.2519436,15.077643,-2.5540879,20.05703,2.0051005,0.6372276,0.68747985,0.75398767,0.75707674
S14000109,Central Ayrshire,17.457958,4.861746,9.693892,-4.307266,1.6322602,1.7081772,1.0157862,0.63026714,0.6597619,0.72287464
S14000110,Kilmarnock and Loudoun,13.250345,3.8702297,9.466265,-2.7618546,4.4753103,2.365019,0.700885,0.65862197,0.700918,0.7376405
S14000111,West Aberdeenshire and Kincardine,1.9202278,5.6931963,10.298609,-0.91402435,23.531546,4.460129,0.97202057,0.6513512,0.7205221,0.7818865
W07000081,Aberafan Maesteg,16.995161,5.546223,19.190744,-4.752117,18.733446,-1.5590372,0.7424164,0.92653847,0.63357735,0.748333
W07000082,Alyn and Deeside,4.934189,8.441473,12.534873,-2.8745837,-1.506291,3.07253,0.90667343,0.79175663,0.6828804,0.74544716
W07000083,Bangor Aberconwy,55.7232,6.440947,33.43193,-2.991101,49.133472,1.806477,0.9156485,0.755605,1.0967995,0.7352026
W07000084,Blaenau Gwent and Rhymney,16.280931,5.535934,11.194424,-2.5534623,17.28733,0.2863449,0.77298164,0.9477596,0.67426395,0.75557756
W07000085,"Brecon, Radnor and Cwm Tawe",21.16935,5.9614863,11.900218,-2.898923,20.645185,0.42752397,1.2582614,0.90541166,0.8034058,0.7505806
W07000086,Bridgend,18.079163,4.4085374,18.33114,-4.8663406,15.775597,-1.8829067,0.6963539,0.9106674,0.62510395,0.75055504
W07000087,Caerfyrddin,22.414112,4.990515,19.032387,-3.7255764,20.469566,0.18015292,0.9224832,0.93662274,0.7398693,0.740813
W07000088,Caerphilly,11.077025,5.3513327,11.26393,-2.3163173,9.256949,-1.0588067,0.23671722,0.9153538,0.5198431,0.7544136
W07000089,Cardiff East,11.077025,5.3513327,11.26393,-2.3163173,9.256949,-1.0588067,0.23671722,0.9153538,0.5198431,0.7544136
W07000090,Cardiff North,11.077025,5.3513327,11.26393,-2.3163173,9.256949,-1.0588067,0.23671722,0.9153538,0.5198431,0.7544136
W07000091,Cardiff South and Penarth,10.8461485,7.0021696,14.787004,-2.0011234,10.390238,1.6068376,0.3775711,0.8731308,0.50091743,0.7523174
W07000092,Cardiff West,13.573961,4.7317333,13.877048,-3.1513374,11.282282,-1.9977206,0.43870354,0.90693283,0.5541239,0.7524929
W07000093,Ceredigion Preseli,18.99612,6.8969703,18.85471,-3.522607,11.621291,2.4284158,1.0146052,0.8795608,0.77842003,0.7361923
W07000094,Clwyd East,9.805901,8.81581,7.4019732,-2.9257889,-2.5649056,2.052687,1.0151424,0.7277915,0.8907266,0.7415981
W07000095,Clwyd North,4.881976,9.232818,1.8448911,-2.847436,-2.8013978,1.2563199,0.96503925,0.71273136,0.93932486,0.7331939
W07000096,Dwyfor Meirionnydd,43.084473,5.3436203,29.697355,-3.8789418,40.07436,1.5354995,0.8931153,0.78556204,0.9923425,0.7378618
W07000097,Gower,17.026745,6.206122,20.258781,-3.9930084,20.621601,0.2971673,0.8039961,0.87492275,0.67292786,0.7426121
W07000098,Llanelli,23.537125,5.5850782,25.057121,-3.9107451,24.794033,-0.6600616,0.82666016,0.8904543,0.6937394,0.7427163
W07000099,Merthyr Tydfil and Aberdare,19.866814,4.0545597,14.362212,-2.9094908,19.882229,-2.2532713,0.7290039,0.92333347,0.6735635,0.75296336
W07000100,Mid and South Pembrokeshire,25.675423,5.684252,34.587803,-3.5785792,20.889837,1.4790817,0.8263728,0.86664325,0.6792248,0.7287013
W07000101,Monmouthshire,5.8117404,7.291559,5.8854203,-1.7074097,7.487197,2.0621936,0.85940045,0.9703151,0.58752716,0.7567601
W07000102,Montgomeryshire and Glyndwr,28.134789,6.358067,14.902378,-2.627508,22.585945,0.25622663,1.4422629,0.84409976,0.9438315,0.7508724
W07000103,Neath and Swansea East,18.650166,4.2564363,16.97848,-4.0935326,20.132088,-2.1605203,0.82639885,0.94110394,0.6751685,0.7452688
W07000104,Newport East,6.174971,7.3067164,8.000903,-1.5002841,3.5588508,1.835916,0.51315117,0.9026642,0.4947691,0.7576847
W07000105,Newport West and Islwyn,11.642548,5.544429,10.436353,-2.036945,9.307643,-0.3155556,0.4323578,0.9153795,0.5572047,0.7556615
W07000106,Pontypridd,13.573961,4.7317333,13.877048,-3.1513374,11.282282,-1.9977206,0.43870354,0.90693283,0.5541239,0.7524929
W07000107,Rhondda and Ogmore,18.757437,4.2142787,17.54671,-4.39064,16.92827,-2.093778,0.70703125,0.91259766,0.6394663,0.75088674
W07000108,Swansea West,16.128729,4.8412766,17.534456,-4.071349,19.535715,-1.7632859,0.8356762,0.93574524,0.6749096,0.7426338
W07000109,Torfaen,11.777202,5.7879176,9.309868,-1.8813664,11.048858,0.04947149,0.52965546,0.9571209,0.5857153,0.7569485
W07000110,Vale of Glamorgan,13.141431,6.5102386,18.56891,-3.6138756,12.167041,0.5414207,0.4999129,0.8940118,0.54865044,0.7493445
W07000111,Wrexham,5.220864,8.708984,10.17989,-2.9013674,-2.8341532,1.4776322,1.2527027,0.8132846,0.7469654,0.7502044
W07000112,Ynys Mn,16.00663,7.803167,16.061338,-3.216327,24.222092,3.1712506,0.62260246,0.64115876,0.96658057,0.7199621
