constituency,name,prdjf_proj,prdjf_reanal,prjja_proj,prjja_reanal,rx5day_proj,rx5day_reanal,txx_proj,txx_reanal,t_proj,t_reanal
E14001063,Aldershot,9.416067,6.8770266,-1.563246,11.394611,0.98889697,1.4662635,0.9075241,1.5254574,0.75884056,0.8428583
E14001064,Aldridge-Brownhills,8.905696,2.3541572,-4.604797,12.126625,-1.0286521,9.9951315,0.8811493,1.4572926,0.75121593,0.7895622
E14001065,Altrincham and Sale West,5.392312,7.377243,-4.827185,12.6459255,1.1074542,4.2040014,0.7885399,1.0825844,0.7458124,0.7538767
E14001066,Amber Valley,7.4330554,0.8755132,-4.0876684,13.676989,0.10457093,5.3474417,0.83734703,1.6925611,0.7576361,0.80906487
E14001067,Arundel and South Downs,8.96733,10.656721,-1.0610839,18.850403,2.3065896,4.138793,0.94688934,0.87131816,0.7597862,0.80126446
E14001068,Ashfield,7.78358,0.027826846,-3.9297063,14.575859,0.13141418,7.4458704,0.84394646,1.6880531,0.7572489,0.81327105
E14001069,Ashford,10.284359,16.097406,-0.7118397,9.035344,4.2602262,2.4769773,0.8897028,2.4229813,0.75254583,0.8825283
E14001070,Ashton-under-Lyne,5.730605,7.5601997,-5.013533,12.311323,-0.51169723,6.7892475,0.71780396,1.1304035,0.74478006,0.7457361
E14001071,Aylesbury,8.981866,6.1593924,-2.7215238,12.246845,1.1853088,4.253677,0.90148544,2.063078,0.7535744,0.84748197
E14001072,Banbury,8.669015,5.1880074,-2.714951,12.673279,-0.61837375,5.3081946,0.9050499,1.8056687,0.75387305,0.81893295
E14001073,Barking,10.147084,8.974728,-1.814194,12.214686,3.3255205,6.488494,0.90006065,2.1486664,0.75687695,0.86569977
E14001074,Barnsley North,8.567587,1.1778187,-2.4312837,17.511936,0.04303053,6.7652593,0.7752247,1.458334,0.7517414,0.7992697
E14001075,Barnsley South,8.567587,0.73736995,-2.4312837,17.231516,0.04303053,5.713724,0.7752247,1.4803047,0.7517414,0.802495
E14001076,Barrow and Furness,4.20723,17.521458,-4.7654123,16.887127,3.2887056,4.557013,0.65127444,0.7540692,0.7431641,0.65955126
E14001077,Basildon and Billericay,10.599063,9.027459,-1.7771881,11.382427,2.098592,3.609934,0.8911629,2.2888355,0.7544861,0.8557606
E14001078,Basingstoke,8.048595,6.2591133,-1.0075222,10.453216,2.8930833,-0.40395615,0.9863968,1.2984047,0.7584715,0.815588
E14001079,Bassetlaw,8.870161,-0.49454063,-2.820718,16.721096,0.7316656,9.463839,0.83668804,1.6265751,0.75272846,0.8109234
E14001080,Bath,7.4631147,7.601506,-2.205723,14.120363,0.16377135,7.1983776,0.985899,0.7421379,0.7546711,0.7386799
E14001081,Battersea,9.995041,8.758314,-2.8330176,12.395797,2.6782105,5.462683,0.9055519,2.0146484,0.76114464,0.8674698
E14001082,Beaconsfield,8.667226,7.902312,-2.9324746,11.148305,0.27516168,4.0776744,0.9375181,1.8903322,0.76060295,0.8523936
E14001083,Beckenham and Penge,10.128312,10.398065,-2.5151255,13.028468,2.467931,3.3701174,0.8864269,1.9844723,0.7603445,0.8612499
E14001084,Bedford,9.693976,4.604746,-2.830883,15.125012,-1.768988,2.8865945,0.8545952,2.4333344,0.75379276,0.88070583
E14001085,Bermondsey and Old Southwark,10.128312,8.875645,-2.5151255,12.460452,2.467931,6.148457,0.8864269,2.067936,0.7603445,0.86999893
E14001086,Bethnal Green and Stepney,10.020408,8.875645,-2.1105087,12.460452,2.881684,6.148457,0.8914833,2.067936,0.7584171,0.86999893
E14001087,Beverley and Holderness,7.9625793,0.5580677,-2.388299,18.531998,2.9231524,11.822651,0.6866379,1.1208482,0.7449715,0.757793
E14001088,Bexhill and Battle,10.512978,14.071068,-0.6142487,10.939768,4.8197384,-1.7679803,0.8704141,1.7373959,0.75533104,0.8507811
E14001089,Bexleyheath and Crayford,10.4158535,8.94156,-2.3647408,11.963406,2.5632765,5.601827,0.90042305,2.1896477,0.7571707,0.8620815
E14001090,Bicester and Woodstock,8.702502,5.1432376,-2.6879835,13.391358,0.42633858,4.5864854,0.91231155,1.8617562,0.7552965,0.83330154
E14001091,Birkenhead,8.848636,5.4639354,-2.4843426,12.491889,6.1361375,-1.0286137,0.7427101,0.76416016,0.7415514,0.7085905
E14001092,Birmingham Edgbaston,8.495418,2.3687541,-4.5067177,11.333447,-0.9885331,11.378362,0.887228,1.3857422,0.75566864,0.7869091
E14001093,Birmingham Erdington,9.076996,2.5653322,-4.0415382,11.638524,-1.0524918,11.329454,0.88243294,1.4773445,0.7527561,0.79243755
E14001094,Birmingham Hall Green and Moseley,8.495418,2.7834463,-4.5067177,11.174354,-0.9885331,12.246766,0.887228,1.4739246,0.75566864,0.79526234
E14001095,Birmingham Hodge Hill and Solihull North,8.726069,2.6631649,-4.4317074,11.83705,-1.3361487,10.78974,0.90947723,1.5534496,0.75487995,0.7989178
E14001096,Birmingham Ladywood,8.495418,2.5653322,-4.5067177,11.638524,-0.9885331,11.329454,0.887228,1.4773445,0.75566864,0.79243755
E14001097,Birmingham Northfield,8.495418,2.5898476,-4.5067177,11.062017,-0.9885331,12.162952,0.887228,1.3856449,0.75566864,0.78909016
E14001098,Birmingham Perry Barr,8.905696,2.5653322,-4.604797,11.638524,-1.0286521,11.329454,0.8811493,1.4773445,0.75121593,0.79243755
E14001099,Birmingham Selly Oak,8.495418,2.7834463,-4.5067177,11.174354,-0.9885331,12.246766,0.887228,1.4739246,0.75566864,0.79526234
E14001100,Birmingham Yardley,8.726069,2.6631649,-4.4317074,11.83705,-1.3361487,10.78974,0.90947723,1.5534496,0.75487995,0.7989178
E14001101,Bishop Auckland,5.480813,12.158892,-1.8911445,10.857854,1.7892025,9.481005,0.6576096,1.2234848,0.76193,0.7339735
E14001102,Blackburn,5.7072096,11.242532,-4.995875,15.54159,1.4317738,7.199067,0.7394295,1.0045567,0.7448282,0.72177887
E14001103,Blackley and Middleton South,4.996522,8.393002,-3.585171,12.154735,0.35833842,6.526173,0.73766136,1.1190109,0.7473974,0.75407314
E14001104,Blackpool North and Fleetwood,7.8463736,12.047494,-3.7808232,15.716248,1.4548274,6.8809643,0.64829636,0.8240242,0.7434807,0.6893873
E14001105,Blackpool South,8.492656,10.808145,-4.041092,15.370481,1.4969131,6.994687,0.72366905,0.82757187,0.7484598,0.6937704
E14001106,Blaydon and Consett,8.109363,8.030892,-1.4400246,11.991586,3.6162906,9.635102,0.6087036,1.0767899,0.748034,0.720767
E14001107,Blyth and Ashington,7.960525,0.7815211,-1.7135975,14.974424,1.0722461,9.352069,0.53003883,0.5547848,0.7431631,0.7017937
E14001108,Bognor Regis and Littlehampton,10.266027,10.675435,-0.2776834,19.816912,3.941356,3.6185508,0.9152565,0.7678051,0.7603588,0.7901201
E14001109,Bolsover,8.022074,-0.18187225,-3.3185794,16.17832,0.29179403,8.091432,0.8185425,1.6013349,0.7555733,0.8138342
E14001110,Bolton North East,4.3622932,9.706649,-4.712467,14.352245,0.47062162,6.0129304,0.7589569,1.0308914,0.7491379,0.73323154
E14001111,Bolton South and Walkden,4.3622932,8.218284,-4.712467,13.49642,0.47062162,4.2446623,0.7589569,1.0814457,0.7491379,0.74351406
E14001112,Bolton West,5.3476434,9.244823,-5.106767,15.382019,1.0425183,4.782912,0.7722931,1.020215,0.74762154,0.72038984
E14001113,Bootle,7.624796,6.814275,-3.1706583,14.766024,6.2417703,1.7503494,0.7888794,0.9125309,0.74180126,0.70494175
E14001114,Boston and Skegness,8.90529,0.0047572763,-3.5540924,17.28966,0.8497817,6.0906157,0.73984975,1.5597818,0.7517444,0.8154575
E14001115,Bournemouth East,9.572492,8.978116,0.97275025,18.601805,4.086556,13.102001,0.86447334,0.63798904,0.7566042,0.7292938
E14001116,Bournemouth West,9.239348,8.978116,0.654051,18.601805,3.8185313,13.102001,0.8312683,0.63798904,0.75113106,0.7292938
E14001117,Bracknell,9.416067,7.115079,-1.563246,10.889188,0.98889697,1.9508948,0.9075241,1.6593437,0.75884056,0.84636307
E14001118,Bradford East,7.327954,4.7303367,-2.0147812,15.668066,2.1858199,14.447395,0.7429638,1.2549801,0.7507057,0.7540121
E14001119,Bradford South,6.960873,5.981303,-2.2556305,15.43725,1.9451399,14.1340685,0.7337494,1.2099953,0.7516084,0.7460365
E14001120,Bradford West,6.960873,5.981303,-2.2556305,15.43725,1.9451399,14.1340685,0.7337494,1.2099953,0.7516084,0.7460365
E14001121,Braintree,9.825434,9.296615,-2.8567035,10.000468,0.07845086,3.5110986,0.89480096,2.1025772,0.75551796,0.8674175
E14001122,Brent East,9.673448,8.215072,-2.9478312,11.417426,2.3661466,6.0446873,0.90774536,1.9734039,0.7609577,0.8600826
E14001123,Brent West,9.422693,8.215072,-3.0570376,11.417426,1.6825324,6.0446873,0.9173527,1.9734039,0.759737,0.8600826
E14001124,Brentford and Isleworth,9.806672,8.393953,-2.283961,12.056041,2.462483,4.530869,0.90616035,1.9031906,0.7595329,0.86042976
E14001125,Brentwood and Ongar,10.096573,8.88448,-2.4086733,10.842117,2.361004,5.8386445,0.9548092,2.3123481,0.75459003,0.85814637
E14001126,Bridgwater,9.132998,3.0606823,-1.8401997,14.997284,2.3291335,5.583318,0.999115,0.5552411,0.7539406,0.7258756
E14001127,Bridlington and The Wolds,7.5430512,1.9480087,-3.5324461,17.217577,1.7468382,11.018602,0.7022738,1.2210712,0.742733,0.7482898
E14001128,Brigg and Immingham,8.18791,0.0068335235,-3.217124,18.976297,2.6755283,11.251477,0.6703491,1.5407481,0.74287677,0.77066994
E14001129,Brighton Kemptown and Peacehaven,10.524763,11.366718,-2.236895,18.162512,3.8915536,1.6257275,0.84739685,0.8902035,0.7584019,0.8097353
E14001130,Brighton Pavilion,10.6320305,11.366718,-1.2685004,18.162512,3.8640082,1.6257275,0.85505676,0.8902035,0.75805664,0.8097353
E14001131,Bristol Central,8.1523485,6.7352943,-1.3856615,15.032689,1.0737648,9.66075,0.9958172,0.7422867,0.7535286,0.7290039
E14001132,Bristol East,8.1523485,7.259605,-1.3856615,15.218362,1.0737648,8.686641,0.9958172,0.6703129,0.7535286,0.7224798
E14001133,Bristol North East,8.1523485,6.9567904,-1.3856615,13.906076,1.0737648,9.187394,0.9958172,0.78040314,0.7535286,0.7328119
E14001134,Bristol North West,8.874865,6.462107,-1.549113,16.584549,1.4258934,9.730048,0.91651726,0.7438157,0.7551575,0.7245887
E14001135,Bristol South,8.1523485,7.259605,-1.3856615,15.218362,1.0737648,8.686641,0.9958172,0.6703129,0.7535286,0.7224798
E14001136,Broadland and Fakenham,10.0601425,2.6027074,-2.5438056,16.29776,0.46064168,3.7497947,0.75825,1.6108459,0.7554579,0.8477382
E14001137,Bromley and Biggin Hill,9.922065,10.398065,-4.109918,13.028468,1.3936329,3.3701174,0.9473858,1.9844723,0.75863934,0.8612499
E14001138,Bromsgrove,8.41257,2.6965444,-4.303149,10.955601,-0.38540432,11.878403,0.894722,1.4113388,0.75597,0.7914626
E14001139,Broxbourne,9.811413,9.003235,-2.3979268,11.94743,1.7847098,6.9869413,0.87944794,2.1682625,0.755991,0.8723092
E14001140,Broxtowe,8.140398,0.45717242,-4.834421,13.079293,-0.61715275,4.928451,0.8616905,1.7885094,0.75799274,0.8201895
E14001141,Buckingham and Bletchley,9.567459,5.01636,-2.5299687,13.148579,0.3502315,4.0953617,0.8776026,2.0765305,0.753314,0.8490219
E14001142,Burnley,5.9418383,12.717831,-3.4568324,15.956818,1.4844234,9.488736,0.72262,1.0967779,0.7477274,0.7469959
E14001143,Burton and Uttoxeter,8.262955,3.1093693,-5.1043243,13.395254,0.22190148,5.2936773,0.8415432,1.441431,0.7529869,0.7670257
E14001144,Bury North,4.349649,9.945966,-4.111857,13.714237,-0.0016763618,6.8162775,0.7597389,1.0668621,0.74854565,0.7435956
E14001145,Bury South,4.349649,8.507669,-4.111857,12.616065,-0.0016763618,5.5316744,0.7597389,1.1089516,0.74854565,0.7532339
E14001146,Bury St Edmunds and Stowmarket,10.275335,8.234138,-3.0150177,10.950128,1.4407922,3.5458233,0.82695645,1.9216582,0.7550249,0.8653202
E14001147,Calder Valley,6.189604,8.416994,-2.9358778,14.897112,1.7021364,11.707965,0.7366605,1.134785,0.74951994,0.7375903
E14001148,Camborne and Redruth,7.3985567,0.3556252,-3.1843822,16.44336,-0.031419694,7.458589,0.86201096,0.32185516,0.71329117,0.59612846
E14001149,Cambridge,9.79245,6.4992085,-3.0900354,13.254845,-1.1912686,4.180105,0.8841057,2.2643566,0.7544632,0.8839636
E14001150,Cannock Chase,8.853327,2.0393121,-4.655816,12.022991,-0.44281948,8.418651,0.85528946,1.3518562,0.74998856,0.779129
E14001151,Canterbury,10.493986,15.566076,1.0668416,9.322174,7.1405573,1.9951787,0.8409376,2.5164628,0.7540407,0.87605476
E14001152,Carlisle,4.2005615,20.059134,-3.7470388,12.880948,1.7905002,12.702708,0.71671104,0.9601126,0.7487708,0.67003757
E14001153,Carshalton and Wallington,9.828032,9.514446,-3.2899241,13.564772,1.9718776,2.9767106,0.9509163,1.9069023,0.759285,0.8612766
E14001154,Castle Point,10.789689,10.666454,-1.158927,11.752153,3.1293695,-0.24095926,0.8590908,2.0990562,0.752676,0.8589649
E14001155,Central Devon,6.996835,1.5937,-1.7409501,16.04035,0.41558704,3.9404573,0.92209154,0.25823745,0.73732877,0.64312094
E14001156,Central Suffolk and North Ipswich,10.157965,9.216792,-2.5412037,12.496808,0.6602918,3.668209,0.7803049,1.7593191,0.75443363,0.8679816
E14001157,Chatham and Aylesford,10.11043,10.625014,-2.2519639,10.270621,2.64715,1.6412749,0.98557854,2.3280926,0.75611115,0.8637581
E14001158,Cheadle,6.2606463,7.663107,-5.49457,11.467483,-0.5353813,6.044136,0.7338257,1.1123371,0.73982906,0.7569628
E14001159,Chelmsford,10.354777,9.60952,-2.2703266,9.91806,1.8113858,2.4068434,0.93165016,2.2181969,0.7544899,0.85520077
E14001160,Chelsea and Fulham,9.995041,8.758314,-2.8330176,12.395797,2.6782105,5.462683,0.9055519,2.0146484,0.76114464,0.8674698
E14001161,Cheltenham,9.363949,4.5353556,-2.510378,9.116407,1.1029009,4.8462286,0.95433044,1.2877274,0.7519522,0.77491
E14001162,Chesham and Amersham,8.500146,7.5988607,-3.0443976,11.074116,0.11317958,4.0475063,0.90937996,1.9621592,0.75732803,0.85030174
E14001163,Chester North and Neston,8.411428,4.040564,-2.8492033,12.123268,3.2841,0.46451044,0.8013897,0.8060713,0.7465534,0.73404694
E14001164,Chester South and Eddisbury,8.917449,3.1830273,-4.113057,11.722293,2.1759076,2.3766458,0.8006077,0.9528133,0.7458603,0.7655008
E14001165,Chesterfield,7.3952556,0.6013101,-3.5750978,15.855832,0.4750024,6.8821406,0.80107117,1.5719414,0.75562096,0.807971
E14001166,Chichester,9.206573,10.911489,0.27032486,19.944323,2.4632337,6.0355735,0.87510633,0.744531,0.75979614,0.7674659
E14001167,Chingford and Woodford Green,10.147084,8.250486,-1.814194,12.082735,3.3255205,8.908532,0.90006065,2.1281261,0.75687695,0.8696461
E14001168,Chippenham,7.589202,6.427263,-1.8028507,12.897611,0.08480057,4.8193607,0.97966814,1.147006,0.7553797,0.7708206
E14001169,Chipping Barnet,9.639817,8.237002,-2.609798,11.628647,1.8932557,6.757866,0.88988304,2.0267563,0.75628567,0.86311245
E14001170,Chorley,5.7072096,11.08838,-4.995875,15.8227415,1.4317738,6.598507,0.7394295,1.0220051,0.7448282,0.71312904
E14001171,Christchurch,8.018448,8.616046,-0.49812382,18.228765,3.2511673,12.093031,0.8629894,0.6593094,0.7549124,0.73830986
E14001172,Cities of London and Westminster,10.020408,8.875645,-2.1105087,12.460452,2.881684,6.148457,0.8914833,2.067936,0.7584171,0.86999893
E14001173,City of Durham,8.155516,6.57614,-2.4822178,12.135311,1.9279546,6.8148828,0.5940237,0.9249026,0.751457,0.72346276
E14001174,Clacton,10.808514,12.128489,-0.37597287,11.593771,2.3602026,-0.09019747,0.7968674,1.3205395,0.758585,0.8795576
E14001175,Clapham and Brixton Hill,9.995041,8.875645,-2.8330176,12.460452,2.6782105,6.148457,0.9055519,2.067936,0.76114464,0.86999893
E14001176,Colchester,10.274636,9.883583,-2.4732125,11.347771,0.41163802,-0.5955139,0.81890106,1.5820961,0.7536268,0.8663473
E14001177,Colne Valley,5.765769,5.941044,-3.6211696,13.858615,0.26321825,12.440836,0.7169943,1.1740065,0.74966836,0.7286763
E14001178,Congleton,7.1135187,5.495674,-4.9563704,10.662578,0.24565479,5.23578,0.756279,1.1178703,0.7376137,0.7620182
E14001179,Corby and East Northamptonshire,10.088518,1.9468215,-4.0401,16.715296,-1.0606253,4.638501,0.88588095,2.2295337,0.7574065,0.8645526
E14001180,Coventry East,9.616956,2.9327512,-4.161284,11.612044,-0.97704494,6.7618265,0.8964939,1.7819996,0.7515888,0.81629753
E14001181,Coventry North West,9.40193,2.9714866,-4.3243775,11.4914255,-1.0814189,8.784855,0.9004822,1.7134762,0.75296974,0.8121109
E14001182,Coventry South,9.40193,2.9521189,-4.3243775,11.551735,-1.0814189,7.7733407,0.9004822,1.7477379,0.75296974,0.8142042
E14001183,Cramlington and Killingworth,8.194841,2.685458,-1.6666945,13.6940365,2.5204108,9.676239,0.50042915,0.63854027,0.74247694,0.7057991
E14001184,Crawley,9.544817,11.723061,-2.691719,16.495646,2.6052527,4.438945,0.96435165,1.3633137,0.7586489,0.8448534
E14001185,Crewe and Nantwich,8.534474,4.430036,-4.251438,11.047873,2.2472675,3.6653714,0.7843628,1.0641279,0.7407532,0.7648392
E14001186,Croydon East,9.90899,9.946944,-3.812486,13.326231,1.4065511,3.0803773,0.94906425,1.9359703,0.75942326,0.86095524
E14001187,Croydon South,9.90899,10.891936,-3.812486,14.0473795,1.4065511,0.107945,0.94906425,1.8592453,0.75942326,0.85622597
E14001188,Croydon West,10.128312,9.946944,-2.5151255,13.326231,2.467931,3.0803773,0.8864269,1.9359703,0.7603445,0.86095524
E14001189,Dagenham and Rainham,10.271554,8.94156,-1.8691242,11.963406,3.3482683,5.601827,0.9133949,2.1896477,0.7560911,0.8620815
E14001190,Darlington,8.588279,6.9731474,-2.2437267,11.743759,2.1499047,4.9863997,0.6887331,1.2521801,0.7566459,0.7514305
E14001191,Dartford,10.518576,9.823691,-2.1079638,11.676905,2.5960927,3.2083063,0.9015379,2.1933594,0.75655556,0.85940075
E14001192,Daventry,9.324508,3.672582,-3.3675847,14.197319,-0.47841677,3.5306823,0.88220596,2.0540557,0.75242454,0.8387659
E14001193,Derby North,7.875868,1.8371023,-4.919738,13.366278,-0.46673134,2.7546558,0.8534012,1.6846352,0.75800705,0.801836
E14001194,Derby South,7.875868,1.8371023,-4.919738,13.366278,-0.46673134,2.7546558,0.8534012,1.6846352,0.75800705,0.801836
E14001195,Derbyshire Dales,6.272312,3.5728707,-4.0769234,13.059271,0.66451,5.6265936,0.7856555,1.4075283,0.7549294,0.7590018
E14001196,Dewsbury and Batley,7.7706532,4.500714,-1.8219001,14.999723,0.49330574,13.380933,0.7460785,1.2599297,0.75069714,0.7532053
E14001197,Didcot and Wantage,8.623721,4.986818,-2.3841689,11.317647,0.43035594,5.4511886,0.93479043,1.6442169,0.7577019,0.81964177
E14001198,Doncaster Central,8.79091,-0.22876386,-2.6009436,17.475418,0.4588319,7.1031084,0.8144417,1.5620117,0.7515561,0.8050308
E14001199,Doncaster East and the Isle of Axholme,8.643517,-0.040868405,-2.843896,17.316635,2.652022,9.203488,0.793293,1.6598091,0.7488718,0.7982772
E14001200,Doncaster North,8.712042,0.31983894,-2.3463745,17.591318,0.7245853,6.8147845,0.7922964,1.5245119,0.7508793,0.8024381
E14001201,Dorking and Horley,9.550103,10.013948,-2.516963,15.63514,1.7766254,2.974584,0.95483685,1.5947595,0.7587943,0.8516228
E14001202,Dover and Deal,10.3955965,17.438934,0.9325149,10.790836,6.1192513,0.6834732,0.83904743,2.4860992,0.7582116,0.8827629
E14001203,Droitwich and Evesham,9.034406,3.3495739,-3.249702,10.37035,-0.047082797,10.324581,0.91547585,1.4461346,0.7553539,0.7946887
E14001204,Dudley,9.2937,2.1810646,-4.605049,11.093803,-0.37898043,10.849727,0.9025345,1.3133469,0.75078297,0.7833586
E14001205,Dulwich and West Norwood,10.128312,9.946944,-2.5151255,13.326231,2.467931,3.0803773,0.8864269,1.9359703,0.7603445,0.86095524
E14001206,Dunstable and Leighton Buzzard,9.457362,6.2972364,-2.8746214,12.747028,-1.1104479,3.6677604,0.878109,2.1369476,0.7530613,0.8555393
E14001207,Ealing Central and Acton,9.422693,8.596797,-3.0570376,12.360195,1.6825324,5.1167803,0.9173527,1.9661465,0.759737,0.86244774
E14001208,Ealing North,9.422693,8.393953,-3.0570376,12.056041,1.6825324,4.530869,0.9173527,1.9031906,0.759737,0.86042976
E14001209,Ealing Southall,9.422693,8.393953,-3.0570376,12.056041,1.6825324,4.530869,0.9173527,1.9031906,0.759737,0.86042976
E14001210,Earley and Woodley,9.047502,6.430578,-1.8505696,10.378843,-0.56249255,0.84486324,0.92220306,1.5098305,0.7603121,0.83618164
E14001211,Easington,8.376515,4.9741387,-2.1295319,13.065027,0.28082713,4.695713,0.5921974,0.859293,0.7530041,0.72073174
E14001212,East Grinstead and Uckfield,9.599911,12.480902,-2.5888064,15.978648,2.708517,2.9260814,0.9465542,1.3145382,0.7582998,0.83715934
E14001213,East Ham,10.147084,9.019879,-1.814194,12.486411,3.3255205,6.7304535,0.90006065,2.1132812,0.75687695,0.87035847
E14001214,East Hampshire,8.173945,8.694265,-0.5823879,14.070395,2.0438094,3.0482574,0.9591255,1.1045712,0.7585888,0.8029286
E14001215,East Surrey,9.695829,11.582799,-3.3224816,14.205164,1.1574585,1.1144971,0.9539366,1.7670412,0.75919056,0.85374475
E14001216,East Thanet,10.565155,14.536707,3.3570096,10.112418,7.0297637,1.2308838,0.7504425,2.329298,0.77122116,0.88160896
E14001217,East Wiltshire,7.5587335,5.8571167,-1.9650023,13.820735,1.0751662,3.8196108,0.9879129,1.0853591,0.7565046,0.779347
E14001218,East Worthing and Shoreham,10.931947,10.594882,-0.4274454,19.545828,4.1427054,2.5251417,0.89826965,0.7537441,0.76161766,0.7998142
E14001219,Eastbourne,10.622363,12.666776,-0.56473815,15.634372,4.0644455,0.8756682,0.8333454,1.0873375,0.7535095,0.81707096
E14001220,Eastleigh,7.745634,8.619167,-0.44203475,14.318265,2.2347887,5.11674,0.91607285,0.9352207,0.75797176,0.7824545
E14001221,Edmonton and Winchmore Hill,9.811413,8.276049,-2.3979268,11.840393,1.7847098,7.674693,0.87944794,2.0864582,0.755991,0.8662996
E14001222,Ellesmere Port and Bromborough,8.528173,3.5679977,-2.6844888,12.007041,6.786521,1.6720557,0.73454475,0.76328087,0.744092,0.74180317
E14001223,Eltham and Chislehurst,10.204294,10.398065,-2.5547433,13.028468,1.7114466,3.3701174,0.89356804,1.9844723,0.7585068,0.8612499
E14001224,Ely and East Cambridgeshire,10.040235,5.6512175,-2.8502958,12.787226,-0.14230268,3.590587,0.8360405,2.1528316,0.7546275,0.88126504
E14001225,Enfield North,9.811413,8.578311,-2.3979268,11.91418,1.7847098,7.3707976,0.87944794,2.1285496,0.755991,0.86797523
E14001226,Epping Forest,9.961211,8.869403,-1.9839975,11.74358,2.906608,7.8870144,0.92448807,2.1811523,0.75511456,0.8693533
E14001227,Epsom and Ewell,9.824374,9.493568,-2.734786,14.996738,2.1346784,1.2200378,0.93460274,1.7896156,0.75878143,0.8588009
E14001228,Erewash,8.140398,0.71542513,-4.834421,12.863968,-0.61715275,3.5937433,0.8616905,1.8296871,0.75799274,0.8266163
E14001229,Erith and Thamesmead,10.204294,8.974728,-2.5547433,12.214686,1.7114466,6.488494,0.89356804,2.1486664,0.7585068,0.86569977
E14001230,Esher and Walton,9.806672,8.59053,-2.283961,13.544825,2.462483,3.362307,0.90616035,1.820898,0.7595329,0.861454
E14001231,Exeter,7.629814,-0.85683334,-1.7947981,14.547345,0.3088048,6.715019,0.8597965,0.2752285,0.73833466,0.67391586
E14001232,Exmouth and Exeter East,7.288253,-0.80949306,-1.8657901,14.315788,-0.21742812,6.3442335,0.84299374,0.3019204,0.74183464,0.6828084
E14001233,Fareham and Waterlooville,7.798405,10.249397,-0.6183286,16.405787,0.9968057,5.715892,0.923296,0.956934,0.75844765,0.7678013
E14001234,Farnham and Bordon,9.143737,8.985536,-1.4194332,14.928866,1.4246366,3.85131,0.95443726,1.2140623,0.75878525,0.8251912
E14001235,Faversham and Mid Kent,10.001373,11.513503,-1.1505334,8.830832,4.218775,3.2241256,0.91357946,2.4952214,0.75458264,0.8683407
E14001236,Feltham and Heston,9.644432,8.393953,-2.467,12.056041,1.9545803,4.530869,0.930418,1.9031906,0.76032734,0.86042976
E14001237,Filton and Bradley Stoke,8.466843,6.9567904,-1.7355535,13.906076,2.7290714,9.187394,0.97130775,0.78040314,0.7557354,0.7328119
E14001238,Finchley and Golders Green,9.673448,8.237002,-2.9478312,11.628647,2.3661466,6.757866,0.90774536,2.0267563,0.7609577,0.86311245
E14001239,Folkestone and Hythe,11.090347,15.678592,0.585659,8.89291,4.841321,2.6532073,0.8157425,2.2444992,0.7626934,0.88845253
E14001240,Forest of Dean,8.60132,3.3934886,-2.2828872,11.967189,1.2078453,5.9415665,0.95564806,1.0174366,0.7539385,0.7640788
E14001241,Frome and East Somerset,7.6600757,6.963927,-1.4257996,14.608125,0.7195171,5.62701,0.99652386,0.583436,0.75256467,0.734056
E14001242,Fylde,7.5240173,11.014695,-5.1276016,15.417412,1.59909,7.039935,0.6671181,0.8565426,0.7417278,0.6963606
E14001243,Gainsborough,8.546126,-0.41258982,-3.9399405,17.43793,1.7151124,12.865129,0.77274704,1.7538387,0.7468716,0.79281265
E14001244,Gateshead Central and Whickham,8.284847,7.205007,-1.7171257,12.076724,3.6993098,9.4553175,0.5601845,0.94768906,0.74545383,0.7181454
E14001245,Gedling,8.781287,-0.49031153,-3.969942,13.793482,-1.0502353,6.519981,0.8761616,1.7943344,0.7540693,0.8274059
E14001246,Gillingham and Rainham,9.936604,11.013223,-2.317847,9.397762,3.0619097,2.556484,0.9636364,2.4363937,0.75595856,0.8653078
E14001247,Glastonbury and Somerton,8.261268,3.799258,-2.125006,13.165972,0.87032485,4.9030824,1.0233669,0.5171324,0.7532606,0.73198473
E14001248,Gloucester,8.708592,4.7757196,-2.5721166,9.625848,1.5236104,3.8608503,0.9485817,1.156023,0.7519083,0.7671175
E14001249,Godalming and Ash,9.391412,9.396909,-1.9703574,15.78418,1.3590508,4.179188,0.951184,1.3299675,0.75939053,0.8391651
E14001250,Goole and Pocklington,8.26192,1.924295,-2.4245872,17.682377,2.590923,11.856884,0.7138337,1.5992976,0.745477,0.76301575
E14001251,Gorton and Denton,5.9035788,6.940713,-4.783612,11.545404,-0.028608983,5.9437184,0.73410034,1.1333656,0.7413988,0.74915695
E14001252,Gosport,9.418354,10.094352,1.1224192,16.003345,2.8271353,6.0169106,0.84285927,0.9769535,0.75878143,0.76697826
E14001253,Grantham and Bourne,9.30224,-0.4137121,-3.894719,16.42569,-0.94402885,8.253752,0.8757542,1.8693651,0.75271034,0.84178954
E14001254,Gravesham,10.698044,9.839182,-1.4307753,11.175489,3.1564448,2.8307571,0.891346,2.2377605,0.75403595,0.8611412
E14001255,Great Grimsby and Cleethorpes,7.9948554,-0.61048937,-2.882551,19.342426,0.31725895,10.583045,0.6876297,1.2704754,0.7427101,0.77513695
E14001256,Great Yarmouth,10.246361,5.0308905,-1.3169979,18.465626,2.8046176,6.2621565,0.67184764,1.2411299,0.7611828,0.8775358
E14001257,Greenwich and Woolwich,10.204294,9.019879,-2.5547433,12.486411,1.7114466,6.7304535,0.89356804,2.1132812,0.7585068,0.87035847
E14001258,Guildford,9.742715,8.274048,-2.45031,14.602402,1.7545668,2.375116,0.9413452,1.6725903,0.75900936,0.8565397
E14001259,Hackney North and Stoke Newington,10.020408,8.276049,-2.1105087,11.840393,2.881684,7.674693,0.8914833,2.0864582,0.7584171,0.8662996
E14001260,Hackney South and Shoreditch,10.020408,8.875645,-2.1105087,12.460452,2.881684,6.148457,0.8914833,2.067936,0.7584171,0.86999893
E14001261,Halesowen,8.575574,2.1810646,-4.637172,11.093803,-0.36580002,10.849727,0.8977604,1.3133469,0.75487614,0.7833586
E14001262,Halifax,6.349127,6.9997997,-2.6913133,14.574531,1.2958363,13.208315,0.7327328,1.1569328,0.7500396,0.73339367
E14001263,Hamble Valley,9.310241,9.780657,0.77781093,15.533622,2.8880591,6.7790995,0.8098316,0.9828453,0.7540808,0.76560116
E14001264,Hammersmith and Chiswick,9.995041,8.596797,-2.8330176,12.360195,2.6782105,5.1167803,0.9055519,1.9661465,0.76114464,0.86244774
E14001265,Hampstead and Highgate,9.673448,8.237002,-2.9478312,11.628647,2.3661466,6.757866,0.90774536,2.0267563,0.7609577,0.86311245
E14001266,"Harborough, Oadby and Wigston",9.409456,2.2112117,-4.077482,14.97994,-0.77593625,3.8426242,0.87839985,2.051774,0.75064516,0.836411
E14001267,Harlow,9.886063,9.720518,-1.9864072,10.155903,2.2164035,6.076707,0.9441509,2.2735996,0.7541151,0.8669424
E14001268,Harpenden and Berkhamsted,8.943487,7.536207,-2.7986634,12.024561,0.40571064,4.7947316,0.8826537,2.0750408,0.75431395,0.8565407
E14001269,Harrogate and Knaresborough,8.382826,5.7875347,-1.7320622,15.304897,3.8201873,9.937249,0.7449436,1.3232746,0.75636005,0.77365905
E14001270,Harrow East,9.422693,8.215072,-3.0570376,11.417426,1.6825324,6.0446873,0.9173527,1.9734039,0.759737,0.8600826
E14001271,Harrow West,9.422693,8.15348,-3.0570376,11.180411,1.6825324,5.2479396,0.9173527,1.9483719,0.759737,0.85757446
E14001272,Hartlepool,8.804594,3.2106552,-2.761195,12.952005,0.6358567,2.6327024,0.5309353,0.8347492,0.74881554,0.7280402
E14001273,Harwich and North Essex,10.378024,9.6998205,-1.7219778,10.968491,1.0516213,-0.099574804,0.7921012,1.6736431,0.75502014,0.86552715
E14001274,Hastings and Rye,11.166838,14.861317,0.4352054,10.534266,3.9511957,-0.14752173,0.82375336,1.8217773,0.75985336,0.86100864
E14001275,Havant,9.412945,10.615594,1.0185508,17.872051,2.109575,5.2716,0.78992844,0.8642254,0.76065254,0.77130413
E14001276,Hayes and Harlington,9.644432,8.167215,-2.467,11.688657,1.9545803,3.9635348,0.930418,1.8484383,0.76032734,0.85863113
E14001277,Hazel Grove,5.730605,6.940713,-5.013533,11.545404,-0.51169723,5.9437184,0.71780396,1.1333656,0.74478006,0.74915695
E14001278,Hemel Hempstead,8.925651,7.6545463,-2.651932,11.5038595,0.5227383,4.4471393,0.8857231,1.9816399,0.75773716,0.8535414
E14001279,Hendon,9.673448,8.215072,-2.9478312,11.417426,2.3661466,6.0446873,0.90774536,1.9734039,0.7609577,0.8600826
E14001280,Henley and Thame,8.543842,5.9875817,-2.9167695,11.077935,0.2710986,4.041589,0.9347763,1.8041952,0.7573657,0.83582175
E14001281,Hereford and South Herefordshire,8.1863,1.9115176,-1.5470121,16.523638,1.6135832,8.022006,0.9576225,0.8418234,0.75568074,0.7539742
E14001282,Herne Bay and Sandwich,10.374706,14.139195,2.3455052,9.552173,7.531912,1.6260277,0.8155956,2.4054482,0.7599802,0.87824756
E14001283,Hertford and Stortford,9.665661,9.292351,-2.0364065,11.555316,1.8660223,6.1642933,0.897583,2.2080078,0.7542114,0.8723979
E14001284,Hertsmere,9.526951,8.23954,-2.684898,11.7632675,1.8579438,6.01208,0.8994112,2.0586433,0.75651217,0.86236763
E14001285,Hexham,6.197375,11.864333,-1.6795273,11.899152,2.9387581,12.692058,0.6581636,1.0320433,0.7522439,0.6867277
E14001286,Heywood and Middleton North,4.996522,9.691913,-3.585171,13.381094,0.35833842,7.437458,0.73766136,1.0646477,0.7473974,0.7464738
E14001287,High Peak,5.204312,5.6100616,-4.547107,11.952597,-0.18974274,7.4360843,0.7287059,1.1612072,0.7521293,0.72878164
E14001288,Hinckley and Bosworth,9.166642,1.9707863,-4.76073,12.832731,-1.1357539,3.5991259,0.8553009,1.8043537,0.7504902,0.81553984
E14001289,Hitchin,9.343829,7.1265755,-2.4935217,13.135179,-0.98815334,3.914252,0.89019775,2.2682133,0.7532134,0.8719635
E14001290,Holborn and St Pancras,9.673448,8.875645,-2.9478312,12.460452,2.3661466,6.148457,0.90774536,2.067936,0.7609577,0.86999893
E14001291,Honiton and Sidmouth,6.518425,0.22162044,-2.62321,12.6904335,-0.32343352,8.178588,0.90669346,0.4209707,0.7460027,0.70989406
E14001292,Hornchurch and Upminster,10.428472,8.38783,-2.2393658,11.671394,2.2918944,7.0386777,0.9182091,2.2692375,0.75545025,0.86135006
E14001293,Hornsey and Friern Barnet,9.673448,8.276049,-2.9478312,11.840393,2.3661466,7.674693,0.90774536,2.0864582,0.7609577,0.8662996
E14001294,Horsham,9.30433,11.420208,-1.9923093,18.01887,2.1250534,5.361061,0.9640217,1.1361191,0.75990057,0.83542633
E14001295,Houghton and Sunderland South,8.103305,5.593197,-3.3927374,12.385509,0.68382615,7.199423,0.4768734,0.6490898,0.74568176,0.7096052
E14001296,Hove and Portslade,10.6320305,11.069906,-1.2685004,18.647192,3.8640082,2.0197341,0.85505676,0.83372307,0.75805664,0.80648136
E14001297,Huddersfield,6.857253,5.6622458,-2.1478593,14.687003,0.5848499,14.0511465,0.7338562,1.2036133,0.7494283,0.74246645
E14001298,Huntingdon,9.992261,3.6300268,-3.5532062,15.56798,-1.6959667,3.6620872,0.88644916,2.3565185,0.7572753,0.8784845
E14001299,Hyndburn,4.514615,12.993412,-4.4290338,15.948961,0.1936991,9.171733,0.7387905,1.0448227,0.7489834,0.73514986
E14001300,Ilford North,10.147084,8.315262,-1.814194,11.929129,3.3255205,8.268029,0.90006065,2.1779308,0.75687695,0.86509895
E14001301,Ilford South,10.147084,8.315262,-1.814194,11.929129,3.3255205,8.268029,0.90006065,2.1779308,0.75687695,0.86509895
E14001302,Ipswich,10.149903,9.9774685,-1.775625,11.9322405,1.6006805,3.2804604,0.7781353,1.6967125,0.75418854,0.87263584
E14001303,Isle of Wight East,10.412561,10.437823,0.6844017,19.069424,3.7678897,9.570522,0.90294075,0.8234043,0.7552147,0.7280245
E14001304,Isle of Wight West,10.208164,10.611778,0.60075974,19.849125,2.4326582,10.462413,0.84261703,0.7667529,0.7541499,0.7287013
E14001305,Islington North,10.020408,8.276049,-2.1105087,11.840393,2.881684,7.674693,0.8914833,2.0864582,0.7584171,0.8662996
E14001306,Islington South and Finsbury,10.020408,8.875645,-2.1105087,12.460452,2.881684,6.148457,0.8914833,2.067936,0.7584171,0.86999893
E14001307,Jarrow and Gateshead East,8.444807,3.6298542,-2.3284214,13.187562,3.1671062,8.410467,0.5026245,0.546257,0.74226665,0.70683765
E14001308,Keighley and Ilkley,6.432577,9.021166,-2.3395069,15.563011,2.9835176,12.033369,0.70877075,1.1572924,0.75222874,0.7425666
E14001309,Kenilworth and Southam,9.490887,4.080577,-3.754457,11.837482,-0.77323246,6.8630714,0.89366454,1.8303782,0.75275403,0.821654
E14001310,Kensington and Bayswater,9.673448,8.758314,-2.9478312,12.395797,2.3661466,5.462683,0.90774536,2.0146484,0.7609577,0.8674698
E14001311,Kettering,9.822613,2.931111,-3.7830174,16.199173,-0.32983404,3.5135136,0.8862591,2.1652012,0.75542927,0.85105103
E14001312,Kingston and Surbiton,9.806672,9.068621,-2.283961,13.709505,2.462483,3.2613094,0.90616035,1.8685226,0.7595329,0.8622656
E14001313,Kingston upon Hull East,7.980838,0.526852,-3.0151896,18.800077,2.3295577,12.249823,0.67629814,1.1296883,0.74045753,0.75415134
E14001314,Kingston upon Hull North and Cottingham,7.9524527,0.942453,-2.5877955,19.03244,2.3380854,13.680866,0.66571045,1.3320637,0.7415943,0.75107574
E14001315,Kingston upon Hull West and Haltemprice,8.083878,0.43262193,-2.8747475,18.849087,2.9557369,12.267813,0.63614464,1.5176754,0.7432852,0.7600279
E14001316,Kingswinford and South Staffordshire,9.170919,1.8357525,-4.14908,10.949686,-0.022793282,9.708784,0.9144726,1.1944327,0.7531862,0.77751565
E14001317,Knowsley,7.2056904,6.60386,-3.6397722,14.6556635,5.394812,0.90426135,0.7836933,0.9207363,0.74606514,0.70915127
E14001318,Lancaster and Wyre,7.150692,14.067584,-5.1006017,16.055103,2.0155063,7.690493,0.60955715,0.9405136,0.74239075,0.69701487
E14001319,Leeds Central and Headingley,8.059666,4.117887,-1.7711567,16.214035,2.8693185,13.162795,0.755661,1.295639,0.7527771,0.76267624
E14001320,Leeds East,8.247792,2.5534704,-1.9775052,17.593914,2.6889832,9.613954,0.7445011,1.3861332,0.75162506,0.78400517
E14001321,Leeds North East,8.059666,3.3821948,-1.7711567,16.873163,2.8693185,11.574183,0.755661,1.335743,0.7527771,0.77341557
E14001322,Leeds North West,7.327954,5.492429,-2.0147812,15.676744,2.1858199,12.485878,0.7429638,1.2606287,0.7507057,0.75890636
E14001323,Leeds South,8.059666,3.3821948,-1.7711567,16.873163,2.8693185,11.574183,0.755661,1.335743,0.7527771,0.77341557
E14001324,Leeds South West and Morley,8.059666,4.117887,-1.7711567,16.214035,2.8693185,13.162795,0.755661,1.295639,0.7527771,0.76267624
E14001325,Leeds West and Pudsey,7.327954,4.424112,-2.0147812,15.941051,2.1858199,13.805096,0.7429638,1.2753096,0.7507057,0.7583442
E14001326,Leicester East,9.175158,1.8271351,-3.7909076,14.362439,-0.40991333,2.893733,0.8663559,2.004036,0.74954224,0.83262825
E14001327,Leicester South,9.445855,1.8271351,-4.1337004,14.362439,-0.7100248,2.893733,0.8734913,2.004036,0.7500868,0.83262825
E14001328,Leicester West,8.745777,1.228496,-4.6197762,13.90197,-1.2572399,2.2273014,0.86623573,1.9133148,0.7502308,0.82970715
E14001329,Leigh and Atherton,5.607269,7.815357,-4.6409793,14.44539,2.2341726,3.0992887,0.80187225,1.0417309,0.74748707,0.73640347
E14001330,Lewes,10.353078,11.804726,-1.2942498,17.307295,3.8734388,0.77922046,0.86034966,0.95878124,0.7564666,0.8105407
E14001331,Lewisham East,10.128312,10.398065,-2.5151255,13.028468,2.467931,3.3701174,0.8864269,1.9844723,0.7603445,0.8612499
E14001332,Lewisham North,10.128312,9.019879,-2.5151255,12.486411,2.467931,6.7304535,0.8864269,2.1132812,0.7603445,0.87035847
E14001333,Lewisham West and East Dulwich,10.128312,9.946944,-2.5151255,13.326231,2.467931,3.0803773,0.8864269,1.9359703,0.7603445,0.86095524
E14001334,Leyton and Wanstead,10.147084,8.250486,-1.814194,12.082735,3.3255205,8.908532,0.90006065,2.1281261,0.75687695,0.8696461
E14001335,Lichfield,8.504322,2.4693766,-4.516175,13.059473,-0.03005457,7.3603783,0.8522601,1.4925947,0.75134706,0.78216624
E14001336,Lincoln,9.01844,-0.67762583,-3.6119316,15.96373,1.027331,13.494232,0.85599136,1.7939453,0.75193596,0.8153324
E14001337,Liverpool Garston,8.234981,5.6281233,-3.1347961,13.604967,6.239737,-1.5711192,0.7451744,0.88623047,0.7463093,0.7184448
E14001338,Liverpool Riverside,7.624796,5.5780582,-3.1706583,13.0204935,6.2417703,-1.5205008,0.7888794,0.8172531,0.74180126,0.71261024
E14001339,Liverpool Walton,7.624796,6.60386,-3.1706583,14.6556635,6.2417703,0.90426135,0.7888794,0.9207363,0.74180126,0.70915127
E14001340,Liverpool Wavertree,7.624796,5.6281233,-3.1706583,13.604967,6.2417703,-1.5711192,0.7888794,0.88623047,0.74180126,0.7184448
E14001341,Liverpool West Derby,7.624796,5.6281233,-3.1706583,13.604967,6.2417703,-1.5711192,0.7888794,0.88623047,0.74180126,0.7184448
E14001342,Loughborough,8.862323,0.45162123,-4.1384826,14.053813,-1.0089076,5.016799,0.86107254,1.8980789,0.7511482,0.83431816
E14001343,Louth and Horncastle,8.307819,-0.5834518,-3.7299535,19.203117,0.042587172,10.2932205,0.68955404,1.4975603,0.74627805,0.8006797
E14001344,Lowestoft,10.23835,6.361699,-2.248452,18.039421,-0.27242,6.90752,0.69414616,1.195118,0.75655365,0.8893585
E14001345,Luton North,9.324273,6.6523366,-2.6303985,12.834205,-1.0192361,3.844118,0.8780899,2.1703434,0.75291824,0.8590174
E14001346,Luton South and South Bedfordshire,8.873948,7.148568,-2.7308924,12.776282,-0.006181483,4.1302414,0.8789177,2.1982746,0.75473785,0.8636961
E14001347,Macclesfield,6.1793256,6.3665066,-5.6695633,10.75439,-0.6104728,5.5838766,0.7291336,1.1170087,0.742785,0.7520454
E14001348,Maidenhead,9.242549,7.5087066,-1.9060642,10.923083,0.8674448,2.921559,0.908556,1.7805341,0.7599125,0.84860927
E14001349,Maidstone and Malling,10.11043,10.578195,-2.2519639,10.980505,2.64715,1.6123973,0.98557854,2.2811203,0.75611115,0.86124134
E14001350,Makerfield,6.00852,7.4168572,-4.90055,15.35405,1.8543214,1.997896,0.7760315,1.0289707,0.74613476,0.7287674
E14001351,Maldon,10.6268635,10.33448,-1.3865364,11.00489,2.6815403,0.3465679,0.8694328,2.020584,0.75413954,0.85803604
E14001352,Manchester Central,5.9035788,8.393002,-4.783612,12.154735,-0.028608983,6.526173,0.73410034,1.1190109,0.7413988,0.75407314
E14001353,Manchester Rusholme,5.9035788,8.393002,-4.783612,12.154735,-0.028608983,6.526173,0.73410034,1.1190109,0.7413988,0.75407314
E14001354,Manchester Withington,5.3430924,7.6832824,-5.184685,11.913299,-0.107769564,5.196063,0.77648735,1.1018238,0.74258137,0.7572508
E14001355,Mansfield,8.271686,-0.30213055,-2.8708627,15.827171,0.5811606,9.134598,0.83709526,1.6134758,0.75399494,0.8125
E14001356,Melksham and Devizes,7.5562315,7.0541596,-1.7265246,14.42865,0.17415352,5.2386026,0.9883375,0.94778633,0.75491905,0.76167107
E14001357,Melton and Syston,9.103387,0.27358228,-3.7275276,15.108879,-0.27513713,6.8917556,0.8756736,1.9578085,0.7507395,0.83719194
E14001358,Meriden and Solihull East,9.151639,2.976274,-4.4168925,11.389943,-1.1138333,10.803857,0.9029846,1.6451168,0.75427055,0.8071127
E14001359,Mid Bedfordshire,9.673386,5.225871,-2.5342743,14.264218,-1.3749675,3.132981,0.86789703,2.3368554,0.75274533,0.87346
E14001360,Mid Buckinghamshire,8.860352,6.1048126,-2.924118,12.157258,0.5573823,4.2371526,0.91419715,1.9689617,0.7552675,0.84234476
E14001361,Mid Cheshire,7.974906,5.034906,-4.7830305,11.938979,1.7313077,2.9351683,0.78689003,1.0306969,0.7401967,0.76100826
E14001362,Mid Derbyshire,7.4340525,2.070167,-4.9007664,13.699311,-0.6604745,3.7563689,0.8462448,1.6139326,0.75703335,0.7885742
E14001363,Mid Dorset and North Poole,8.259528,7.060236,0.3430926,16.28607,2.9984763,13.892936,0.8745524,0.6870988,0.75376034,0.73138875
E14001364,Mid Leicestershire,8.611366,1.2868923,-4.9895763,13.627309,-1.5538098,1.9585303,0.8583231,1.8892422,0.7505255,0.8272414
E14001365,Mid Norfolk,9.945541,3.593579,-2.4595463,12.998996,0.37652007,3.1137078,0.80641395,1.941661,0.7551862,0.85063136
E14001366,Mid Sussex,9.707086,11.964803,-2.3192978,17.697548,1.8093175,3.9269917,0.9146118,1.0612627,0.7583065,0.82640266
E14001367,Middlesbrough and Thornaby East,9.710237,3.9629526,-1.9158192,12.533468,4.2084837,2.6692665,0.6010399,1.0543938,0.7461548,0.73540306
E14001368,Middlesbrough South and East Cleveland,9.14753,0.9731478,-1.2799844,12.922421,5.1616173,2.3589613,0.54535675,0.78043747,0.7423768,0.7320595
E14001369,Milton Keynes Central,9.84201,5.114813,-2.7905655,13.467685,-1.3327107,3.6420617,0.8692684,2.1936188,0.753459,0.86022186
E14001370,Milton Keynes North,9.780665,4.2160044,-2.8792028,14.180226,-1.065754,3.844028,0.8684654,2.268735,0.7536656,0.862134
E14001371,Mitcham and Morden,9.995041,9.514446,-2.8330176,13.564772,2.6782105,2.9767106,0.9055519,1.9069023,0.76114464,0.8612766
E14001372,Morecambe and Lunesdale,4.4399867,17.84366,-4.969802,15.612903,2.0121899,9.8168745,0.633861,0.9738054,0.7480741,0.71111
E14001373,New Forest East,8.667608,10.0534315,0.042916,18.824139,2.950548,8.642569,0.8700452,0.7494339,0.7555294,0.75027925
E14001374,New Forest West,7.9420967,8.637041,-0.9283492,18.381533,2.6934063,8.819254,0.9491005,0.6835739,0.75720596,0.7492809
E14001375,Newark,9.08447,-0.8790943,-3.0624478,15.602902,0.5577139,10.284333,0.86402446,1.7292125,0.75256854,0.82417154
E14001376,Newbury,8.332342,5.3247466,-1.9419844,11.234713,0.9312164,2.327654,0.9564104,1.3968029,0.7577057,0.80614316
E14001377,Newcastle upon Tyne Central and West,8.284847,5.7615337,-1.7171257,12.681106,3.6993098,10.493682,0.5601845,0.84648323,0.74545383,0.71138096
E14001378,Newcastle upon Tyne East and Wallsend,8.444807,4.1740513,-2.3284214,13.020687,3.1671062,8.841301,0.5026245,0.6199875,0.74226665,0.7080221
E14001379,Newcastle upon Tyne North,8.03853,4.718249,-2.0181744,12.853811,1.4973034,9.272135,0.48971367,0.69371796,0.74072456,0.7092066
E14001380,Newcastle-under-Lyme,7.845864,3.8655813,-4.457982,10.142154,1.9037061,4.7109785,0.7667351,1.1757488,0.7409601,0.76621723
E14001381,Newton Abbot,6.9691906,-0.9118582,-1.3767265,15.811476,0.32335085,6.539869,0.8334236,0.31176758,0.73249817,0.6595292
E14001382,Newton Aycliffe and Spennymoor,8.589218,6.2847166,-2.9495192,12.346579,1.1992109,4.6978846,0.59022236,1.0777674,0.7502725,0.73772645
E14001383,Normanton and Hemsworth,8.519461,1.6295376,-1.8746264,17.236473,1.2513137,7.8146133,0.7557583,1.4392465,0.7513828,0.79281425
E14001384,North Bedfordshire,9.689705,4.499818,-2.8315513,15.255988,-1.113108,2.8882065,0.87259483,2.3949788,0.75397664,0.87970424
E14001385,North Cornwall,7.235164,4.9840784,-2.870783,17.036552,0.3820755,6.7326612,0.91861206,0.23755074,0.73011154,0.62391376
E14001386,North Cotswolds,8.616246,4.9933434,-2.629459,10.514782,0.56132275,5.3800497,0.9414842,1.3737956,0.7527083,0.78078413
E14001387,North Devon,8.46728,6.9142246,-2.9295864,20.387432,1.7971834,4.707436,0.9359676,0.449201,0.7369122,0.64983624
E14001388,North Dorset,7.720901,5.7715635,-0.8347487,15.5456085,2.428446,7.876906,1.0050403,0.683304,0.75570923,0.7337778
E14001389,North Durham,7.218244,8.511166,-1.9371023,11.5902605,2.1179948,8.784224,0.62177783,1.0486912,0.7513097,0.7210759
E14001390,North East Cambridgeshire,9.905009,3.2646096,-3.5029085,15.388413,-0.31939062,3.02937,0.88270473,2.2366776,0.758673,0.875464
E14001391,North East Derbyshire,7.7742977,1.7075917,-3.0760694,14.55424,0.19417205,6.8568277,0.791203,1.5115039,0.7551981,0.7909029
E14001392,North East Hampshire,9.237553,6.918284,-1.0588515,11.303706,0.52503234,0.57335687,0.93514633,1.3550562,0.7592578,0.8277194
E14001393,North East Hertfordshire,9.274563,8.389068,-2.6152718,12.43687,0.6066804,4.2844315,0.9186516,2.260688,0.754632,0.8766856
E14001394,North East Somerset and Hanham,7.6826153,7.623014,-2.0273032,14.804614,0.028380945,7.365069,0.99835587,0.62153816,0.7532053,0.7258806
E14001395,North Herefordshire,8.091404,2.1705046,-2.5652962,14.141987,1.2765514,8.732243,0.9470187,0.9268994,0.7565004,0.76475585
E14001396,North Norfolk,9.998698,2.3240292,-1.6375704,16.111538,2.9194438,1.0958879,0.71937877,1.4392071,0.76118517,0.8454952
E14001397,North Northumberland,7.896057,3.7540028,-2.0941103,13.688555,2.0993378,10.835814,0.5770355,0.7127313,0.74518114,0.6814946
E14001398,North Shropshire,9.075183,2.4686701,-2.75803,11.379448,0.60452306,3.0580647,0.8482456,0.8846407,0.7506682,0.76447654
E14001399,North Somerset,8.819392,6.6972866,-1.9108367,16.43932,1.4063964,8.855175,0.97535133,0.6885414,0.75418663,0.72203636
E14001400,North Warwickshire and Bedworth,9.374637,2.4772456,-4.2917657,12.148768,-1.1269608,7.8860116,0.87191963,1.6713651,0.75214005,0.80923843
E14001401,North West Cambridgeshire,10.170076,1.9674329,-3.9604332,16.554834,-1.5242274,4.060917,0.8769665,2.2791889,0.75806713,0.872735
E14001402,North West Essex,9.834568,9.351555,-2.624722,10.019319,0.33959848,4.4720287,0.9394825,2.2531166,0.7547056,0.8678931
E14001403,North West Hampshire,8.148724,6.3198714,-1.5597514,11.415976,1.3476753,0.8540768,0.979578,1.2072868,0.758729,0.8057484
E14001404,North West Leicestershire,8.54805,1.4184769,-5.4739075,13.081705,-1.6233499,2.8307118,0.8410435,1.8037515,0.7521944,0.81831336
E14001405,North West Norfolk,9.591193,1.869823,-3.0589297,14.004364,2.5653207,2.3612,0.81869507,1.706581,0.7608566,0.83265996
E14001406,Northampton North,9.312829,3.6218796,-2.8367455,14.957862,0.043526772,3.144494,0.874321,2.125,0.7535629,0.8475151
E14001407,Northampton South,9.417809,3.826554,-2.686507,14.301513,0.16350314,4.236777,0.8762932,2.1723957,0.7535696,0.8520174
E14001408,Norwich North,10.158428,2.6688654,-2.2403424,16.700039,-0.47895306,5.1166935,0.7440376,1.8612957,0.75485325,0.84960365
E14001409,Norwich South,10.158317,3.7961953,-3.0219193,17.823383,-1.4383335,5.2756114,0.75696754,1.8511066,0.7553196,0.8506994
E14001410,Nottingham East,8.435847,-0.49031153,-4.423189,13.793482,-1.6886483,6.519981,0.8651962,1.7943344,0.75597763,0.8274059
E14001411,Nottingham North and Kimberley,8.435847,-0.05396713,-4.423189,13.446835,-1.6886483,5.7053757,0.8651962,1.79323,0.75597763,0.82316303
E14001412,Nottingham South,8.435847,0.29217532,-4.423189,13.27849,-1.6886483,4.5556793,0.8651962,1.8438816,0.75597763,0.8307009
E14001413,Nuneaton,9.4898,2.4825315,-4.463277,12.039733,-1.1397183,5.6365314,0.86475563,1.7765942,0.75152874,0.8150091
E14001414,Old Bexley and Sidcup,10.4158535,10.197011,-2.3647408,12.535246,2.5632765,3.5180948,0.90042305,2.059927,0.7571707,0.8606863
E14001415,Oldham East and Saddleworth,5.417307,7.6418204,-4.4821305,13.618228,0.080327146,10.59108,0.7273388,1.114811,0.74765587,0.7309437
E14001416,"Oldham West, Chadderton and Royton",4.996522,9.691913,-3.585171,13.381094,0.35833842,7.437458,0.73766136,1.0646477,0.7473974,0.7464738
E14001417,Orpington,9.922065,10.197011,-4.109918,12.535246,1.3936329,3.5180948,0.9473858,2.059927,0.75863934,0.8606863
E14001418,Ossett and Denby Dale,7.5063457,3.7758226,-2.419748,15.179443,-0.13539755,11.459252,0.7464056,1.3139433,0.7509074,0.7612693
E14001419,Oxford East,8.793745,5.2744446,-2.7651255,11.841098,0.114024594,4.9568233,0.921196,1.7965832,0.75668526,0.8357067
E14001420,Oxford West and Abingdon,8.709984,5.008554,-2.5544848,11.985953,0.8341688,5.349078,0.9149399,1.7292309,0.7575369,0.8328037
E14001421,Peckham,10.128312,8.875645,-2.5151255,12.460452,2.467931,6.148457,0.8864269,2.067936,0.7603445,0.86999893
E14001422,Pendle and Clitheroe,5.594063,14.440959,-2.3120766,16.182373,2.1512408,11.950641,0.6974087,1.1403484,0.748538,0.75625515
E14001423,Penistone and Stocksbridge,6.6180243,3.5769358,-3.3393867,14.405899,-1.2605573,9.347919,0.7400424,1.298975,0.75298387,0.7527113
E14001424,Penrith and Solway,5.6814637,20.366066,-3.6177783,15.156182,3.2756798,5.8332458,0.6688413,0.92042816,0.74401176,0.6697563
E14001425,Peterborough,10.073667,1.8762159,-3.763291,16.70359,-1.0566394,3.659381,0.87963295,2.2514217,0.7585554,0.872763
E14001426,Plymouth Moor View,5.2497063,2.2716706,-2.24631,18.449503,-1.6093642,6.865407,0.8486042,0.20008087,0.7351141,0.6291995
E14001427,Plymouth Sutton and Devonport,5.2497063,2.4818208,-2.24631,18.376093,-1.6093642,7.079939,0.8486042,0.19498634,0.7351141,0.6283674
E14001428,"Pontefract, Castleford and Knottingley",8.620176,1.4780517,-1.9823754,17.63129,1.3382537,8.177776,0.7578049,1.466959,0.7502346,0.79362774
E14001429,Poole,9.239348,8.194165,0.654051,17.55983,3.8185313,14.939286,0.8312683,0.6639309,0.75113106,0.7283354
E14001430,Poplar and Limehouse,10.020408,9.019879,-2.1105087,12.486411,2.881684,6.7304535,0.8914833,2.1132812,0.7584171,0.87035847
E14001431,Portsmouth North,9.422715,10.404442,1.3645191,16.808228,2.217079,5.4148726,0.7883949,0.93691444,0.76091766,0.7686243
E14001432,Portsmouth South,9.422715,10.404442,1.3645191,16.808228,2.217079,5.4148726,0.7883949,0.93691444,0.76091766,0.7686243
E14001433,Preston,6.6263227,12.436626,-4.346919,15.828185,1.9568324,7.28475,0.6967602,1.0165691,0.742218,0.7054291
E14001434,Putney,9.995041,8.758314,-2.8330176,12.395797,2.6782105,5.462683,0.9055519,2.0146484,0.76114464,0.8674698
E14001435,Queen's Park and Maida Vale,9.673448,8.758314,-2.9478312,12.395797,2.3661466,5.462683,0.90774536,2.0146484,0.7609577,0.8674698
E14001436,Rawmarsh and Conisbrough,8.80601,0.30724743,-2.4332895,17.450981,0.36278138,5.9809937,0.8273754,1.5032225,0.7523346,0.80421543
E14001437,Rayleigh and Wickford,10.789689,10.0757885,-1.158927,11.545928,3.1293695,0.52938193,0.8590908,2.1592445,0.752676,0.8575039
E14001438,Reading Central,9.047502,6.428692,-1.8505696,10.1774,-0.56249255,2.992516,0.92220306,1.6917973,0.7603121,0.8362608
E14001439,Reading West and Mid Berkshire,8.888432,5.656169,-1.6008306,10.239381,0.3528858,1.6043113,0.925869,1.5127282,0.75910187,0.8234875
E14001440,Redcar,9.191604,1.9094715,-1.6207103,12.289532,4.5180387,2.4862068,0.5631466,0.79479027,0.7439537,0.73509026
E14001441,Redditch,8.980072,3.0553255,-3.8453999,10.6618185,-0.5958109,11.623651,0.90252113,1.456543,0.7551837,0.7954941
E14001442,Reigate,9.828032,10.229893,-3.2899241,14.503102,1.9718776,0.5316472,0.9509163,1.8208656,0.759285,0.85696316
E14001443,Ribble Valley,5.637353,14.0480995,-4.0344443,16.050161,2.263817,9.232487,0.69537735,1.0173179,0.74683344,0.717822
E14001444,Richmond and Northallerton,6.837292,9.921871,-2.655712,12.010803,2.0528436,8.255622,0.6839166,1.2262057,0.7588034,0.7481717
E14001445,Richmond Park,9.806672,9.068621,-2.283961,13.709505,2.462483,3.2613094,0.90616035,1.8685226,0.7595329,0.8622656
E14001446,Rochdale,5.3962646,8.700262,-3.5240922,13.499514,2.2618449,8.554333,0.74917984,1.0866871,0.749033,0.7388425
E14001447,Rochester and Strood,10.632814,10.079833,-0.061567053,11.150608,4.9225636,1.413313,0.8347616,2.2974503,0.75419855,0.8619283
E14001448,Romford,10.271554,8.38783,-1.8691242,11.671394,3.3482683,7.0386777,0.9133949,2.2692375,0.7560911,0.86135006
E14001449,Romsey and Southampton North,7.409165,7.2158394,-1.6789637,14.26954,1.3440862,4.811903,1.004457,0.93714744,0.7603245,0.7850531
E14001450,Rossendale and Darwen,4.932254,11.343378,-4.589083,15.081928,0.8996378,8.137355,0.73561764,1.0313635,0.7489655,0.73431766
E14001451,Rother Valley,8.760572,-0.11405363,-2.613421,17.071962,0.2671866,6.439288,0.8376465,1.5585127,0.7531071,0.80981493
E14001452,Rotherham,8.814743,0.64268154,-2.2867627,16.523582,0.19568552,6.0188627,0.8064728,1.5311832,0.7531357,0.8048878
E14001453,Rugby,9.816066,2.7384052,-4.0343633,11.974832,-0.44925445,4.024333,0.88090515,1.8813705,0.7496538,0.8200337
E14001454,"Ruislip, Northwood and Pinner",9.187755,8.078552,-2.9431345,11.07926,1.0125145,4.8840513,0.92090034,1.9478998,0.7595358,0.85751057
E14001455,Runcorn and Helsby,7.6600637,4.7909193,-3.6982617,13.865606,4.8446054,2.1715372,0.7683468,0.89861774,0.746264,0.7482629
E14001456,Runnymede and Weybridge,9.742715,8.191325,-2.45031,13.145325,1.7545668,3.2337575,0.9413452,1.7652359,0.75900936,0.8593025
E14001457,Rushcliffe,8.714705,0.01912894,-4.363818,13.808662,-1.3458612,5.5121417,0.86434937,1.863369,0.75316334,0.83543235
E14001458,Rutland and Stamford,9.534789,0.70233613,-3.6862485,16.340939,-0.5025445,6.608829,0.89066017,2.0931344,0.75471145,0.8496483
E14001459,Salford,5.3430924,8.507669,-5.184685,12.616065,-0.107769564,5.5316744,0.77648735,1.1089516,0.74258137,0.7532339
E14001460,Salisbury,7.5895863,6.2787395,-1.2460169,15.753099,2.1515555,4.9909096,1.0060778,0.79315716,0.75800925,0.76139176
E14001461,Scarborough and Whitby,7.7140636,1.3066036,-2.194957,14.464643,4.663791,2.1195943,0.61629456,0.9251182,0.7452144,0.7533896
E14001462,Scunthorpe,8.33097,0.4032743,-3.007124,18.034136,3.1793606,11.391132,0.7126217,1.738665,0.746048,0.7769554
E14001463,Sefton Central,7.878422,6.814275,-3.8557186,14.766024,3.7213285,1.7503494,0.7005367,0.9125309,0.74769115,0.70494175
E14001464,Selby,8.466056,1.8126849,-2.0537093,17.356897,2.2395124,9.781394,0.73396426,1.5367979,0.7481108,0.78452504
E14001465,Sevenoaks,9.944029,10.773404,-3.2948308,12.420074,2.1715431,1.7669636,0.9472389,2.081728,0.75804234,0.858476
E14001466,Sheffield Brightside and Hillsborough,8.458144,2.000703,-2.3925736,15.103843,-0.3466812,6.9703765,0.784153,1.452734,0.7537966,0.7846432
E14001467,Sheffield Central,7.894529,2.000703,-2.9545395,15.103843,0.06621779,6.9703765,0.78733444,1.452734,0.75497246,0.7846432
E14001468,Sheffield Hallam,7.0635185,3.2206595,-3.1917048,13.934737,-1.4330544,8.242063,0.73548317,1.3556309,0.75433016,0.76197386
E14001469,Sheffield Heeley,7.894529,2.000703,-2.9545395,15.103843,0.06621779,6.9703765,0.78733444,1.452734,0.75497246,0.7846432
E14001470,Sheffield South East,8.458144,0.64268154,-2.3925736,16.523582,-0.3466812,6.0188627,0.784153,1.5311832,0.7537966,0.8048878
E14001471,Sherwood Forest,8.4477625,-0.6698481,-3.0371463,15.160711,-0.49504364,9.03578,0.8701833,1.690414,0.75447434,0.82156944
E14001472,Shipley,6.960873,7.285732,-2.2556305,15.42856,1.9451399,13.182983,0.7337494,1.1898279,0.7516084,0.7437947
E14001473,Shrewsbury,9.195011,2.389591,-2.8745642,11.566186,-0.8048475,7.126199,0.86922836,0.8702154,0.74754477,0.7654891
E14001474,Sittingbourne and Sheppey,10.509179,12.376972,0.5796896,9.584642,5.84735,1.1046453,0.80127716,2.3515139,0.75868607,0.8732443
E14001475,Skipton and Ripon,5.3638906,12.788444,-2.7536323,15.196321,2.1411693,12.842029,0.686646,1.1864699,0.7575011,0.7494899
E14001476,Sleaford and North Hykeham,9.124218,-0.54775625,-3.7747238,16.562508,-0.10882274,11.589184,0.855025,1.800974,0.75240725,0.8229243
E14001477,Slough,8.730091,7.9031153,-2.9305522,11.234237,0.48331538,3.3826668,0.93839073,1.8657227,0.7609463,0.8539953
E14001478,Smethwick,8.495418,2.3687541,-4.5067177,11.333447,-0.9885331,11.378362,0.887228,1.3857422,0.75566864,0.7869091
E14001479,Solihull West and Shirley,8.726069,2.9274406,-4.4317074,11.291883,-1.3361487,11.9257555,0.90947723,1.5584316,0.75487995,0.80127716
E14001480,South Basildon and East Thurrock,10.599063,9.1276455,-1.7771881,11.491978,2.098592,3.061548,0.8911629,2.3306637,0.7544861,0.8595562
E14001481,South Cambridgeshire,9.662338,7.1215553,-3.1168537,12.936715,-0.7232072,3.7156615,0.88864356,2.2504697,0.7538099,0.8813748
E14001482,South Cotswolds,7.670709,6.3249164,-1.7543865,12.101354,0.46527562,5.823189,0.9509662,1.1381708,0.754731,0.7656604
E14001483,South Derbyshire,8.413784,1.9227284,-5.4501266,13.38052,-1.100733,3.1880023,0.8365574,1.6923499,0.75385714,0.8016622
E14001484,South Devon,5.2218904,0.08692079,-1.4399531,18.084923,-0.82788104,7.0335507,0.8553597,0.34417343,0.73364985,0.63617057
E14001485,South Dorset,8.364369,7.04887,0.56005,16.31333,2.7374334,14.287984,0.9046714,0.6746852,0.7539714,0.72259873
E14001486,South East Cornwall,5.231774,3.373723,-2.275881,16.897366,-1.0712997,6.2933264,0.8759594,0.1557435,0.7337138,0.6176683
E14001487,South Holland and The Deepings,9.811864,1.1079286,-3.878662,16.769575,0.08543195,4.241053,0.8471598,2.0308955,0.7556872,0.8546179
E14001488,South Leicestershire,9.457735,2.4622219,-4.2268724,13.322487,-0.91025865,2.527261,0.8736677,1.973724,0.74992657,0.82740325
E14001489,South Norfolk,10.145123,4.7019525,-3.0138018,17.168076,-1.4454913,5.055985,0.7624429,1.7527628,0.75525695,0.8576908
E14001490,South Northamptonshire,9.318351,4.298605,-2.6790211,13.828636,0.0526575,4.864398,0.8894825,2.103581,0.75374174,0.8465575
E14001491,South Ribble,6.8866487,10.444172,-4.621465,15.796263,2.0726638,5.469281,0.74549294,0.98484707,0.74325085,0.7072177
E14001492,South Shields,8.013046,3.0081992,-2.4891653,13.337731,0.9644311,7.9104133,0.49530602,0.4506836,0.7445345,0.70475197
E14001493,South Shropshire,8.43642,2.1222312,-3.4690552,13.075333,0.5202327,8.0918,0.90183806,0.893141,0.7525948,0.7606085
E14001494,South Suffolk,10.070214,9.989742,-2.9278724,11.333096,0.9709823,2.6747813,0.8146451,1.7347577,0.7553625,0.87141967
E14001495,South West Devon,4.915781,1.378617,-1.9774474,17.674301,-1.8563651,5.893018,0.85197705,0.20358944,0.7340339,0.62868476
E14001496,South West Hertfordshire,8.925651,7.8996196,-2.651932,11.616874,0.5227383,5.1598825,0.8857231,2.0008469,0.75773716,0.857522
E14001497,South West Norfolk,9.690345,4.4216137,-3.2782872,12.540627,0.97823846,1.6491714,0.8352383,2.0235353,0.75613916,0.8663623
E14001498,South West Wiltshire,7.830784,6.796691,-1.0824068,15.508861,1.558361,4.830569,0.9968281,0.73791367,0.7536332,0.7481473
E14001499,Southampton Itchen,7.745634,9.794872,-0.44203475,16.548626,2.2347887,6.6479487,0.91607285,0.8965492,0.75797176,0.7644186
E14001500,Southampton Test,7.816692,9.794872,-0.43781427,16.548626,3.0169318,6.6479487,0.91908646,0.8965492,0.75750446,0.7644186
E14001501,Southend East and Rochford,10.984738,12.001275,0.4104732,12.528411,5.253846,-2.633744,0.8012295,1.920508,0.76438,0.8610916
E14001502,Southend West and Leigh,10.781904,11.560201,-0.32007992,12.204703,3.9112759,-1.9645125,0.8034344,1.997982,0.75503254,0.86069584
E14001503,Southgate and Wood Green,9.639817,8.276049,-2.609798,11.840393,1.8932557,7.674693,0.88988304,2.0864582,0.75628567,0.8662996
E14001504,Southport,8.616243,9.467811,-3.4208856,15.083689,3.170217,5.4527655,0.7146826,0.8347988,0.7498231,0.70030403
E14001505,Spelthorne,9.644432,8.191325,-2.467,13.145325,1.9545803,3.2337575,0.930418,1.7652359,0.76032734,0.8593025
E14001506,Spen Valley,7.7706532,4.500714,-1.8219001,14.999723,0.49330574,13.380933,0.7460785,1.2599297,0.75069714,0.7532053
E14001507,St Albans,9.414085,8.128691,-2.7599978,11.720856,1.8226318,5.7132187,0.90893936,2.0277023,0.75673866,0.8606472
E14001508,St Austell and Newquay,6.4585514,2.122979,-1.7959065,14.948504,-0.17818174,5.635749,0.8393345,0.28131437,0.72257614,0.6080353
E14001509,St Helens North,6.4204583,6.919421,-3.92937,15.664766,3.6827338,1.2511876,0.78899384,0.9996109,0.74864006,0.7189903
E14001510,St Helens South and Whiston,6.4204583,6.0692577,-3.92937,14.83286,3.6827338,1.0028633,0.78899384,0.95742226,0.74864006,0.7367506
E14001511,St Ives,6.957546,-0.047830936,-3.2746966,17.11643,-0.5911775,6.105854,0.8622653,0.42749533,0.70452577,0.59183055
E14001512,St Neots and Mid Cambridgeshire,9.774175,5.2516136,-3.263737,14.312191,-1.239154,3.3198469,0.89153165,2.3603768,0.7549874,0.8821523
E14001513,Stafford,8.572636,2.6565318,-3.812759,10.609591,0.9784718,5.570031,0.84203815,1.1823571,0.7472644,0.7697023
E14001514,Staffordshire Moorlands,5.648522,4.6930885,-5.2003937,11.988472,0.6622032,5.549981,0.7504678,1.2515013,0.750857,0.7434463
E14001515,Stalybridge and Hyde,5.730605,6.6898623,-5.013533,12.470196,-0.51169723,8.247463,0.71780396,1.1376629,0.74478006,0.73532724
E14001516,Stevenage,9.4260235,8.134956,-2.4216747,12.494831,-0.79572946,4.6233187,0.8976288,2.2290688,0.7532835,0.87075615
E14001517,Stockport,5.9035788,7.663107,-4.783612,11.467483,-0.028608983,6.044136,0.73410034,1.1123371,0.7413988,0.7569628
E14001518,Stockton North,9.842325,3.5998173,-2.252195,12.473818,2.7200541,2.564077,0.63664436,1.0193195,0.7485666,0.7355118
E14001519,Stockton West,9.463314,5.8018146,-2.4744277,11.949255,1.60734,3.5726216,0.659153,1.2282425,0.75239086,0.7448286
E14001520,Stoke-on-Trent Central,7.0803485,4.107343,-4.7987895,10.333957,0.9908004,5.586643,0.75458145,1.2274742,0.7449827,0.7629528
E14001521,Stoke-on-Trent North,7.0803485,5.210043,-4.7987895,10.436117,0.9908004,6.42977,0.75458145,1.1658535,0.7449827,0.760849
E14001522,Stoke-on-Trent South,7.2343993,3.6160884,-4.60521,10.888974,1.2261647,5.5994925,0.7971986,1.2513838,0.7496751,0.76135445
E14001523,"Stone, Great Wyrley and Penkridge",9.105407,2.2597473,-4.179378,11.317915,0.15277126,7.116948,0.87367696,1.2513672,0.749506,0.7727674
E14001524,Stourbridge,8.575574,2.1810646,-4.637172,11.093803,-0.36580002,10.849727,0.8977604,1.3133469,0.75487614,0.7833586
E14001525,Stratford and Bow,10.020408,9.019879,-2.1105087,12.486411,2.881684,6.7304535,0.8914833,2.1132812,0.7584171,0.87035847
E14001526,Stratford-on-Avon,9.325055,4.005113,-3.588628,11.121148,-0.5700401,9.177268,0.9075661,1.6908016,0.75384504,0.8094387
E14001527,Streatham and Croydon North,10.128312,9.946944,-2.5151255,13.326231,2.467931,3.0803773,0.8864269,1.9359703,0.7603445,0.86095524
E14001528,Stretford and Urmston,5.3430924,7.377243,-5.184685,12.6459255,-0.107769564,4.2040014,0.77648735,1.0825844,0.74258137,0.7538767
E14001529,Stroud,8.256882,4.7576833,-1.9124448,11.625489,1.5969191,5.8665366,0.94838333,0.99204063,0.75411606,0.75500655
E14001530,Suffolk Coastal,10.140009,8.932725,-1.4716638,14.300133,1.0876913,4.0930133,0.7326229,1.4790246,0.7571352,0.8835
E14001531,Sunderland Central,8.013046,4.960192,-2.4891653,12.615526,0.9644311,6.731861,0.49530602,0.59843826,0.7445345,0.707901
E14001532,Surrey Heath,9.483821,7.328921,-1.5072862,12.420966,1.3502159,1.7411467,0.9223976,1.5748043,0.7578697,0.847559
E14001533,Sussex Weald,9.768312,13.043929,-2.066106,13.237814,3.907946,-0.11296744,0.9305366,1.5520414,0.7573282,0.8430338
E14001534,Sutton and Cheam,9.828032,9.514446,-3.2899241,13.564772,1.9718776,2.9767106,0.9509163,1.9069023,0.759285,0.8612766
E14001535,Sutton Coldfield,9.076996,2.421682,-4.0415382,12.415991,-1.0524918,9.521012,0.88243294,1.5486984,0.7527561,0.7968216
E14001536,Swindon North,8.246521,5.3210926,-1.524604,12.133171,0.75988173,6.336255,0.9518719,1.4360514,0.7554369,0.7921376
E14001537,Swindon South,8.046612,5.500309,-1.6989702,12.068042,0.38767606,6.0409727,0.9722233,1.3975258,0.75575066,0.7890644
E14001538,Tamworth,9.066416,2.3207128,-4.7150497,12.7152605,-0.7903294,8.514953,0.85541916,1.610927,0.75101185,0.80081207
E14001539,Tatton,6.596741,6.0332956,-4.9994903,12.100016,0.61671585,3.7551224,0.7823302,1.0565239,0.7408819,0.7575161
E14001540,Taunton and Wellington,8.231846,0.90438825,-2.1279721,12.974529,1.5897121,3.939726,0.9890003,0.4333655,0.7491679,0.71779984
E14001541,Telford,9.228559,1.6361145,-4.0497465,10.011945,-1.095779,7.0775175,0.90400124,1.017643,0.7499685,0.7731371
E14001542,Tewkesbury,9.26424,4.443097,-2.6463823,9.925652,0.9862044,7.1045322,0.956075,1.4241943,0.75214005,0.78587174
E14001543,The Wrekin,9.163204,1.8710285,-3.8574224,10.079208,-0.64188445,6.131192,0.8938732,1.0249157,0.74960876,0.7730549
E14001544,Thirsk and Malton,7.9488287,3.618456,-2.9711626,15.078209,2.7156887,7.690945,0.6993088,1.2773792,0.7508371,0.7505191
E14001545,Thornbury and Yate,8.04252,6.3871408,-1.8822368,13.788391,1.7033583,9.020719,0.9732159,0.84661484,0.755542,0.73831624
E14001546,Thurrock,10.621299,8.898702,-1.8511868,11.699045,2.6289086,4.5057163,0.90265274,2.267252,0.75594044,0.8603258
E14001547,Tipton and Wednesbury,9.2937,2.1810646,-4.605049,11.093803,-0.37898043,10.849727,0.9025345,1.3133469,0.75078297,0.7833586
E14001548,Tiverton and Minehead,7.680692,3.067613,-2.4762821,17.715782,1.3403629,4.9599047,0.9462382,0.43202567,0.7459135,0.6817916
E14001549,Tonbridge,9.711565,11.566936,-2.6406176,12.524039,2.02476,1.554575,0.9692262,1.9696611,0.7590777,0.85671645
E14001550,Tooting,9.995041,9.514446,-2.8330176,13.564772,2.6782105,2.9767106,0.9055519,1.9069023,0.76114464,0.8612766
E14001551,Torbay,6.4289107,-0.9907524,-0.73201066,16.494823,0.34657928,5.761136,0.82334137,0.28082657,0.73124504,0.64607906
E14001552,Torridge and Tavistock,7.317006,4.8376074,-2.153968,17.083336,0.95446485,6.110561,0.929557,0.22743842,0.73490864,0.634643
E14001553,Tottenham,10.020408,8.276049,-2.1105087,11.840393,2.881684,7.674693,0.8914833,2.0864582,0.7584171,0.8662996
E14001554,Truro and Falmouth,7.0418415,0.6100382,-2.1365945,15.398281,-0.8367041,6.877912,0.8503882,0.28307214,0.717782,0.60202885
E14001555,Tunbridge Wells,9.751628,12.373904,-1.9561983,11.2340355,3.348401,-0.04591891,0.9765558,1.9835615,0.75818205,0.8585677
E14001556,Twickenham,9.806672,8.59053,-2.283961,13.544825,2.462483,3.362307,0.90616035,1.820898,0.7595329,0.861454
E14001557,Tynemouth,8.07796,3.6298542,-1.3343242,13.187562,0.49041668,8.410467,0.5938511,0.546257,0.7489271,0.70683765
E14001558,Uxbridge and South Ruislip,9.187755,8.15348,-2.9431345,11.180411,1.0125145,5.2479396,0.92090034,1.9483719,0.7595358,0.85757446
E14001559,Vauxhall and Camberwell Green,10.128312,8.875645,-2.5151255,12.460452,2.467931,6.148457,0.8864269,2.067936,0.7603445,0.86999893
E14001560,Wakefield and Rothwell,8.519461,2.8672726,-1.8746264,16.54237,1.2513137,10.189305,0.7557583,1.392189,0.7513828,0.7797165
E14001561,Wallasey,9.584195,5.4639354,-2.2677672,12.491889,7.089176,-1.0286137,0.80500793,0.76416016,0.75027084,0.7085905
E14001562,Walsall and Bloxwich,8.905696,2.1615584,-4.604797,11.643148,-1.0286521,10.114429,0.8811493,1.3612957,0.75121593,0.7837677
E14001563,Walthamstow,10.020408,8.250486,-2.1105087,12.082735,2.881684,8.908532,0.8914833,2.1281261,0.7584171,0.8696461
E14001564,Warrington North,5.607269,6.698206,-4.6409793,13.935074,2.2341726,2.5574455,0.80187225,1.0296221,0.74748707,0.7455387
E14001565,Warrington South,6.873028,6.47407,-4.7182508,14.339231,1.5387682,2.0582345,0.8044243,1.0078773,0.74394417,0.74262905
E14001566,Warwick and Leamington,9.709074,3.4902122,-3.7031322,11.381892,-0.97929853,8.603479,0.8941479,1.7551441,0.7516546,0.81662846
E14001567,Washington and Gateshead South,8.444807,5.593197,-2.3284214,12.385509,3.1671062,7.199423,0.5026245,0.6490898,0.74226665,0.7096052
E14001568,Watford,8.925651,7.8996196,-2.651932,11.616874,0.5227383,5.1598825,0.8857231,2.0008469,0.75773716,0.857522
E14001569,Waveney Valley,10.278926,6.878657,-3.0885186,14.861691,-0.24110879,3.9199965,0.78168327,1.799105,0.75515556,0.861169
E14001570,Weald of Kent,9.999454,13.037549,-1.221312,9.092404,2.9541898,1.0718639,0.9528611,2.3130887,0.7560886,0.8697576
E14001571,Wellingborough and Rushden,9.802874,3.2808473,-3.5604923,15.877098,-0.8659146,3.3626208,0.8578434,2.2634268,0.75491714,0.86334705
E14001572,Wells and Mendip Hills,7.932265,5.7622833,-2.3208616,16.222801,0.15239938,6.932024,1.0225521,0.6388345,0.7537988,0.72514534
E14001573,Welwyn Hatfield,9.573737,8.534374,-2.3495533,12.020609,1.0096765,5.7757597,0.88084984,2.1393223,0.7546272,0.8688526
E14001574,West Bromwich,8.905696,2.3687541,-4.604797,11.333447,-1.0286521,11.378362,0.8811493,1.3857422,0.75121593,0.7869091
E14001575,West Dorset,7.3504167,4.435256,-1.0490677,13.922253,1.870278,8.930777,0.9345163,0.6145481,0.7514621,0.7159004
E14001576,West Ham and Beckton,10.147084,8.974728,-1.814194,12.214686,3.3255205,6.488494,0.90006065,2.1486664,0.75687695,0.86569977
E14001577,West Lancashire,7.128897,8.039369,-4.266778,15.231067,3.1654086,3.2485857,0.76119804,0.9138673,0.7440119,0.7058706
E14001578,West Suffolk,10.084274,7.1395392,-2.4346445,11.480773,1.0916718,3.021592,0.8440097,2.0099013,0.754376,0.87429947
E14001579,West Worcestershire,9.139778,2.8037949,-2.7696931,10.853364,0.44358125,8.819465,0.93731964,1.2054032,0.75448227,0.7819582
E14001580,Westmorland and Lonsdale,3.4826267,20.588142,-3.8327596,14.042587,2.307057,10.941029,0.66082484,0.90013313,0.75795823,0.7019578
E14001581,Weston-super-Mare,8.485761,5.461066,-1.9875017,18.117588,0.90276927,7.3680944,0.9736004,0.7163086,0.7574482,0.7265701
E14001582,Wetherby and Easingwold,8.38046,4.9780903,-2.2685509,15.394272,2.9397914,9.773593,0.7573583,1.396049,0.7523718,0.77226204
E14001583,Whitehaven and Workington,4.647522,17.845827,-5.243521,16.885519,3.5643537,-0.17433977,0.61480856,0.9225585,0.7340759,0.65869564
E14001584,Widnes and Halewood,8.234981,5.7997456,-3.1347961,14.512534,6.239737,-0.3632191,0.7451744,0.927866,0.7463093,0.7283268
E14001585,Wigan,5.6780815,8.722314,-5.0036583,15.961364,1.4484198,4.3333645,0.7741623,1.0162754,0.74687815,0.71346664
E14001586,Wimbledon,9.995041,9.514446,-2.8330176,13.564772,2.6782105,2.9767106,0.9055519,1.9069023,0.76114464,0.8612766
E14001587,Winchester,7.7489486,8.706613,-0.697638,13.515651,1.725935,3.7315276,0.96548843,1.0225073,0.758988,0.7920825
E14001588,Windsor,9.471053,7.82472,-2.4587767,12.290308,1.4716575,2.608322,0.92184067,1.7420578,0.7607355,0.8554125
E14001589,Wirral West,8.848636,4.493371,-2.4843426,11.825688,6.1361375,-1.0257099,0.7427101,0.79964256,0.7415514,0.71841717
E14001590,Witham,10.279742,9.74107,-2.2715154,10.21628,1.3995318,0.83296263,0.8706174,1.9185214,0.75477314,0.8601234
E14001591,Witney,8.384986,5.140278,-2.3637962,12.332872,0.70763046,5.6662483,0.9335747,1.6363933,0.7569418,0.81506956
E14001592,Woking,9.693683,7.789532,-2.0142229,13.483082,1.7012628,2.3086185,0.93532753,1.6216469,0.7583885,0.8518944
E14001593,Wokingham,9.133334,6.8684974,-1.8999085,10.447249,-0.07175202,2.396725,0.9034023,1.6531572,0.7603073,0.8411236
E14001594,Wolverhampton North East,9.2937,1.9745853,-4.605049,11.255582,-0.37898043,9.86029,0.9025345,1.2902012,0.75078297,0.7800894
E14001595,Wolverhampton South East,9.2937,1.9745853,-4.605049,11.255582,-0.37898043,9.86029,0.9025345,1.2902012,0.75078297,0.7800894
E14001596,Wolverhampton West,9.501049,1.8063688,-4.536616,10.911493,0.046982445,9.432418,0.9067192,1.226366,0.7515259,0.7774925
E14001597,Worcester,9.221212,2.975871,-3.0902271,10.390525,0.47684032,10.19351,0.93061256,1.3213539,0.75513077,0.78842926
E14001598,Worsley and Eccles,5.392312,8.218284,-4.827185,13.49642,1.1074542,4.2446623,0.7885399,1.0814457,0.7458124,0.74351406
E14001599,Worthing West,10.668928,10.594882,-0.12695093,19.545828,3.7450128,2.5251417,0.90945244,0.7537441,0.76136017,0.7998142
E14001600,Wycombe,8.531626,7.178653,-2.8678024,10.404362,0.022542007,4.62789,0.94277763,1.8839674,0.7596407,0.8396187
E14001601,Wyre Forest,8.840789,2.1027327,-3.7615438,11.1078205,-0.09256901,10.293499,0.92222595,1.2209959,0.7548466,0.78178596
E14001602,Wythenshawe and Sale East,5.3430924,7.6832824,-5.184685,11.913299,-0.107769564,5.196063,0.77648735,1.1018238,0.74258137,0.7572508
E14001603,Yeovil,8.359147,2.1152835,-1.569717,12.120291,0.9871071,6.58096,0.9868571,0.5017824,0.7494151,0.72453284
E14001604,York Central,8.422686,4.1620197,-1.806201,16.681313,3.462208,10.72719,0.7225323,1.4545574,0.74806786,0.76202106
E14001605,York Outer,8.433179,3.6124616,-1.9839982,16.939325,3.4126718,10.530612,0.73105556,1.4973392,0.74852437,0.76253796
N05000001,Belfast East,5.7329335,0.9270623,-4.5113697,19.812687,4.068742,0.3143862,0.65981865,0.28424454,0.69155884,0.5088606
N05000002,Belfast North,4.73074,0.7325795,-3.5096333,20.794054,4.4189243,-0.111724146,0.65042114,0.28564453,0.69209576,0.48967552
N05000003,Belfast South and Mid Down,5.460785,0.45896786,-4.2704406,21.419231,4.9008737,-0.7194126,0.6837635,0.3191719,0.6936245,0.50027466
N05000004,Belfast West,5.460785,0.7325795,-4.2704406,20.794054,4.9008737,-0.111724146,0.6837635,0.28564453,0.6936245,0.48967552
N05000005,East Antrim,5.206318,2.86221,-3.5432253,18.33135,4.7608624,4.6282244,0.64630103,0.18726079,0.6872549,0.504602
N05000006,East Londonderry,6.1480336,8.160051,-3.3679593,16.514668,4.8055797,3.7789302,0.671429,0.1427644,0.6841984,0.5025804
N05000007,Fermanagh and South Tyrone,4.8201613,9.625413,-4.7709217,20.72656,3.7575111,12.090546,0.7107398,0.2916066,0.69171375,0.47711813
N05000008,Foyle,5.852228,12.277273,-3.9018524,17.222061,4.2359138,4.133129,0.6213169,0.20818615,0.6754255,0.48470736
N05000009,Lagan Valley,6.227817,0.17176427,-3.875852,22.545168,5.3940587,0.7551211,0.69524086,0.40456662,0.6892605,0.4840949
N05000010,Mid Ulster,4.385992,4.9881487,-3.4799058,19.665628,4.655502,7.1601458,0.71126,0.197182,0.69205004,0.4926035
N05000011,Newry and Armagh,5.535276,0.40293878,-4.233305,23.69229,4.5906315,4.4310026,0.7432177,0.23021595,0.6913152,0.486228
N05000012,North Antrim,6.089643,5.118124,-3.7548513,16.215714,4.9553905,4.340689,0.66551894,0.093869016,0.68210983,0.5093117
N05000013,North Down,6.954331,1.0305463,-1.9641161,18.68933,6.577305,1.3098825,0.5687828,0.30709648,0.68006134,0.5262041
N05000014,South Antrim,5.134549,1.7583708,-3.3735652,20.639534,4.6516523,2.0981452,0.6585922,0.29698905,0.6861404,0.4879613
N05000015,South Down,5.6237583,-2.500441,-4.0450644,21.824469,4.5504246,-2.3660872,0.6981248,0.25801647,0.6887799,0.49149305
N05000016,Strangford,7.018505,0.31029236,-3.9030602,20.0266,3.6123216,-1.3205427,0.6193469,0.311256,0.6852236,0.5190697
N05000017,Upper Bann,6.4602838,1.3395315,-3.452379,22.443813,5.322268,3.8288639,0.74307185,0.34428367,0.6895752,0.49417573
N05000018,West Tyrone,4.3902664,10.951874,-4.3864994,18.607338,3.647359,8.994774,0.70642376,0.25406244,0.69130945,0.4867423
S14000021,East Renfrewshire,4.152392,20.30037,-2.9999046,15.4750595,1.3725483,8.424016,0.6300125,0.58893204,0.735888,0.62724483
S14000027,Na h-Eileanan an Iar,1.3244082,15.096292,-0.8002361,6.167412,1.6965647,7.1041417,0.42200392,0.52135605,0.65348375,0.5219256
S14000045,Midlothian,7.3006883,15.459112,-1.3160696,14.13815,2.6499026,11.502774,0.6801939,0.5512497,0.74861586,0.63675195
S14000048,North Ayrshire and Arran,4.1601267,14.900766,-3.6563883,13.248576,3.8263974,7.8287024,0.56612873,0.8182206,0.7071598,0.5914368
S14000051,Orkney and Shetland,2.9412873,7.3439436,1.5411036,8.424774,3.679327,1.9450942,0.57774836,0.8716203,0.73934054,0.53327566
S14000060,Aberdeen North,6.993311,-5.2806935,-1.8812292,8.006245,4.500574,19.509775,0.6275959,0.5597432,0.7477846,0.6366103
S14000061,Aberdeen South,7.3934407,-5.3448396,-1.3115206,7.506369,3.9640703,17.623995,0.6926441,0.46269608,0.73858786,0.6438074
S14000062,Aberdeenshire North and Moray East,7.289496,-1.6221097,-1.0522157,10.077584,2.735339,10.004572,0.5742388,0.45657337,0.73428965,0.6099497
S14000063,Airdrie and Shotts,5.580023,21.796324,-2.2430696,14.308099,4.2729664,14.258136,0.6688843,0.49056005,0.7440362,0.6454704
S14000064,Alloa and Grangemouth,3.2100155,17.039001,-3.3799713,17.307749,5.061461,18.677135,0.63214874,0.2369461,0.7665458,0.67224526
S14000065,Angus and Perthshire Glens,2.0786893,11.0185175,-1.7965333,15.225358,3.701461,14.457086,0.6445615,0.25477988,0.7951079,0.6823406
S14000066,Arbroath and Broughty Ferry,5.7109184,3.3024921,-1.4617686,11.712074,4.875229,13.340772,0.5604019,0.48118478,0.7465787,0.6381879
S14000067,"Argyll, Bute and South Lochaber",2.5526884,19.10327,-2.3257499,10.435919,3.0548623,10.312852,0.5491315,0.64356333,0.71603817,0.6587325
S14000068,Bathgate and Linlithgow,6.71661,19.510193,-2.209748,14.955511,4.5092206,17.644793,0.64509964,0.325404,0.7437186,0.64894044
S14000069,"Caithness, Sutherland and Easter Ross",2.7383459,12.755633,0.07718065,5.2634444,1.6896724,5.6222153,0.5465916,0.4652908,0.7549072,0.6111794
S14000070,Coatbridge and Bellshill,5.2087026,20.912222,-2.0925388,16.096144,4.2319193,12.865119,0.65654373,0.4389305,0.7433028,0.6458392
S14000071,Cowdenbeath and Kirkcaldy,7.96443,14.072049,-0.76322097,14.885636,3.6890383,18.21668,0.5312681,0.12974167,0.7267842,0.62550735
S14000072,Cumbernauld and Kirkintilloch,4.654339,20.158186,-2.355681,16.470818,4.9896317,14.446915,0.6517372,0.39919662,0.75098896,0.6555457
S14000073,Dumfries and Galloway,2.8580136,13.931656,-3.1383135,16.088133,4.201231,6.4853535,0.6256156,0.79831827,0.7297629,0.62433445
S14000074,"Dumfriesshire, Clydesdale and Tweeddale",2.8124082,20.081865,-2.8609138,15.212483,3.5330303,8.498416,0.6868733,0.7358796,0.753517,0.65084004
S14000075,Dundee Central,5.754895,6.24772,-1.3726479,13.760434,5.8394203,12.443885,0.5755825,0.22408867,0.7630143,0.630126
S14000076,Dunfermline and Dollar,5.566375,16.402082,-2.6012294,16.499805,5.174385,20.290867,0.5971632,0.15917158,0.7514732,0.65226734
S14000077,East Kilbride and Strathaven,4.3611283,21.337954,-2.131394,13.264775,1.5110469,7.9131203,0.64088947,0.60549545,0.73962325,0.63141686
S14000078,Edinburgh East and Musselburgh,9.9708395,14.134704,-0.92103314,13.8298855,2.8056061,12.6608715,0.611496,0.419075,0.7329426,0.6245842
S14000079,Edinburgh North and Leith,9.297951,15.738022,-2.3659234,14.443223,2.6690564,13.7030525,0.6034317,0.38134766,0.7352042,0.6305876
S14000080,Edinburgh South,9.297951,15.738022,-2.3659234,14.443223,2.6690564,13.7030525,0.6034317,0.38134766,0.7352042,0.6305876
S14000081,Edinburgh South West,8.421305,17.517849,-1.8251536,15.152086,3.2177072,14.559431,0.60264397,0.37809372,0.73743343,0.64011383
S14000082,Edinburgh West,8.421305,16.32957,-1.8251536,14.935194,3.2177072,17.483019,0.60264397,0.18482971,0.73743343,0.62954044
S14000083,Falkirk,5.741463,19.23166,-2.6499674,15.716603,4.664711,18.223116,0.660738,0.28984323,0.7466183,0.65514296
S14000084,Glasgow East,5.203175,21.49525,-1.7162385,15.951461,4.7293644,10.009736,0.64531136,0.4929676,0.7419443,0.6347251
S14000085,Glasgow North,4.021099,20.321188,-2.8495045,16.793941,5.796697,10.762334,0.6452236,0.42350388,0.7476144,0.6480441
S14000086,Glasgow North East,4.315813,20.706684,-2.6172698,16.640554,5.3438,11.534209,0.6525116,0.4161129,0.7503629,0.6489582
S14000087,Glasgow South,5.096586,20.90524,-1.9121749,16.20287,5.8596683,9.004424,0.6385021,0.5339508,0.7390981,0.63246155
S14000088,Glasgow South West,5.096586,20.321188,-1.9121749,16.793941,5.8596683,10.762334,0.6385021,0.42350388,0.7390981,0.6480441
S14000089,Glasgow West,4.021099,19.988888,-2.8495045,16.654573,5.796697,10.46106,0.6452236,0.42259026,0.7476144,0.6482525
S14000090,Glenrothes and Mid Fife,7.125926,10.601524,-2.3712907,14.15976,5.146738,14.00239,0.54933167,0.16014004,0.74311304,0.62340283
S14000091,Gordon and Buchan,7.3872995,-2.2620497,-1.3207706,10.947779,2.328132,16.048218,0.6093826,0.4631944,0.76086414,0.62252975
S14000092,Hamilton and Clyde Valley,5.280769,22.016607,-1.3478866,12.594935,4.4717665,9.016816,0.6669769,0.5759881,0.7428758,0.63766956
S14000093,Inverclyde and Renfrewshire West,4.068186,18.8429,-1.766993,15.061501,5.4123344,11.1558695,0.5700016,0.56712246,0.728086,0.6418538
S14000094,"Inverness, Skye and West Ross-shire",1.2999367,21.92454,0.29684895,4.2411146,1.7613188,8.458378,0.5528191,0.56876063,0.73974735,0.66659945
S14000095,Livingston,6.8105392,20.176239,-1.7261829,14.83276,4.063332,14.430136,0.6518871,0.46332216,0.74422294,0.64930165
S14000096,Lothian East,9.268455,7.6286225,-1.8733088,12.756896,3.3163512,6.954265,0.55783683,0.4697914,0.7362628,0.60818976
S14000097,Mid Dunbartonshire,4.168456,19.887396,-2.733387,17.304255,5.5702486,13.519064,0.6488676,0.36393166,0.7489886,0.662004
S14000098,"Moray West, Nairn and Strathspey",4.9249167,10.679641,-0.31899402,9.597393,1.3279117,9.385419,0.6520059,0.48076174,0.77254486,0.67863
S14000099,"Motherwell, Wishaw and Carluke",5.622423,21.791283,-2.252649,14.426516,4.196413,12.681377,0.66789055,0.5294256,0.74354076,0.64474535
S14000100,North East Fife,7.2044535,7.96639,-1.5097893,13.145494,5.79317,11.843283,0.5263927,0.17589149,0.7441639,0.6210362
S14000101,Paisley and Renfrewshire North,4.0807414,19.469927,-2.6508071,16.101297,6.4576507,10.68395,0.6400547,0.473341,0.7436805,0.6465659
S14000102,Paisley and Renfrewshire South,3.6331546,18.62527,-2.3767061,15.032732,5.6503158,9.63429,0.64236766,0.64798164,0.7374509,0.6190076
S14000103,Perth and Kinross-shire,4.29695,13.963419,-2.1816893,18.03975,5.7464166,14.773096,0.62111396,0.076316744,0.775319,0.6808926
S14000104,Rutherglen,5.205939,21.839155,-1.9043887,15.199487,4.480642,10.965936,0.65092754,0.50572777,0.74262357,0.63681936
S14000105,Stirling and Strathallan,2.2636664,19.544353,-1.8936561,16.468317,4.700422,13.795707,0.6357829,0.31429225,0.76846695,0.69501305
S14000106,West Dunbartonshire,3.704137,19.87966,-2.5065727,16.504248,6.1616554,11.722069,0.62585515,0.37559637,0.7427061,0.6664584
S14000107,"Ayr, Carrick and Cumnock",4.801581,15.7498665,-3.5600426,10.521687,1.8015782,6.0990624,0.62683743,0.71387935,0.7278939,0.5997432
S14000108,"Berwickshire, Roxburgh and Selkirk",6.2519436,12.648802,-2.5540879,12.587307,2.0051005,11.004343,0.68747985,0.8406948,0.75707674,0.6636703
S14000109,Central Ayrshire,4.861746,17.435902,-4.307266,7.938444,1.7081772,4.097719,0.63026714,0.70125836,0.72287464,0.59173995
S14000110,Kilmarnock and Loudoun,3.8702297,19.399275,-2.7618546,10.902984,2.365019,5.7815223,0.65862197,0.7297016,0.7376405,0.6107141
S14000111,West Aberdeenshire and Kincardine,5.6931963,0.053341947,-0.91402435,11.433169,4.460129,15.832442,0.6513512,0.45644814,0.7818865,0.6627638
W07000081,Aberafan Maesteg,5.546223,11.492321,-4.752117,23.600237,-1.5590372,14.473493,0.92653847,0.5350914,0.748333,0.6675863
W07000082,Alyn and Deeside,8.441473,3.4999163,-2.8745837,11.814781,3.07253,1.0679657,0.79175663,0.72613907,0.74544716,0.74019814
W07000083,Bangor Aberconwy,6.440947,9.80095,-2.991101,10.738575,1.806477,2.885263,0.755605,0.5615266,0.7352026,0.67827415
W07000084,Blaenau Gwent and Rhymney,5.535934,6.03071,-2.5534623,22.34848,0.2863449,11.215145,0.9477596,0.5675287,0.75557756,0.70184326
W07000085,"Brecon, Radnor and Cwm Tawe",5.9614863,7.3058095,-2.898923,19.38501,0.42752397,5.8019395,0.90541166,0.55682504,0.7505806,0.700517
W07000086,Bridgend,4.4085374,10.335448,-4.8663406,25.025553,-1.8829067,14.579707,0.9106674,0.5856762,0.75055504,0.6718607
W07000087,Caerfyrddin,4.990515,10.0268755,-3.7255764,22.103548,0.18015292,7.056069,0.93662274,0.47593307,0.740813,0.6695526
W07000088,Caerphilly,5.3513327,8.292263,-2.3163173,24.004768,-1.0588067,14.039944,0.9153538,0.49316502,0.7544136,0.68638134
W07000089,Cardiff East,5.3513327,7.8020864,-2.3163173,23.953787,-1.0588067,13.557254,0.9153538,0.5389328,0.7544136,0.69161606
W07000090,Cardiff North,5.3513327,7.8020864,-2.3163173,23.953787,-1.0588067,13.557254,0.9153538,0.5389328,0.7544136,0.69161606
W07000091,Cardiff South and Penarth,7.0021696,6.9151864,-2.0011234,23.671162,1.6068376,12.229465,0.8731308,0.5955734,0.7523174,0.6944752
W07000092,Cardiff West,4.7317333,8.196243,-3.1513374,24.286491,-1.9977206,13.921328,0.90693283,0.5375004,0.7524929,0.6865854
W07000093,Ceredigion Preseli,6.8969703,8.99808,-3.522607,19.120674,2.4284158,3.1123428,0.8795608,0.5395531,0.7361923,0.6678176
W07000094,Clwyd East,8.81581,4.732728,-2.9257889,11.571777,2.052687,-0.57566744,0.7277915,0.6540892,0.7415981,0.7231366
W07000095,Clwyd North,9.232818,5.392042,-2.847436,11.579851,1.2563199,-0.7985958,0.71273136,0.6781082,0.7331939,0.7106371
W07000096,Dwyfor Meirionnydd,5.3436203,12.647918,-3.8789418,13.014362,1.5354995,7.527206,0.78556204,0.6445441,0.7378618,0.67074263
W07000097,Gower,6.206122,12.045731,-3.9930084,26.049,0.2971673,10.3839445,0.87492275,0.6040951,0.7426121,0.67692506
W07000098,Llanelli,5.5850782,11.480062,-3.9107451,25.228731,-0.6600616,9.317212,0.8904543,0.53485775,0.7427163,0.6756854
W07000099,Merthyr Tydfil and Aberdare,4.0545597,8.519173,-2.9094908,22.63834,-2.2532713,12.08941,0.92333347,0.51609707,0.75296336,0.6853576
W07000100,Mid and South Pembrokeshire,5.684252,5.0850434,-3.5785792,24.642548,1.4790817,4.7307973,0.86664325,0.542106,0.7287013,0.612294
W07000101,Monmouthshire,7.291559,3.3401077,-1.7074097,19.219965,2.0621936,10.037285,0.9703151,0.7417102,0.7567601,0.7383886
W07000102,Montgomeryshire and Glyndwr,6.358067,7.6243534,-2.627508,14.379083,0.25622663,0.7500453,0.84409976,0.5335908,0.7508724,0.7083792
W07000103,Neath and Swansea East,4.2564363,11.963256,-4.0935326,22.962776,-2.1605203,12.202744,0.94110394,0.4954103,0.7452688,0.6723172
W07000104,Newport East,7.3067164,5.7062845,-1.5002841,21.310274,1.835916,10.876656,0.9026642,0.67524433,0.7576847,0.7202015
W07000105,Newport West and Islwyn,5.544429,6.917805,-2.036945,22.932732,-0.3155556,12.91469,0.9153795,0.54729843,0.7556615,0.6990104
W07000106,Pontypridd,4.7317333,8.582777,-3.1513374,23.201662,-1.9977206,13.080007,0.90693283,0.49482536,0.7524929,0.68209076
W07000107,Rhondda and Ogmore,4.2142787,10.179471,-4.39064,24.340073,-2.093778,15.552582,0.91259766,0.5031357,0.75088674,0.6706734
W07000108,Swansea West,4.8412766,12.165825,-4.071349,24.645836,-1.7632859,12.278153,0.93574524,0.58102226,0.7426338,0.67600155
W07000109,Torfaen,5.7879176,5.8341446,-1.8813664,22.375881,0.04947149,12.284345,0.9571209,0.58434296,0.7569485,0.7056608
W07000110,Vale of Glamorgan,6.5102386,8.240708,-3.6138756,24.487415,0.5414207,12.99375,0.8940118,0.5891018,0.7493445,0.68364733
W07000111,Wrexham,8.708984,2.6567519,-2.9013674,11.593352,1.4776322,0.71215296,0.8132846,0.8047199,0.7502044,0.7547178
W07000112,Ynys Mn,7.803167,7.614846,-3.216327,12.666486,3.1712506,5.1631517,0.64115876,0.6817894,0.7199621,0.6239015
