,region,constituency,ensemble,period,season,name,maxtmax_baseline
0,1,E14000530,UKCP18 12km,19801201-20101130,annual,Aldershot,29.572067725574417
1,2,E14000531,UKCP18 12km,19801201-20101130,annual,Aldridge-Brownhills,28.821025561558887
2,3,E14000532,UKCP18 12km,19801201-20101130,annual,Altrincham and Sale West,27.98190767923887
3,4,E14000533,UKCP18 12km,19801201-20101130,annual,Amber Valley,28.049160016803267
4,5,E14000534,UKCP18 12km,19801201-20101130,annual,Arundel and South Downs,28.33330935291645
5,6,E14000535,UKCP18 12km,19801201-20101130,annual,Ashfield,28.65074629244495
6,7,E14000536,UKCP18 12km,19801201-20101130,annual,Ashford,29.091165123759463
7,8,E14000537,UKCP18 12km,19801201-20101130,annual,Ashton-under-Lyne,27.159059714606105
8,9,E14000538,UKCP18 12km,19801201-20101130,annual,Aylesbury,28.804044559151542
9,10,E14000539,UKCP18 12km,19801201-20101130,annual,Banbury,29.00408605924713
10,11,E14000540,UKCP18 12km,19801201-20101130,annual,Barking,29.660931350325114
11,12,E14000541,UKCP18 12km,19801201-20101130,annual,Barnsley Central,28.363544684857185
12,13,E14000542,UKCP18 12km,19801201-20101130,annual,Barnsley East,28.133162490299927
13,14,E14000543,UKCP18 12km,19801201-20101130,annual,Barrow and Furness,25.351450265264535
14,15,E14000544,UKCP18 12km,19801201-20101130,annual,Basildon and Billericay,28.839030915379595
15,16,E14000545,UKCP18 12km,19801201-20101130,annual,Basingstoke,28.818374016302524
16,17,E14000546,UKCP18 12km,19801201-20101130,annual,Bassetlaw,29.002268824021495
17,18,E14000547,UKCP18 12km,19801201-20101130,annual,Bath,28.485330997960702
18,19,E14000548,UKCP18 12km,19801201-20101130,annual,Batley and Spen,27.6665674361
19,20,E14000549,UKCP18 12km,19801201-20101130,annual,Battersea,30.529342325940046
20,21,E14000550,UKCP18 12km,19801201-20101130,annual,Beaconsfield,29.345612833111915
21,22,E14000551,UKCP18 12km,19801201-20101130,annual,Beckenham,29.420399119906634
22,23,E14000552,UKCP18 12km,19801201-20101130,annual,Bedford,29.25444595317569
23,24,E14000553,UKCP18 12km,19801201-20101130,annual,Bermondsey and Old Southwark,30.290214646404
24,25,E14000554,UKCP18 12km,19801201-20101130,annual,Berwick-upon-Tweed,24.741642990570025
25,26,E14000555,UKCP18 12km,19801201-20101130,annual,Bethnal Green and Bow,30.765774015954378
26,27,E14000556,UKCP18 12km,19801201-20101130,annual,Beverley and Holderness,27.44465246322096
27,28,E14000557,UKCP18 12km,19801201-20101130,annual,Bexhill and Battle,28.070487602058407
28,29,E14000558,UKCP18 12km,19801201-20101130,annual,Bexleyheath and Crayford,29.963201435691175
29,30,E14000559,UKCP18 12km,19801201-20101130,annual,Birkenhead,24.201833687051874
30,31,E14000560,UKCP18 12km,19801201-20101130,annual,"Birmingham, Edgbaston",28.78370320891793
31,32,E14000561,UKCP18 12km,19801201-20101130,annual,"Birmingham, Erdington",28.894053624408183
32,33,E14000562,UKCP18 12km,19801201-20101130,annual,"Birmingham, Hall Green",28.86638375619211
33,34,E14000563,UKCP18 12km,19801201-20101130,annual,"Birmingham, Hodge Hill",28.86638375619211
34,35,E14000564,UKCP18 12km,19801201-20101130,annual,"Birmingham, Ladywood",28.78370320891793
35,36,E14000565,UKCP18 12km,19801201-20101130,annual,"Birmingham, Northfield",28.78370320891793
36,37,E14000566,UKCP18 12km,19801201-20101130,annual,"Birmingham, Perry Barr",28.96408822753369
37,38,E14000567,UKCP18 12km,19801201-20101130,annual,"Birmingham, Selly Oak",28.78370320891793
38,39,E14000568,UKCP18 12km,19801201-20101130,annual,"Birmingham, Yardley",28.86638375619211
39,40,E14000569,UKCP18 12km,19801201-20101130,annual,Bishop Auckland,24.59270779525494
40,41,E14000570,UKCP18 12km,19801201-20101130,annual,Blackburn,26.496300959839658
41,42,E14000571,UKCP18 12km,19801201-20101130,annual,Blackley and Broughton,27.159059714606105
42,43,E14000572,UKCP18 12km,19801201-20101130,annual,Blackpool North and Cleveleys,26.675737751525688
43,44,E14000573,UKCP18 12km,19801201-20101130,annual,Blackpool South,26.675737751525688
44,45,E14000574,UKCP18 12km,19801201-20101130,annual,Blaydon,26.40004228329493
45,46,E14000575,UKCP18 12km,19801201-20101130,annual,Blyth Valley,26.614386311037432
46,47,E14000576,UKCP18 12km,19801201-20101130,annual,Bognor Regis and Littlehampton,25.577671615625125
47,48,E14000577,UKCP18 12km,19801201-20101130,annual,Bolsover,28.541852314092537
48,49,E14000578,UKCP18 12km,19801201-20101130,annual,Bolton North East,27.019271117327236
49,50,E14000579,UKCP18 12km,19801201-20101130,annual,Bolton South East,27.82062091403961
50,51,E14000580,UKCP18 12km,19801201-20101130,annual,Bolton West,27.106810370331065
51,52,E14000581,UKCP18 12km,19801201-20101130,annual,Bootle,24.407887528272415
52,53,E14000582,UKCP18 12km,19801201-20101130,annual,Boston and Skegness,28.016081430022027
53,54,E14000583,UKCP18 12km,19801201-20101130,annual,Bosworth,28.843411181653607
54,55,E14000584,UKCP18 12km,19801201-20101130,annual,Bournemouth East,28.25372052031604
55,56,E14000585,UKCP18 12km,19801201-20101130,annual,Bournemouth West,26.913402936475148
56,57,E14000586,UKCP18 12km,19801201-20101130,annual,Bracknell,29.749727398117823
57,58,E14000587,UKCP18 12km,19801201-20101130,annual,Bradford East,27.206090424155473
58,59,E14000588,UKCP18 12km,19801201-20101130,annual,Bradford South,26.883102751446955
59,60,E14000589,UKCP18 12km,19801201-20101130,annual,Bradford West,27.206090424155473
60,61,E14000590,UKCP18 12km,19801201-20101130,annual,Braintree,28.961481010538545
61,62,E14000591,UKCP18 12km,19801201-20101130,annual,Brent Central,31.065021760307374
62,63,E14000592,UKCP18 12km,19801201-20101130,annual,Brent North,31.065021760307374
63,64,E14000593,UKCP18 12km,19801201-20101130,annual,Brentford and Isleworth,30.529342325940046
64,65,E14000594,UKCP18 12km,19801201-20101130,annual,Brentwood and Ongar,28.978123608973448
65,66,E14000595,UKCP18 12km,19801201-20101130,annual,Bridgwater and West Somerset,27.469468834922708
66,67,E14000596,UKCP18 12km,19801201-20101130,annual,Brigg and Goole,28.938795318062056
67,68,E14000597,UKCP18 12km,19801201-20101130,annual,"Brighton, Kemptown",25.815102344779906
68,69,E14000598,UKCP18 12km,19801201-20101130,annual,"Brighton, Pavilion",28.94812308054311
69,70,E14000599,UKCP18 12km,19801201-20101130,annual,Bristol East,28.651633575822956
70,71,E14000600,UKCP18 12km,19801201-20101130,annual,Bristol North West,28.083304916076358
71,72,E14000601,UKCP18 12km,19801201-20101130,annual,Bristol South,28.083304916076358
72,73,E14000602,UKCP18 12km,19801201-20101130,annual,Bristol West,28.083304916076358
73,74,E14000603,UKCP18 12km,19801201-20101130,annual,Broadland,28.60534779609029
74,75,E14000604,UKCP18 12km,19801201-20101130,annual,Bromley and Chislehurst,29.963201435691175
75,76,E14000605,UKCP18 12km,19801201-20101130,annual,Bromsgrove,28.956361043674267
76,77,E14000606,UKCP18 12km,19801201-20101130,annual,Broxbourne,29.360473065159752
77,78,E14000607,UKCP18 12km,19801201-20101130,annual,Broxtowe,28.789807863052364
78,79,E14000608,UKCP18 12km,19801201-20101130,annual,Buckingham,28.96866396279068
79,80,E14000609,UKCP18 12km,19801201-20101130,annual,Burnley,25.807102725560757
80,81,E14000610,UKCP18 12km,19801201-20101130,annual,Burton,28.435628009937147
81,82,E14000611,UKCP18 12km,19801201-20101130,annual,Bury North,27.019271117327236
82,83,E14000612,UKCP18 12km,19801201-20101130,annual,Bury South,27.82062091403961
83,84,E14000613,UKCP18 12km,19801201-20101130,annual,Bury St Edmunds,28.824771644484883
84,85,E14000614,UKCP18 12km,19801201-20101130,annual,Calder Valley,26.284203222285328
85,86,E14000615,UKCP18 12km,19801201-20101130,annual,Camberwell and Peckham,30.290214646404
86,87,E14000616,UKCP18 12km,19801201-20101130,annual,Camborne and Redruth,24.328773436876396
87,88,E14000617,UKCP18 12km,19801201-20101130,annual,Cambridge,29.50106737382251
88,89,E14000618,UKCP18 12km,19801201-20101130,annual,Cannock Chase,28.754524188335353
89,90,E14000619,UKCP18 12km,19801201-20101130,annual,Canterbury,27.908709710731806
90,91,E14000620,UKCP18 12km,19801201-20101130,annual,Carlisle,25.960023077985696
91,92,E14000621,UKCP18 12km,19801201-20101130,annual,Carshalton and Wallington,29.420399119906634
92,93,E14000622,UKCP18 12km,19801201-20101130,annual,Castle Point,25.737054865981253
93,94,E14000623,UKCP18 12km,19801201-20101130,annual,Central Devon,26.870360578176008
94,95,E14000624,UKCP18 12km,19801201-20101130,annual,Central Suffolk and North Ipswich,28.448337375180586
95,96,E14000625,UKCP18 12km,19801201-20101130,annual,Charnwood,28.778698625924147
96,97,E14000626,UKCP18 12km,19801201-20101130,annual,Chatham and Aylesford,29.465764947428625
97,98,E14000627,UKCP18 12km,19801201-20101130,annual,Cheadle,27.094070598006237
98,99,E14000628,UKCP18 12km,19801201-20101130,annual,Chelmsford,28.802949831745934
99,100,E14000629,UKCP18 12km,19801201-20101130,annual,Chelsea and Fulham,30.529342325940046
100,101,E14000630,UKCP18 12km,19801201-20101130,annual,Cheltenham,28.719710834786028
101,102,E14000631,UKCP18 12km,19801201-20101130,annual,Chesham and Amersham,28.979074234468712
102,103,E14000632,UKCP18 12km,19801201-20101130,annual,Chesterfield,27.57512245102184
103,104,E14000633,UKCP18 12km,19801201-20101130,annual,Chichester,27.64457945633686
104,105,E14000634,UKCP18 12km,19801201-20101130,annual,Chingford and Woodford Green,30.39812201248824
105,106,E14000635,UKCP18 12km,19801201-20101130,annual,Chippenham,28.571612487227497
106,107,E14000636,UKCP18 12km,19801201-20101130,annual,Chipping Barnet,30.41808124174857
107,108,E14000637,UKCP18 12km,19801201-20101130,annual,Chorley,27.2254555186023
108,109,E14000638,UKCP18 12km,19801201-20101130,annual,Christchurch,28.25372052031604
109,110,E14000639,UKCP18 12km,19801201-20101130,annual,Cities of London and Westminster,30.765774015954378
110,111,E14000640,UKCP18 12km,19801201-20101130,annual,City of Chester,27.44588937562484
111,112,E14000641,UKCP18 12km,19801201-20101130,annual,City of Durham,26.517276747016
112,113,E14000642,UKCP18 12km,19801201-20101130,annual,Clacton,27.81037836730337
113,114,E14000643,UKCP18 12km,19801201-20101130,annual,Cleethorpes,28.626802196580243
114,115,E14000644,UKCP18 12km,19801201-20101130,annual,Colchester,29.075635225614977
115,116,E14000645,UKCP18 12km,19801201-20101130,annual,Colne Valley,25.93086050039496
116,117,E14000646,UKCP18 12km,19801201-20101130,annual,Congleton,27.514160764730374
117,118,E14000647,UKCP18 12km,19801201-20101130,annual,Copeland,24.23442594787363
118,119,E14000648,UKCP18 12km,19801201-20101130,annual,Corby,29.124438790374754
119,120,E14000649,UKCP18 12km,19801201-20101130,annual,Coventry North East,29.198185815111014
120,121,E14000650,UKCP18 12km,19801201-20101130,annual,Coventry North West,29.085723806297295
121,122,E14000651,UKCP18 12km,19801201-20101130,annual,Coventry South,29.198185815111014
122,123,E14000652,UKCP18 12km,19801201-20101130,annual,Crawley,28.86252036718824
123,124,E14000653,UKCP18 12km,19801201-20101130,annual,Crewe and Nantwich,27.70928468942669
124,125,E14000654,UKCP18 12km,19801201-20101130,annual,Croydon Central,29.420399119906634
125,126,E14000655,UKCP18 12km,19801201-20101130,annual,Croydon North,30.290214646404
126,127,E14000656,UKCP18 12km,19801201-20101130,annual,Croydon South,29.420399119906634
127,128,E14000657,UKCP18 12km,19801201-20101130,annual,Dagenham and Rainham,29.660931350325114
128,129,E14000658,UKCP18 12km,19801201-20101130,annual,Darlington,26.948957319246187
129,130,E14000659,UKCP18 12km,19801201-20101130,annual,Dartford,29.560739001795287
130,131,E14000660,UKCP18 12km,19801201-20101130,annual,Daventry,28.701321821828994
131,132,E14000661,UKCP18 12km,19801201-20101130,annual,Denton and Reddish,27.094070598006237
132,133,E14000662,UKCP18 12km,19801201-20101130,annual,Derby North,28.51764786655224
133,134,E14000663,UKCP18 12km,19801201-20101130,annual,Derby South,28.84951750452075
134,135,E14000664,UKCP18 12km,19801201-20101130,annual,Derbyshire Dales,26.87529629232378
135,136,E14000665,UKCP18 12km,19801201-20101130,annual,Devizes,28.624053688742016
136,137,E14000666,UKCP18 12km,19801201-20101130,annual,Dewsbury,27.156813753915028
137,138,E14000667,UKCP18 12km,19801201-20101130,annual,Don Valley,29.168022282677075
138,139,E14000668,UKCP18 12km,19801201-20101130,annual,Doncaster Central,29.168022282677075
139,140,E14000669,UKCP18 12km,19801201-20101130,annual,Doncaster North,28.912315977852945
140,141,E14000670,UKCP18 12km,19801201-20101130,annual,Dover,28.96926740577497
141,142,E14000671,UKCP18 12km,19801201-20101130,annual,Dudley North,28.972141667600415
142,143,E14000672,UKCP18 12km,19801201-20101130,annual,Dudley South,28.972141667600415
143,144,E14000673,UKCP18 12km,19801201-20101130,annual,Dulwich and West Norwood,30.290214646404
144,145,E14000674,UKCP18 12km,19801201-20101130,annual,Ealing Central and Acton,31.065021760307374
145,146,E14000675,UKCP18 12km,19801201-20101130,annual,Ealing North,30.496650984723516
146,147,E14000676,UKCP18 12km,19801201-20101130,annual,"Ealing, Southall",30.198453746148203
147,148,E14000677,UKCP18 12km,19801201-20101130,annual,Easington,26.152715846404337
148,149,E14000678,UKCP18 12km,19801201-20101130,annual,East Devon,25.315221861024668
149,150,E14000679,UKCP18 12km,19801201-20101130,annual,East Ham,29.660931350325114
150,151,E14000680,UKCP18 12km,19801201-20101130,annual,East Hampshire,28.763691900650596
151,152,E14000681,UKCP18 12km,19801201-20101130,annual,East Surrey,28.873560405841644
152,153,E14000682,UKCP18 12km,19801201-20101130,annual,East Worthing and Shoreham,27.834565119123994
153,154,E14000683,UKCP18 12km,19801201-20101130,annual,East Yorkshire,27.7612000077999
154,155,E14000684,UKCP18 12km,19801201-20101130,annual,Eastbourne,27.070248348263977
155,156,E14000685,UKCP18 12km,19801201-20101130,annual,Eastleigh,28.526348921633573
156,157,E14000686,UKCP18 12km,19801201-20101130,annual,Eddisbury,27.789382648859736
157,158,E14000687,UKCP18 12km,19801201-20101130,annual,Edmonton,30.39812201248824
158,159,E14000688,UKCP18 12km,19801201-20101130,annual,Ellesmere Port and Neston,27.289007488463813
159,160,E14000689,UKCP18 12km,19801201-20101130,annual,Elmet and Rothwell,28.221352147249
160,161,E14000690,UKCP18 12km,19801201-20101130,annual,Eltham,29.963201435691175
161,162,E14000691,UKCP18 12km,19801201-20101130,annual,Enfield North,30.39812201248824
162,163,E14000692,UKCP18 12km,19801201-20101130,annual,"Enfield, Southgate",30.39812201248824
163,164,E14000693,UKCP18 12km,19801201-20101130,annual,Epping Forest,29.632724165268183
164,165,E14000694,UKCP18 12km,19801201-20101130,annual,Epsom and Ewell,29.60407345955744
165,166,E14000695,UKCP18 12km,19801201-20101130,annual,Erewash,28.789807863052364
166,167,E14000696,UKCP18 12km,19801201-20101130,annual,Erith and Thamesmead,29.963201435691175
167,168,E14000697,UKCP18 12km,19801201-20101130,annual,Esher and Walton,29.647505617407404
168,169,E14000698,UKCP18 12km,19801201-20101130,annual,Exeter,27.47253105817045
169,170,E14000699,UKCP18 12km,19801201-20101130,annual,Fareham,28.526348921633573
170,171,E14000700,UKCP18 12km,19801201-20101130,annual,Faversham and Mid Kent,29.421036134985513
171,172,E14000701,UKCP18 12km,19801201-20101130,annual,Feltham and Heston,30.198453746148203
172,173,E14000702,UKCP18 12km,19801201-20101130,annual,Filton and Bradley Stoke,27.008426294605897
173,174,E14000703,UKCP18 12km,19801201-20101130,annual,Finchley and Golders Green,31.065021760307374
174,175,E14000704,UKCP18 12km,19801201-20101130,annual,Folkestone and Hythe,27.28258653380355
175,176,E14000705,UKCP18 12km,19801201-20101130,annual,Forest of Dean,28.673056883717948
176,177,E14000706,UKCP18 12km,19801201-20101130,annual,Fylde,26.675737751525688
177,178,E14000707,UKCP18 12km,19801201-20101130,annual,Gainsborough,28.847766413469117
178,179,E14000708,UKCP18 12km,19801201-20101130,annual,Garston and Halewood,27.636195851633058
179,180,E14000709,UKCP18 12km,19801201-20101130,annual,Gateshead,26.63509899843425
180,181,E14000710,UKCP18 12km,19801201-20101130,annual,Gedling,28.850868097916962
181,182,E14000711,UKCP18 12km,19801201-20101130,annual,Gillingham and Rainham,29.529038568307566
182,183,E14000712,UKCP18 12km,19801201-20101130,annual,Gloucester,28.76069500840474
183,184,E14000713,UKCP18 12km,19801201-20101130,annual,Gosport,28.438580358306012
184,185,E14000714,UKCP18 12km,19801201-20101130,annual,Grantham and Stamford,28.648362757227382
185,186,E14000715,UKCP18 12km,19801201-20101130,annual,Gravesham,29.370877624519323
186,187,E14000716,UKCP18 12km,19801201-20101130,annual,Great Grimsby,28.61091402696384
187,188,E14000717,UKCP18 12km,19801201-20101130,annual,Great Yarmouth,26.854220925622766
188,189,E14000718,UKCP18 12km,19801201-20101130,annual,Greenwich and Woolwich,29.963201435691175
189,190,E14000719,UKCP18 12km,19801201-20101130,annual,Guildford,29.219102054222844
190,191,E14000720,UKCP18 12km,19801201-20101130,annual,Hackney North and Stoke Newington,30.765774015954378
191,192,E14000721,UKCP18 12km,19801201-20101130,annual,Hackney South and Shoreditch,30.765774015954378
192,193,E14000722,UKCP18 12km,19801201-20101130,annual,Halesowen and Rowley Regis,28.78370320891793
193,194,E14000723,UKCP18 12km,19801201-20101130,annual,Halifax,26.883102751446955
194,195,E14000724,UKCP18 12km,19801201-20101130,annual,Haltemprice and Howden,27.84376198561544
195,196,E14000725,UKCP18 12km,19801201-20101130,annual,Halton,27.49816432030687
196,197,E14000726,UKCP18 12km,19801201-20101130,annual,Hammersmith,30.529342325940046
197,198,E14000727,UKCP18 12km,19801201-20101130,annual,Hampstead and Kilburn,31.065021760307374
198,199,E14000728,UKCP18 12km,19801201-20101130,annual,Harborough,28.72699112922236
199,200,E14000729,UKCP18 12km,19801201-20101130,annual,Harlow,29.191916302553818
200,201,E14000730,UKCP18 12km,19801201-20101130,annual,Harrogate and Knaresborough,27.476233067075658
201,202,E14000731,UKCP18 12km,19801201-20101130,annual,Harrow East,31.065021760307374
202,203,E14000732,UKCP18 12km,19801201-20101130,annual,Harrow West,30.496650984723516
203,204,E14000733,UKCP18 12km,19801201-20101130,annual,Hartlepool,25.358234542065446
204,205,E14000734,UKCP18 12km,19801201-20101130,annual,Harwich and North Essex,29.07407011226778
205,206,E14000735,UKCP18 12km,19801201-20101130,annual,Hastings and Rye,24.903116481151674
206,207,E14000736,UKCP18 12km,19801201-20101130,annual,Havant,27.985228479463405
207,208,E14000737,UKCP18 12km,19801201-20101130,annual,Hayes and Harlington,30.198453746148203
208,209,E14000738,UKCP18 12km,19801201-20101130,annual,Hazel Grove,27.094070598006237
209,210,E14000739,UKCP18 12km,19801201-20101130,annual,Hemel Hempstead,29.207572190876842
210,211,E14000740,UKCP18 12km,19801201-20101130,annual,Hemsworth,28.595877389166894
211,212,E14000741,UKCP18 12km,19801201-20101130,annual,Hendon,31.065021760307374
212,213,E14000742,UKCP18 12km,19801201-20101130,annual,Henley,29.20346857425009
213,214,E14000743,UKCP18 12km,19801201-20101130,annual,Hereford and South Herefordshire,28.063499834886223
214,215,E14000744,UKCP18 12km,19801201-20101130,annual,Hertford and Stortford,29.360473065159752
215,216,E14000745,UKCP18 12km,19801201-20101130,annual,Hertsmere,30.41808124174857
216,217,E14000746,UKCP18 12km,19801201-20101130,annual,Hexham,24.76847918948263
217,218,E14000747,UKCP18 12km,19801201-20101130,annual,Heywood and Middleton,26.51384458841405
218,219,E14000748,UKCP18 12km,19801201-20101130,annual,High Peak,25.647501386381943
219,220,E14000749,UKCP18 12km,19801201-20101130,annual,Hitchin and Harpenden,29.207572190876842
220,221,E14000750,UKCP18 12km,19801201-20101130,annual,Holborn and St Pancras,30.765774015954378
221,222,E14000751,UKCP18 12km,19801201-20101130,annual,Hornchurch and Upminster,28.97498619006858
222,223,E14000752,UKCP18 12km,19801201-20101130,annual,Hornsey and Wood Green,30.765774015954378
223,224,E14000753,UKCP18 12km,19801201-20101130,annual,Horsham,28.86670184923247
224,225,E14000754,UKCP18 12km,19801201-20101130,annual,Houghton and Sunderland South,26.152715846404337
225,226,E14000755,UKCP18 12km,19801201-20101130,annual,Hove,25.815102344779906
226,227,E14000756,UKCP18 12km,19801201-20101130,annual,Huddersfield,26.18850173132265
227,228,E14000757,UKCP18 12km,19801201-20101130,annual,Huntingdon,29.38495545783505
228,229,E14000758,UKCP18 12km,19801201-20101130,annual,Hyndburn,26.174472290464365
229,230,E14000759,UKCP18 12km,19801201-20101130,annual,Ilford North,29.660931350325114
230,231,E14000760,UKCP18 12km,19801201-20101130,annual,Ilford South,29.660931350325114
231,232,E14000761,UKCP18 12km,19801201-20101130,annual,Ipswich,28.64973088317741
232,233,E14000762,UKCP18 12km,19801201-20101130,annual,Isle of Wight,24.693981945997024
233,234,E14000763,UKCP18 12km,19801201-20101130,annual,Islington North,30.765774015954378
234,235,E14000764,UKCP18 12km,19801201-20101130,annual,Islington South and Finsbury,30.765774015954378
235,236,E14000765,UKCP18 12km,19801201-20101130,annual,Jarrow,24.30411315201326
236,237,E14000766,UKCP18 12km,19801201-20101130,annual,Keighley,26.219138748545223
237,238,E14000767,UKCP18 12km,19801201-20101130,annual,Kenilworth and Southam,29.135962448914864
238,239,E14000768,UKCP18 12km,19801201-20101130,annual,Kensington,31.065021760307374
239,240,E14000769,UKCP18 12km,19801201-20101130,annual,Kettering,29.1515413994692
240,241,E14000770,UKCP18 12km,19801201-20101130,annual,Kingston and Surbiton,29.60407345955744
241,242,E14000771,UKCP18 12km,19801201-20101130,annual,Kingston upon Hull East,28.040512625785908
242,243,E14000772,UKCP18 12km,19801201-20101130,annual,Kingston upon Hull North,28.002840814560113
243,244,E14000773,UKCP18 12km,19801201-20101130,annual,Kingston upon Hull West and Hessle,28.040512625785908
244,245,E14000774,UKCP18 12km,19801201-20101130,annual,Kingswood,28.651633575822956
245,246,E14000775,UKCP18 12km,19801201-20101130,annual,Knowsley,27.636195851633058
246,247,E14000776,UKCP18 12km,19801201-20101130,annual,Lancaster and Fleetwood,25.72071606881092
247,248,E14000777,UKCP18 12km,19801201-20101130,annual,Leeds Central,27.6665674361
248,249,E14000778,UKCP18 12km,19801201-20101130,annual,Leeds East,28.145836895815478
249,250,E14000779,UKCP18 12km,19801201-20101130,annual,Leeds North East,27.75694095037149
250,251,E14000780,UKCP18 12km,19801201-20101130,annual,Leeds North West,27.75694095037149
251,252,E14000781,UKCP18 12km,19801201-20101130,annual,Leeds West,27.75694095037149
252,253,E14000782,UKCP18 12km,19801201-20101130,annual,Leicester East,28.61350310563064
253,254,E14000783,UKCP18 12km,19801201-20101130,annual,Leicester South,28.61350310563064
254,255,E14000784,UKCP18 12km,19801201-20101130,annual,Leicester West,28.61350310563064
255,256,E14000785,UKCP18 12km,19801201-20101130,annual,Leigh,27.415128216007655
256,257,E14000786,UKCP18 12km,19801201-20101130,annual,Lewes,28.663510578183992
257,258,E14000787,UKCP18 12km,19801201-20101130,annual,Lewisham East,30.290214646404
258,259,E14000788,UKCP18 12km,19801201-20101130,annual,Lewisham West and Penge,30.290214646404
259,260,E14000789,UKCP18 12km,19801201-20101130,annual,"Lewisham, Deptford",30.290214646404
260,261,E14000790,UKCP18 12km,19801201-20101130,annual,Leyton and Wanstead,30.765774015954378
261,262,E14000791,UKCP18 12km,19801201-20101130,annual,Lichfield,28.982579264140707
262,263,E14000792,UKCP18 12km,19801201-20101130,annual,Lincoln,28.835757425786813
263,264,E14000793,UKCP18 12km,19801201-20101130,annual,"Liverpool, Riverside",27.636195851633058
264,265,E14000794,UKCP18 12km,19801201-20101130,annual,"Liverpool, Walton",27.636195851633058
265,266,E14000795,UKCP18 12km,19801201-20101130,annual,"Liverpool, Wavertree",27.636195851633058
266,267,E14000796,UKCP18 12km,19801201-20101130,annual,"Liverpool, West Derby",27.636195851633058
267,268,E14000797,UKCP18 12km,19801201-20101130,annual,Loughborough,28.87481965358997
268,269,E14000798,UKCP18 12km,19801201-20101130,annual,Louth and Horncastle,27.878748342367512
269,270,E14000799,UKCP18 12km,19801201-20101130,annual,Ludlow,27.29910635173784
270,271,E14000800,UKCP18 12km,19801201-20101130,annual,Luton North,29.016731553609716
271,272,E14000801,UKCP18 12km,19801201-20101130,annual,Luton South,29.016731553609716
272,273,E14000802,UKCP18 12km,19801201-20101130,annual,Macclesfield,26.84016670306674
273,274,E14000803,UKCP18 12km,19801201-20101130,annual,Maidenhead,29.614510144208705
274,275,E14000804,UKCP18 12km,19801201-20101130,annual,Maidstone and The Weald,29.031817033294846
275,276,E14000805,UKCP18 12km,19801201-20101130,annual,Makerfield,27.361156833556333
276,277,E14000806,UKCP18 12km,19801201-20101130,annual,Maldon,28.185522238569025
277,278,E14000807,UKCP18 12km,19801201-20101130,annual,Manchester Central,27.159059714606105
278,279,E14000808,UKCP18 12km,19801201-20101130,annual,"Manchester, Gorton",27.094070598006237
279,280,E14000809,UKCP18 12km,19801201-20101130,annual,"Manchester, Withington",27.98190767923887
280,281,E14000810,UKCP18 12km,19801201-20101130,annual,Mansfield,28.581261296722076
281,282,E14000811,UKCP18 12km,19801201-20101130,annual,Meon Valley,28.331901320927965
282,283,E14000812,UKCP18 12km,19801201-20101130,annual,Meriden,29.085723806297295
283,284,E14000813,UKCP18 12km,19801201-20101130,annual,Mid Bedfordshire,29.07507853009218
284,285,E14000814,UKCP18 12km,19801201-20101130,annual,Mid Derbyshire,28.51764786655224
285,286,E14000815,UKCP18 12km,19801201-20101130,annual,Mid Dorset and North Poole,27.278835320448483
286,287,E14000816,UKCP18 12km,19801201-20101130,annual,Mid Norfolk,28.668317903066338
287,288,E14000817,UKCP18 12km,19801201-20101130,annual,Mid Sussex,29.08603573837482
288,289,E14000818,UKCP18 12km,19801201-20101130,annual,Mid Worcestershire,29.05934109544525
289,290,E14000819,UKCP18 12km,19801201-20101130,annual,Middlesbrough,25.358234542065446
290,291,E14000820,UKCP18 12km,19801201-20101130,annual,Middlesbrough South and East Cleveland,26.185692587367512
291,292,E14000821,UKCP18 12km,19801201-20101130,annual,Milton Keynes North,29.097260622239855
292,293,E14000822,UKCP18 12km,19801201-20101130,annual,Milton Keynes South,28.988653461729317
293,294,E14000823,UKCP18 12km,19801201-20101130,annual,Mitcham and Morden,30.529342325940046
294,295,E14000824,UKCP18 12km,19801201-20101130,annual,Mole Valley,29.27442267088309
295,296,E14000825,UKCP18 12km,19801201-20101130,annual,Morecambe and Lunesdale,24.967710192789603
296,297,E14000826,UKCP18 12km,19801201-20101130,annual,Morley and Outwood,27.6665674361
297,298,E14000827,UKCP18 12km,19801201-20101130,annual,New Forest East,27.230407340697557
298,299,E14000828,UKCP18 12km,19801201-20101130,annual,New Forest West,28.27144174322914
299,300,E14000829,UKCP18 12km,19801201-20101130,annual,Newark,28.835674331104013
300,301,E14000830,UKCP18 12km,19801201-20101130,annual,Newbury,28.864753155830886
301,302,E14000831,UKCP18 12km,19801201-20101130,annual,Newcastle upon Tyne Central,26.832843167729155
302,303,E14000832,UKCP18 12km,19801201-20101130,annual,Newcastle upon Tyne East,26.832843167729155
303,304,E14000833,UKCP18 12km,19801201-20101130,annual,Newcastle upon Tyne North,26.832843167729155
304,305,E14000834,UKCP18 12km,19801201-20101130,annual,Newcastle-under-Lyme,27.468198084332997
305,306,E14000835,UKCP18 12km,19801201-20101130,annual,Newton Abbot,26.49563738023292
306,307,E14000836,UKCP18 12km,19801201-20101130,annual,"Normanton, Pontefract and Castleford",28.65324853994203
307,308,E14000837,UKCP18 12km,19801201-20101130,annual,North Cornwall,26.543083234825026
308,309,E14000838,UKCP18 12km,19801201-20101130,annual,North Devon,26.85485108957457
309,310,E14000839,UKCP18 12km,19801201-20101130,annual,North Dorset,28.204579831542624
310,311,E14000840,UKCP18 12km,19801201-20101130,annual,North Durham,26.517276747016
311,312,E14000841,UKCP18 12km,19801201-20101130,annual,North East Bedfordshire,29.302739756942984
312,313,E14000842,UKCP18 12km,19801201-20101130,annual,North East Cambridgeshire,29.467329769762294
313,314,E14000843,UKCP18 12km,19801201-20101130,annual,North East Derbyshire,27.62273581781195
314,315,E14000844,UKCP18 12km,19801201-20101130,annual,North East Hampshire,29.13853207921143
315,316,E14000845,UKCP18 12km,19801201-20101130,annual,North East Hertfordshire,29.20152112495714
316,317,E14000846,UKCP18 12km,19801201-20101130,annual,North East Somerset,28.43419214180606
317,318,E14000847,UKCP18 12km,19801201-20101130,annual,North Herefordshire,27.9315781430093
318,319,E14000848,UKCP18 12km,19801201-20101130,annual,North Norfolk,27.3943795949971
319,320,E14000849,UKCP18 12km,19801201-20101130,annual,North Shropshire,27.971357272681484
320,321,E14000850,UKCP18 12km,19801201-20101130,annual,North Somerset,27.479193125864324
321,322,E14000851,UKCP18 12km,19801201-20101130,annual,North Swindon,28.752876386732925
322,323,E14000852,UKCP18 12km,19801201-20101130,annual,North Thanet,27.970080135203016
323,324,E14000853,UKCP18 12km,19801201-20101130,annual,North Tyneside,26.832843167729155
324,325,E14000854,UKCP18 12km,19801201-20101130,annual,North Warwickshire,28.94368456157826
325,326,E14000855,UKCP18 12km,19801201-20101130,annual,North West Cambridgeshire,29.318998573623446
326,327,E14000856,UKCP18 12km,19801201-20101130,annual,North West Durham,24.586047250099597
327,328,E14000857,UKCP18 12km,19801201-20101130,annual,North West Hampshire,28.722203868860095
328,329,E14000858,UKCP18 12km,19801201-20101130,annual,North West Leicestershire,28.960293183821083
329,330,E14000859,UKCP18 12km,19801201-20101130,annual,North West Norfolk,28.464548652692162
330,331,E14000860,UKCP18 12km,19801201-20101130,annual,North Wiltshire,28.610477181818315
331,332,E14000861,UKCP18 12km,19801201-20101130,annual,Northampton North,28.86196927164689
332,333,E14000862,UKCP18 12km,19801201-20101130,annual,Northampton South,28.86196927164689
333,334,E14000863,UKCP18 12km,19801201-20101130,annual,Norwich North,28.65776958862727
334,335,E14000864,UKCP18 12km,19801201-20101130,annual,Norwich South,28.81955173598165
335,336,E14000865,UKCP18 12km,19801201-20101130,annual,Nottingham East,28.850868097916962
336,337,E14000866,UKCP18 12km,19801201-20101130,annual,Nottingham North,28.789807863052364
337,338,E14000867,UKCP18 12km,19801201-20101130,annual,Nottingham South,28.789807863052364
338,339,E14000868,UKCP18 12km,19801201-20101130,annual,Nuneaton,29.06123155955615
339,340,E14000869,UKCP18 12km,19801201-20101130,annual,Old Bexley and Sidcup,29.963201435691175
340,341,E14000870,UKCP18 12km,19801201-20101130,annual,Oldham East and Saddleworth,25.894593962557483
341,342,E14000871,UKCP18 12km,19801201-20101130,annual,Oldham West and Royton,27.159059714606105
342,343,E14000872,UKCP18 12km,19801201-20101130,annual,Orpington,29.36585869475016
343,344,E14000873,UKCP18 12km,19801201-20101130,annual,Oxford East,29.408957178486805
344,345,E14000874,UKCP18 12km,19801201-20101130,annual,Oxford West and Abingdon,29.40953330588582
345,346,E14000875,UKCP18 12km,19801201-20101130,annual,Pendle,25.64799201437576
346,347,E14000876,UKCP18 12km,19801201-20101130,annual,Penistone and Stocksbridge,26.016827371447523
347,348,E14000877,UKCP18 12km,19801201-20101130,annual,Penrith and The Border,24.75119280375523
348,349,E14000878,UKCP18 12km,19801201-20101130,annual,Peterborough,29.13444213113156
349,350,E14000879,UKCP18 12km,19801201-20101130,annual,"Plymouth, Moor View",26.706399611714076
350,351,E14000880,UKCP18 12km,19801201-20101130,annual,"Plymouth, Sutton and Devonport",25.481989900677405
351,352,E14000881,UKCP18 12km,19801201-20101130,annual,Poole,26.913402936475148
352,353,E14000882,UKCP18 12km,19801201-20101130,annual,Poplar and Limehouse,30.765774015954378
353,354,E14000883,UKCP18 12km,19801201-20101130,annual,Portsmouth North,28.438580358306012
354,355,E14000884,UKCP18 12km,19801201-20101130,annual,Portsmouth South,28.438580358306012
355,356,E14000885,UKCP18 12km,19801201-20101130,annual,Preston,26.763470552547926
356,357,E14000886,UKCP18 12km,19801201-20101130,annual,Pudsey,27.75694095037149
357,358,E14000887,UKCP18 12km,19801201-20101130,annual,Putney,30.529342325940046
358,359,E14000888,UKCP18 12km,19801201-20101130,annual,Rayleigh and Wickford,28.187538617449572
359,360,E14000889,UKCP18 12km,19801201-20101130,annual,Reading East,29.424382271041054
360,361,E14000890,UKCP18 12km,19801201-20101130,annual,Reading West,29.132730539653423
361,362,E14000891,UKCP18 12km,19801201-20101130,annual,Redcar,25.519260875527277
362,363,E14000892,UKCP18 12km,19801201-20101130,annual,Redditch,29.20299181667657
363,364,E14000893,UKCP18 12km,19801201-20101130,annual,Reigate,29.02958120503402
364,365,E14000894,UKCP18 12km,19801201-20101130,annual,Ribble Valley,25.720918529934934
365,366,E14000895,UKCP18 12km,19801201-20101130,annual,Richmond (Yorks),25.84532507361616
366,367,E14000896,UKCP18 12km,19801201-20101130,annual,Richmond Park,30.529342325940046
367,368,E14000897,UKCP18 12km,19801201-20101130,annual,Rochdale,26.51384458841405
368,369,E14000898,UKCP18 12km,19801201-20101130,annual,Rochester and Strood,27.312504146690234
369,370,E14000899,UKCP18 12km,19801201-20101130,annual,Rochford and Southend East,27.529997182877917
370,371,E14000900,UKCP18 12km,19801201-20101130,annual,Romford,29.660931350325114
371,372,E14000901,UKCP18 12km,19801201-20101130,annual,Romsey and Southampton North,28.68678158218236
372,373,E14000902,UKCP18 12km,19801201-20101130,annual,Rossendale and Darwen,26.174472290464365
373,374,E14000903,UKCP18 12km,19801201-20101130,annual,Rother Valley,28.549893564528972
374,375,E14000904,UKCP18 12km,19801201-20101130,annual,Rotherham,27.7700266521875
375,376,E14000905,UKCP18 12km,19801201-20101130,annual,Rugby,28.92108626392415
376,377,E14000906,UKCP18 12km,19801201-20101130,annual,"Ruislip, Northwood and Pinner",30.496650984723516
377,378,E14000907,UKCP18 12km,19801201-20101130,annual,Runnymede and Weybridge,29.70731758642785
378,379,E14000908,UKCP18 12km,19801201-20101130,annual,Rushcliffe,28.849076916956186
379,380,E14000909,UKCP18 12km,19801201-20101130,annual,Rutland and Melton,28.51167518433651
380,381,E14000910,UKCP18 12km,19801201-20101130,annual,Saffron Walden,28.95655471252511
381,382,E14000911,UKCP18 12km,19801201-20101130,annual,Salford and Eccles,27.82062091403961
382,383,E14000912,UKCP18 12km,19801201-20101130,annual,Salisbury,28.41771536287136
383,384,E14000913,UKCP18 12km,19801201-20101130,annual,Scarborough and Whitby,25.896727164652567
384,385,E14000914,UKCP18 12km,19801201-20101130,annual,Scunthorpe,28.930875223110643
385,386,E14000915,UKCP18 12km,19801201-20101130,annual,Sedgefield,26.904807413040242
386,387,E14000916,UKCP18 12km,19801201-20101130,annual,Sefton Central,24.407887528272415
387,388,E14000917,UKCP18 12km,19801201-20101130,annual,Selby and Ainsty,28.35522800047801
388,389,E14000918,UKCP18 12km,19801201-20101130,annual,Sevenoaks,29.182503978522575
389,390,E14000919,UKCP18 12km,19801201-20101130,annual,Sheffield Central,27.7700266521875
390,391,E14000920,UKCP18 12km,19801201-20101130,annual,Sheffield South East,27.7700266521875
391,392,E14000921,UKCP18 12km,19801201-20101130,annual,"Sheffield, Brightside and Hillsborough",27.7700266521875
392,393,E14000922,UKCP18 12km,19801201-20101130,annual,"Sheffield, Hallam",26.498196409951444
393,394,E14000923,UKCP18 12km,19801201-20101130,annual,"Sheffield, Heeley",27.57512245102184
394,395,E14000924,UKCP18 12km,19801201-20101130,annual,Sherwood,28.89182522030256
395,396,E14000925,UKCP18 12km,19801201-20101130,annual,Shipley,27.206090424155473
396,397,E14000926,UKCP18 12km,19801201-20101130,annual,Shrewsbury and Atcham,27.682513808899323
397,398,E14000927,UKCP18 12km,19801201-20101130,annual,Sittingbourne and Sheppey,29.44283969901498
398,399,E14000928,UKCP18 12km,19801201-20101130,annual,Skipton and Ripon,25.70544425224559
399,400,E14000929,UKCP18 12km,19801201-20101130,annual,Sleaford and North Hykeham,28.750358745697184
400,401,E14000930,UKCP18 12km,19801201-20101130,annual,Slough,29.524222428896326
401,402,E14000931,UKCP18 12km,19801201-20101130,annual,Solihull,28.86638375619211
402,403,E14000932,UKCP18 12km,19801201-20101130,annual,Somerton and Frome,28.40497115928788
403,404,E14000933,UKCP18 12km,19801201-20101130,annual,South Basildon and East Thurrock,29.04494244923725
404,405,E14000934,UKCP18 12km,19801201-20101130,annual,South Cambridgeshire,29.529185013209656
405,406,E14000935,UKCP18 12km,19801201-20101130,annual,South Derbyshire,28.859803220637147
406,407,E14000936,UKCP18 12km,19801201-20101130,annual,South Dorset,25.91082692143626
407,408,E14000937,UKCP18 12km,19801201-20101130,annual,South East Cambridgeshire,29.27671566936498
408,409,E14000938,UKCP18 12km,19801201-20101130,annual,South East Cornwall,25.845566266766507
409,410,E14000939,UKCP18 12km,19801201-20101130,annual,South Holland and The Deepings,28.883466409895444
410,411,E14000940,UKCP18 12km,19801201-20101130,annual,South Leicestershire,28.715191069665337
411,412,E14000941,UKCP18 12km,19801201-20101130,annual,South Norfolk,28.666505252829307
412,413,E14000942,UKCP18 12km,19801201-20101130,annual,South Northamptonshire,28.942856891651104
413,414,E14000943,UKCP18 12km,19801201-20101130,annual,South Ribble,26.626974001243326
414,415,E14000944,UKCP18 12km,19801201-20101130,annual,South Shields,24.30411315201326
415,416,E14000945,UKCP18 12km,19801201-20101130,annual,South Staffordshire,28.830338630288043
416,417,E14000946,UKCP18 12km,19801201-20101130,annual,South Suffolk,28.930669134661834
417,418,E14000947,UKCP18 12km,19801201-20101130,annual,South Swindon,28.752876386732925
418,419,E14000948,UKCP18 12km,19801201-20101130,annual,South Thanet,27.970080135203016
419,420,E14000949,UKCP18 12km,19801201-20101130,annual,South West Bedfordshire,28.790513883285143
420,421,E14000950,UKCP18 12km,19801201-20101130,annual,South West Devon,25.996783339535153
421,422,E14000951,UKCP18 12km,19801201-20101130,annual,South West Hertfordshire,28.816060125279066
422,423,E14000952,UKCP18 12km,19801201-20101130,annual,South West Norfolk,29.391500692184422
423,424,E14000953,UKCP18 12km,19801201-20101130,annual,South West Surrey,29.067368088724084
424,425,E14000954,UKCP18 12km,19801201-20101130,annual,South West Wiltshire,28.279320901229347
425,426,E14000955,UKCP18 12km,19801201-20101130,annual,"Southampton, Itchen",28.526348921633573
426,427,E14000956,UKCP18 12km,19801201-20101130,annual,"Southampton, Test",28.41573906582336
427,428,E14000957,UKCP18 12km,19801201-20101130,annual,Southend West,25.737054865981253
428,429,E14000958,UKCP18 12km,19801201-20101130,annual,Southport,23.416865115608022
429,430,E14000959,UKCP18 12km,19801201-20101130,annual,Spelthorne,30.198453746148203
430,431,E14000960,UKCP18 12km,19801201-20101130,annual,St Albans,29.207572190876842
431,432,E14000961,UKCP18 12km,19801201-20101130,annual,St Austell and Newquay,25.676728466898272
432,433,E14000962,UKCP18 12km,19801201-20101130,annual,St Helens North,27.361156833556333
433,434,E14000963,UKCP18 12km,19801201-20101130,annual,St Helens South and Whiston,27.49816432030687
434,435,E14000964,UKCP18 12km,19801201-20101130,annual,St Ives,24.468041060815565
435,436,E14000965,UKCP18 12km,19801201-20101130,annual,Stafford,28.1354964122999
436,437,E14000966,UKCP18 12km,19801201-20101130,annual,Staffordshire Moorlands,26.605623375721436
437,438,E14000967,UKCP18 12km,19801201-20101130,annual,Stalybridge and Hyde,25.894593962557483
438,439,E14000968,UKCP18 12km,19801201-20101130,annual,Stevenage,29.27883843160929
439,440,E14000969,UKCP18 12km,19801201-20101130,annual,Stockport,27.094070598006237
440,441,E14000970,UKCP18 12km,19801201-20101130,annual,Stockton North,25.358234542065446
441,442,E14000971,UKCP18 12km,19801201-20101130,annual,Stockton South,27.210578088862945
442,443,E14000972,UKCP18 12km,19801201-20101130,annual,Stoke-on-Trent Central,27.452301767778064
443,444,E14000973,UKCP18 12km,19801201-20101130,annual,Stoke-on-Trent North,27.08537794767538
444,445,E14000974,UKCP18 12km,19801201-20101130,annual,Stoke-on-Trent South,27.452301767778064
445,446,E14000975,UKCP18 12km,19801201-20101130,annual,Stone,27.88047392244392
446,447,E14000976,UKCP18 12km,19801201-20101130,annual,Stourbridge,28.73573434652376
447,448,E14000977,UKCP18 12km,19801201-20101130,annual,Stratford-on-Avon,29.077600592022552
448,449,E14000978,UKCP18 12km,19801201-20101130,annual,Streatham,30.290214646404
449,450,E14000979,UKCP18 12km,19801201-20101130,annual,Stretford and Urmston,27.98190767923887
450,451,E14000980,UKCP18 12km,19801201-20101130,annual,Stroud,28.598862731369003
451,452,E14000981,UKCP18 12km,19801201-20101130,annual,Suffolk Coastal,26.83919307590059
452,453,E14000982,UKCP18 12km,19801201-20101130,annual,Sunderland Central,24.30411315201326
453,454,E14000983,UKCP18 12km,19801201-20101130,annual,Surrey Heath,29.70731758642785
454,455,E14000984,UKCP18 12km,19801201-20101130,annual,Sutton and Cheam,29.60407345955744
455,456,E14000985,UKCP18 12km,19801201-20101130,annual,Sutton Coldfield,28.894053624408183
456,457,E14000986,UKCP18 12km,19801201-20101130,annual,Tamworth,28.797129162886964
457,458,E14000987,UKCP18 12km,19801201-20101130,annual,Tatton,27.676121655856587
458,459,E14000988,UKCP18 12km,19801201-20101130,annual,Taunton Deane,27.568494168922456
459,460,E14000989,UKCP18 12km,19801201-20101130,annual,Telford,28.23025945678522
460,461,E14000990,UKCP18 12km,19801201-20101130,annual,Tewkesbury,28.773202913007733
461,462,E14000991,UKCP18 12km,19801201-20101130,annual,The Cotswolds,28.51145049623708
462,463,E14000992,UKCP18 12km,19801201-20101130,annual,The Wrekin,28.454619526986388
463,464,E14000993,UKCP18 12km,19801201-20101130,annual,Thirsk and Malton,27.002652098473718
464,465,E14000994,UKCP18 12km,19801201-20101130,annual,Thornbury and Yate,28.546210142092036
465,466,E14000995,UKCP18 12km,19801201-20101130,annual,Thurrock,29.560739001795287
466,467,E14000996,UKCP18 12km,19801201-20101130,annual,Tiverton and Honiton,27.18294967863349
467,468,E14000997,UKCP18 12km,19801201-20101130,annual,Tonbridge and Malling,28.82273087559565
468,469,E14000998,UKCP18 12km,19801201-20101130,annual,Tooting,30.529342325940046
469,470,E14000999,UKCP18 12km,19801201-20101130,annual,Torbay,24.821206054944067
470,471,E14001000,UKCP18 12km,19801201-20101130,annual,Torridge and West Devon,27.230983819391177
471,472,E14001001,UKCP18 12km,19801201-20101130,annual,Totnes,25.123698282926288
472,473,E14001002,UKCP18 12km,19801201-20101130,annual,Tottenham,30.765774015954378
473,474,E14001003,UKCP18 12km,19801201-20101130,annual,Truro and Falmouth,25.102172106348025
474,475,E14001004,UKCP18 12km,19801201-20101130,annual,Tunbridge Wells,28.88023381420347
475,476,E14001005,UKCP18 12km,19801201-20101130,annual,Twickenham,30.198453746148203
476,477,E14001006,UKCP18 12km,19801201-20101130,annual,Tynemouth,26.832843167729155
477,478,E14001007,UKCP18 12km,19801201-20101130,annual,Uxbridge and South Ruislip,30.496650984723516
478,479,E14001008,UKCP18 12km,19801201-20101130,annual,Vauxhall,30.290214646404
479,480,E14001009,UKCP18 12km,19801201-20101130,annual,Wakefield,27.156813753915028
480,481,E14001010,UKCP18 12km,19801201-20101130,annual,Wallasey,24.201833687051874
481,482,E14001011,UKCP18 12km,19801201-20101130,annual,Walsall North,28.821025561558887
482,483,E14001012,UKCP18 12km,19801201-20101130,annual,Walsall South,28.96408822753369
483,484,E14001013,UKCP18 12km,19801201-20101130,annual,Walthamstow,30.765774015954378
484,485,E14001014,UKCP18 12km,19801201-20101130,annual,Wansbeck,26.614386311037432
485,486,E14001015,UKCP18 12km,19801201-20101130,annual,Wantage,29.074825966122386
486,487,E14001016,UKCP18 12km,19801201-20101130,annual,Warley,28.78370320891793
487,488,E14001017,UKCP18 12km,19801201-20101130,annual,Warrington North,27.689801915884427
488,489,E14001018,UKCP18 12km,19801201-20101130,annual,Warrington South,27.689801915884427
489,490,E14001019,UKCP18 12km,19801201-20101130,annual,Warwick and Leamington,29.320223110131764
490,491,E14001020,UKCP18 12km,19801201-20101130,annual,Washington and Sunderland West,24.30411315201326
491,492,E14001021,UKCP18 12km,19801201-20101130,annual,Watford,29.854230896394245
492,493,E14001022,UKCP18 12km,19801201-20101130,annual,Waveney,26.28551724197412
493,494,E14001023,UKCP18 12km,19801201-20101130,annual,Wealden,28.79991968899226
494,495,E14001024,UKCP18 12km,19801201-20101130,annual,Weaver Vale,27.84454018129009
495,496,E14001025,UKCP18 12km,19801201-20101130,annual,Wellingborough,29.017752435469404
496,497,E14001026,UKCP18 12km,19801201-20101130,annual,Wells,28.325214567416552
497,498,E14001027,UKCP18 12km,19801201-20101130,annual,Welwyn Hatfield,29.435847702300922
498,499,E14001028,UKCP18 12km,19801201-20101130,annual,Wentworth and Dearne,28.871288834308093
499,500,E14001029,UKCP18 12km,19801201-20101130,annual,West Bromwich East,28.96408822753369
500,501,E14001030,UKCP18 12km,19801201-20101130,annual,West Bromwich West,28.96408822753369
501,502,E14001031,UKCP18 12km,19801201-20101130,annual,West Dorset,27.505567146624625
502,503,E14001032,UKCP18 12km,19801201-20101130,annual,West Ham,30.765774015954378
503,504,E14001033,UKCP18 12km,19801201-20101130,annual,West Lancashire,27.264126041148945
504,505,E14001034,UKCP18 12km,19801201-20101130,annual,West Suffolk,29.247052037712336
505,506,E14001035,UKCP18 12km,19801201-20101130,annual,West Worcestershire,28.66807219505032
506,507,E14001036,UKCP18 12km,19801201-20101130,annual,Westminster North,31.065021760307374
507,508,E14001037,UKCP18 12km,19801201-20101130,annual,Westmorland and Lonsdale,24.67923251237522
508,509,E14001038,UKCP18 12km,19801201-20101130,annual,Weston-Super-Mare,28.490371576606808
509,510,E14001039,UKCP18 12km,19801201-20101130,annual,Wigan,27.361156833556333
510,511,E14001040,UKCP18 12km,19801201-20101130,annual,Wimbledon,30.529342325940046
511,512,E14001041,UKCP18 12km,19801201-20101130,annual,Winchester,28.700008134266366
512,513,E14001042,UKCP18 12km,19801201-20101130,annual,Windsor,29.675083377265274
513,514,E14001043,UKCP18 12km,19801201-20101130,annual,Wirral South,27.289007488463813
514,515,E14001044,UKCP18 12km,19801201-20101130,annual,Wirral West,24.201833687051874
515,516,E14001045,UKCP18 12km,19801201-20101130,annual,Witham,28.904251934868388
516,517,E14001046,UKCP18 12km,19801201-20101130,annual,Witney,29.002449408615977
517,518,E14001047,UKCP18 12km,19801201-20101130,annual,Woking,29.70731758642785
518,519,E14001048,UKCP18 12km,19801201-20101130,annual,Wokingham,29.412945433733835
519,520,E14001049,UKCP18 12km,19801201-20101130,annual,Wolverhampton North East,28.688535592975672
520,521,E14001050,UKCP18 12km,19801201-20101130,annual,Wolverhampton South East,28.972141667600415
521,522,E14001051,UKCP18 12km,19801201-20101130,annual,Wolverhampton South West,28.972141667600415
522,523,E14001052,UKCP18 12km,19801201-20101130,annual,Worcester,29.040641951431493
523,524,E14001053,UKCP18 12km,19801201-20101130,annual,Workington,24.68274219004934
524,525,E14001054,UKCP18 12km,19801201-20101130,annual,Worsley and Eccles South,27.82062091403961
525,526,E14001055,UKCP18 12km,19801201-20101130,annual,Worthing West,28.424646977368464
526,527,E14001056,UKCP18 12km,19801201-20101130,annual,Wycombe,29.167003237327506
527,528,E14001057,UKCP18 12km,19801201-20101130,annual,Wyre and Preston North,26.415069813165967
528,529,E14001058,UKCP18 12km,19801201-20101130,annual,Wyre Forest,28.612408366831097
529,530,E14001059,UKCP18 12km,19801201-20101130,annual,Wythenshawe and Sale East,27.98190767923887
530,531,E14001060,UKCP18 12km,19801201-20101130,annual,Yeovil,28.186208549343505
531,532,E14001061,UKCP18 12km,19801201-20101130,annual,York Central,28.407943097942027
532,533,E14001062,UKCP18 12km,19801201-20101130,annual,York Outer,28.343169674241423
533,534,N06000001,UKCP18 12km,19801201-20101130,annual,Belfast East,23.71314457955224
534,535,N06000002,UKCP18 12km,19801201-20101130,annual,Belfast North,23.71314457955224
535,536,N06000003,UKCP18 12km,19801201-20101130,annual,Belfast South,23.810725280115985
536,537,N06000004,UKCP18 12km,19801201-20101130,annual,Belfast West,24.084074466578457
537,538,N06000005,UKCP18 12km,19801201-20101130,annual,East Antrim,22.371849274580153
538,539,N06000006,UKCP18 12km,19801201-20101130,annual,East Londonderry,23.543630842218825
539,540,N06000007,UKCP18 12km,19801201-20101130,annual,Fermanagh and South Tyrone,24.160890585184337
540,541,N06000008,UKCP18 12km,19801201-20101130,annual,Foyle,22.95236047022124
541,542,N06000009,UKCP18 12km,19801201-20101130,annual,Lagan Valley,24.253606117185544
542,543,N06000010,UKCP18 12km,19801201-20101130,annual,Mid Ulster,23.19882939130618
543,544,N06000011,UKCP18 12km,19801201-20101130,annual,Newry and Armagh,24.331689284504975
544,545,N06000012,UKCP18 12km,19801201-20101130,annual,North Antrim,23.237934683796794
545,546,N06000013,UKCP18 12km,19801201-20101130,annual,North Down,21.489709208587538
546,547,N06000014,UKCP18 12km,19801201-20101130,annual,South Antrim,22.655187442073974
547,548,N06000015,UKCP18 12km,19801201-20101130,annual,South Down,22.862648665544892
548,549,N06000016,UKCP18 12km,19801201-20101130,annual,Strangford,22.471363152766735
549,550,N06000017,UKCP18 12km,19801201-20101130,annual,Upper Bann,24.657927638535657
550,551,N06000018,UKCP18 12km,19801201-20101130,annual,West Tyrone,23.97571868984312
551,552,S14000001,UKCP18 12km,19801201-20101130,annual,Aberdeen North,23.585396931274058
552,553,S14000002,UKCP18 12km,19801201-20101130,annual,Aberdeen South,21.81431014357601
553,554,S14000003,UKCP18 12km,19801201-20101130,annual,Airdrie and Shotts,24.380930266715033
554,555,S14000004,UKCP18 12km,19801201-20101130,annual,Angus,22.806182696261324
555,556,S14000005,UKCP18 12km,19801201-20101130,annual,Argyll and Bute,22.007860691138557
556,557,S14000006,UKCP18 12km,19801201-20101130,annual,"Ayr, Carrick and Cumnock",23.063016556715827
557,558,S14000007,UKCP18 12km,19801201-20101130,annual,Banff and Buchan,23.72509992035082
558,559,S14000008,UKCP18 12km,19801201-20101130,annual,"Berwickshire, Roxburgh and Selkirk",24.429393192244742
559,560,S14000009,UKCP18 12km,19801201-20101130,annual,"Caithness, Sutherland and Easter Ross",21.984475012100912
560,561,S14000010,UKCP18 12km,19801201-20101130,annual,Central Ayrshire,24.19250274391791
561,562,S14000011,UKCP18 12km,19801201-20101130,annual,"Coatbridge, Chryston and Bellshill",24.430532848151728
562,563,S14000012,UKCP18 12km,19801201-20101130,annual,"Cumbernauld, Kilsyth and Kirkintilloch East",24.36220229129213
563,564,S14000013,UKCP18 12km,19801201-20101130,annual,Dumfries and Galloway,23.656280800753592
564,565,S14000014,UKCP18 12km,19801201-20101130,annual,"Dumfriesshire, Clydesdale and Tweeddale",23.63142096023929
565,566,S14000015,UKCP18 12km,19801201-20101130,annual,Dundee East,22.319380240112057
566,567,S14000016,UKCP18 12km,19801201-20101130,annual,Dundee West,23.686666658331475
567,568,S14000017,UKCP18 12km,19801201-20101130,annual,Dunfermline and West Fife,23.73297042841778
568,569,S14000018,UKCP18 12km,19801201-20101130,annual,East Dunbartonshire,24.508592139461758
569,570,S14000019,UKCP18 12km,19801201-20101130,annual,"East Kilbride, Strathaven and Lesmahagow",23.967315309853422
570,571,S14000020,UKCP18 12km,19801201-20101130,annual,East Lothian,24.5009257044346
571,572,S14000021,UKCP18 12km,19801201-20101130,annual,East Renfrewshire,23.98141352916816
572,573,S14000022,UKCP18 12km,19801201-20101130,annual,Edinburgh East,24.349605774716377
573,574,S14000023,UKCP18 12km,19801201-20101130,annual,Edinburgh North and Leith,22.93486707713293
574,575,S14000024,UKCP18 12km,19801201-20101130,annual,Edinburgh South,24.349605774716377
575,576,S14000025,UKCP18 12km,19801201-20101130,annual,Edinburgh South West,24.684018073524552
576,577,S14000026,UKCP18 12km,19801201-20101130,annual,Edinburgh West,22.93486707713293
577,578,S14000027,UKCP18 12km,19801201-20101130,annual,Na h-Eileanan an Iar,20.357453194746974
578,579,S14000028,UKCP18 12km,19801201-20101130,annual,Falkirk,24.199587497617415
579,580,S14000029,UKCP18 12km,19801201-20101130,annual,Glasgow Central,24.586979968008276
580,581,S14000030,UKCP18 12km,19801201-20101130,annual,Glasgow East,24.430532848151728
581,582,S14000031,UKCP18 12km,19801201-20101130,annual,Glasgow North,24.586979968008276
582,583,S14000032,UKCP18 12km,19801201-20101130,annual,Glasgow North East,24.586979968008276
583,584,S14000033,UKCP18 12km,19801201-20101130,annual,Glasgow North West,24.586979968008276
584,585,S14000034,UKCP18 12km,19801201-20101130,annual,Glasgow South,24.586979968008276
585,586,S14000035,UKCP18 12km,19801201-20101130,annual,Glasgow South West,24.586979968008276
586,587,S14000036,UKCP18 12km,19801201-20101130,annual,Glenrothes,24.577992888458354
587,588,S14000037,UKCP18 12km,19801201-20101130,annual,Gordon,23.377440244439242
588,589,S14000038,UKCP18 12km,19801201-20101130,annual,Inverclyde,23.863334963117126
589,590,S14000039,UKCP18 12km,19801201-20101130,annual,"Inverness, Nairn, Badenoch and Strathspey",22.3628655186244
590,591,S14000040,UKCP18 12km,19801201-20101130,annual,Kilmarnock and Loudoun,23.64327736065909
591,592,S14000041,UKCP18 12km,19801201-20101130,annual,Kirkcaldy and Cowdenbeath,22.5750599831175
592,593,S14000042,UKCP18 12km,19801201-20101130,annual,Lanark and Hamilton East,24.09850169557968
593,594,S14000043,UKCP18 12km,19801201-20101130,annual,Linlithgow and East Falkirk,24.24946286477092
594,595,S14000044,UKCP18 12km,19801201-20101130,annual,Livingston,24.18556897440509
595,596,S14000045,UKCP18 12km,19801201-20101130,annual,Midlothian,24.20002851344159
596,597,S14000046,UKCP18 12km,19801201-20101130,annual,Moray,23.64642421954027
597,598,S14000047,UKCP18 12km,19801201-20101130,annual,Motherwell and Wishaw,24.439028361604404
598,599,S14000048,UKCP18 12km,19801201-20101130,annual,North Ayrshire and Arran,22.77827788671795
599,600,S14000049,UKCP18 12km,19801201-20101130,annual,North East Fife,23.28312654368547
600,601,S14000050,UKCP18 12km,19801201-20101130,annual,Ochil and South Perthshire,23.493512623993354
601,602,S14000051,UKCP18 12km,19801201-20101130,annual,Orkney and Shetland,18.069907445614913
602,603,S14000052,UKCP18 12km,19801201-20101130,annual,Paisley and Renfrewshire North,24.345313298572222
603,604,S14000053,UKCP18 12km,19801201-20101130,annual,Paisley and Renfrewshire South,23.863334963117126
604,605,S14000054,UKCP18 12km,19801201-20101130,annual,Perth and North Perthshire,22.30724519125348
605,606,S14000055,UKCP18 12km,19801201-20101130,annual,"Ross, Skye and Lochaber",21.804406319078446
606,607,S14000056,UKCP18 12km,19801201-20101130,annual,Rutherglen and Hamilton West,24.311015466017974
607,608,S14000057,UKCP18 12km,19801201-20101130,annual,Stirling,22.76606233324532
608,609,S14000058,UKCP18 12km,19801201-20101130,annual,West Aberdeenshire and Kincardine,22.541200196758037
609,610,S14000059,UKCP18 12km,19801201-20101130,annual,West Dunbartonshire,24.556981091775395
610,611,W07000041,UKCP18 12km,19801201-20101130,annual,Ynys Mon,23.587683153114735
611,612,W07000042,UKCP18 12km,19801201-20101130,annual,Delyn,26.525616053885457
612,613,W07000043,UKCP18 12km,19801201-20101130,annual,Alyn and Deeside,26.866867354071058
613,614,W07000044,UKCP18 12km,19801201-20101130,annual,Wrexham,27.354383788520707
614,615,W07000045,UKCP18 12km,19801201-20101130,annual,Llanelli,27.3333149135144
615,616,W07000046,UKCP18 12km,19801201-20101130,annual,Gower,27.36400451514709
616,617,W07000047,UKCP18 12km,19801201-20101130,annual,Swansea West,27.36400451514709
617,618,W07000048,UKCP18 12km,19801201-20101130,annual,Swansea East,26.89017722262196
618,619,W07000049,UKCP18 12km,19801201-20101130,annual,Aberavon,27.347445601403162
619,620,W07000050,UKCP18 12km,19801201-20101130,annual,Cardiff Central,24.6458803395585
620,621,W07000051,UKCP18 12km,19801201-20101130,annual,Cardiff North,27.337758415772182
621,622,W07000052,UKCP18 12km,19801201-20101130,annual,Rhondda,26.415352196204395
622,623,W07000053,UKCP18 12km,19801201-20101130,annual,Torfaen,27.625555967854908
623,624,W07000054,UKCP18 12km,19801201-20101130,annual,Monmouth,27.635012945182883
624,625,W07000055,UKCP18 12km,19801201-20101130,annual,Newport East,25.931500541967917
625,626,W07000056,UKCP18 12km,19801201-20101130,annual,Newport West,25.931500541967917
626,627,W07000057,UKCP18 12km,19801201-20101130,annual,Arfon,25.460146979336482
627,628,W07000058,UKCP18 12km,19801201-20101130,annual,Aberconwy,25.021655109629783
628,629,W07000059,UKCP18 12km,19801201-20101130,annual,Clwyd West,25.085352359406123
629,630,W07000060,UKCP18 12km,19801201-20101130,annual,Vale of Clwyd,25.76549384471891
630,631,W07000061,UKCP18 12km,19801201-20101130,annual,Dwyfor Meirionnydd,24.665159113312093
631,632,W07000062,UKCP18 12km,19801201-20101130,annual,Clwyd South,26.225967280271156
632,633,W07000063,UKCP18 12km,19801201-20101130,annual,Montgomeryshire,25.94121733931746
633,634,W07000064,UKCP18 12km,19801201-20101130,annual,Ceredigion,26.110058675828625
634,635,W07000065,UKCP18 12km,19801201-20101130,annual,Preseli Pembrokeshire,26.026809319145478
635,636,W07000066,UKCP18 12km,19801201-20101130,annual,Carmarthen West and South Pembrokeshire,25.72726585022632
636,637,W07000067,UKCP18 12km,19801201-20101130,annual,Carmarthen East and Dinefwr,26.601483704771425
637,638,W07000068,UKCP18 12km,19801201-20101130,annual,Brecon and Radnorshire,25.993003588806022
638,639,W07000069,UKCP18 12km,19801201-20101130,annual,Neath,26.721304618433724
639,640,W07000070,UKCP18 12km,19801201-20101130,annual,Cynon Valley,26.46965672782274
640,641,W07000071,UKCP18 12km,19801201-20101130,annual,Merthyr Tydfil and Rhymney,25.82665170709988
641,642,W07000072,UKCP18 12km,19801201-20101130,annual,Blaenau Gwent,26.381776298565445
642,643,W07000073,UKCP18 12km,19801201-20101130,annual,Bridgend,27.347445601403162
643,644,W07000074,UKCP18 12km,19801201-20101130,annual,Ogmore,27.29337839213915
644,645,W07000075,UKCP18 12km,19801201-20101130,annual,Pontypridd,27.501151830648535
645,646,W07000076,UKCP18 12km,19801201-20101130,annual,Caerphilly,27.337758415772182
646,647,W07000077,UKCP18 12km,19801201-20101130,annual,Islwyn,27.0796456272935
647,648,W07000078,UKCP18 12km,19801201-20101130,annual,Vale of Glamorgan,27.287808581103207
648,649,W07000079,UKCP18 12km,19801201-20101130,annual,Cardiff West,24.6458803395585
649,650,W07000080,UKCP18 12km,19801201-20101130,annual,Cardiff South and Penarth,24.6458803395585
