,region,constituency,ensemble,period,season,name,ndhi_2030s
0,1,E14000530,UKCP18 12km,20191201-20491130,annual,Aldershot,6.0214326315123925
1,2,E14000531,UKCP18 12km,20191201-20491130,annual,Aldridge-Brownhills,3.158765075644567
2,3,E14000532,UKCP18 12km,20191201-20491130,annual,Altrincham and Sale West,1.9335976375138373
3,4,E14000533,UKCP18 12km,20191201-20491130,annual,Amber Valley,3.0379827501277
4,5,E14000534,UKCP18 12km,20191201-20491130,annual,Arundel and South Downs,4.779439296881689
5,6,E14000535,UKCP18 12km,20191201-20491130,annual,Ashfield,3.5451336203666077
6,7,E14000536,UKCP18 12km,20191201-20491130,annual,Ashford,5.022933498917884
7,8,E14000537,UKCP18 12km,20191201-20491130,annual,Ashton-under-Lyne,1.180002798548722
8,9,E14000538,UKCP18 12km,20191201-20491130,annual,Aylesbury,4.271308558627641
9,10,E14000539,UKCP18 12km,20191201-20491130,annual,Banbury,4.924191910195855
10,11,E14000540,UKCP18 12km,20191201-20491130,annual,Barking,4.725692234322254
11,12,E14000541,UKCP18 12km,20191201-20491130,annual,Barnsley Central,3.151479810975211
12,13,E14000542,UKCP18 12km,20191201-20491130,annual,Barnsley East,2.662055206806825
13,14,E14000543,UKCP18 12km,20191201-20491130,annual,Barrow and Furness,0.6297965112964329
14,15,E14000544,UKCP18 12km,20191201-20491130,annual,Basildon and Billericay,4.466373577554641
15,16,E14000545,UKCP18 12km,20191201-20491130,annual,Basingstoke,5.398974543347088
16,17,E14000546,UKCP18 12km,20191201-20491130,annual,Bassetlaw,4.258449143211846
17,18,E14000547,UKCP18 12km,20191201-20491130,annual,Bath,4.541275299872278
18,19,E14000548,UKCP18 12km,20191201-20491130,annual,Batley and Spen,2.330799692224612
19,20,E14000549,UKCP18 12km,20191201-20491130,annual,Battersea,5.373239672325645
20,21,E14000550,UKCP18 12km,20191201-20491130,annual,Beaconsfield,4.982175698070414
21,22,E14000551,UKCP18 12km,20191201-20491130,annual,Beckenham,4.8572902627974734
22,23,E14000552,UKCP18 12km,20191201-20491130,annual,Bedford,5.843647657820273
23,24,E14000553,UKCP18 12km,20191201-20491130,annual,Bermondsey and Old Southwark,5.094411784335217
24,25,E14000554,UKCP18 12km,20191201-20491130,annual,Berwick-upon-Tweed,0.5861379776454021
25,26,E14000555,UKCP18 12km,20191201-20491130,annual,Bethnal Green and Bow,5.560591629218137
26,27,E14000556,UKCP18 12km,20191201-20491130,annual,Beverley and Holderness,2.2416896385451497
27,28,E14000557,UKCP18 12km,20191201-20491130,annual,Bexhill and Battle,4.725755063805102
28,29,E14000558,UKCP18 12km,20191201-20491130,annual,Bexleyheath and Crayford,5.194242211907815
29,30,E14000559,UKCP18 12km,20191201-20491130,annual,Birkenhead,1.4689985543924682
30,31,E14000560,UKCP18 12km,20191201-20491130,annual,"Birmingham, Edgbaston",3.4341470106742005
31,32,E14000561,UKCP18 12km,20191201-20491130,annual,"Birmingham, Erdington",3.731537429948499
32,33,E14000562,UKCP18 12km,20191201-20491130,annual,"Birmingham, Hall Green",3.9186216075093565
33,34,E14000563,UKCP18 12km,20191201-20491130,annual,"Birmingham, Hodge Hill",3.9186216075093565
34,35,E14000564,UKCP18 12km,20191201-20491130,annual,"Birmingham, Ladywood",3.4341470106742005
35,36,E14000565,UKCP18 12km,20191201-20491130,annual,"Birmingham, Northfield",3.4341470106742005
36,37,E14000566,UKCP18 12km,20191201-20491130,annual,"Birmingham, Perry Barr",3.0322855337627868
37,38,E14000567,UKCP18 12km,20191201-20491130,annual,"Birmingham, Selly Oak",3.4341470106742005
38,39,E14000568,UKCP18 12km,20191201-20491130,annual,"Birmingham, Yardley",3.9186216075093565
39,40,E14000569,UKCP18 12km,20191201-20491130,annual,Bishop Auckland,0.646614981384742
40,41,E14000570,UKCP18 12km,20191201-20491130,annual,Blackburn,0.9805421370906116
41,42,E14000571,UKCP18 12km,20191201-20491130,annual,Blackley and Broughton,1.180002798548722
42,43,E14000572,UKCP18 12km,20191201-20491130,annual,Blackpool North and Cleveleys,1.117120440506591
43,44,E14000573,UKCP18 12km,20191201-20491130,annual,Blackpool South,1.117120440506591
44,45,E14000574,UKCP18 12km,20191201-20491130,annual,Blaydon,0.8301426752251442
45,46,E14000575,UKCP18 12km,20191201-20491130,annual,Blyth Valley,0.6570725854834164
46,47,E14000576,UKCP18 12km,20191201-20491130,annual,Bognor Regis and Littlehampton,3.8635229588965956
47,48,E14000577,UKCP18 12km,20191201-20491130,annual,Bolsover,3.5104960467184783
48,49,E14000578,UKCP18 12km,20191201-20491130,annual,Bolton North East,0.9571380762578189
49,50,E14000579,UKCP18 12km,20191201-20491130,annual,Bolton South East,1.4070429996612506
50,51,E14000580,UKCP18 12km,20191201-20491130,annual,Bolton West,1.1546956019997354
51,52,E14000581,UKCP18 12km,20191201-20491130,annual,Bootle,1.4197252321391167
52,53,E14000582,UKCP18 12km,20191201-20491130,annual,Boston and Skegness,3.8081532346174773
53,54,E14000583,UKCP18 12km,20191201-20491130,annual,Bosworth,4.220396766680286
54,55,E14000584,UKCP18 12km,20191201-20491130,annual,Bournemouth East,4.316231958832526
55,56,E14000585,UKCP18 12km,20191201-20491130,annual,Bournemouth West,3.732964465322828
56,57,E14000586,UKCP18 12km,20191201-20491130,annual,Bracknell,6.090743511338299
57,58,E14000587,UKCP18 12km,20191201-20491130,annual,Bradford East,1.4139755138907777
58,59,E14000588,UKCP18 12km,20191201-20491130,annual,Bradford South,1.52618239154109
59,60,E14000589,UKCP18 12km,20191201-20491130,annual,Bradford West,1.4139755138907777
60,61,E14000590,UKCP18 12km,20191201-20491130,annual,Braintree,5.6606459111944245
61,62,E14000591,UKCP18 12km,20191201-20491130,annual,Brent Central,5.798491743182473
62,63,E14000592,UKCP18 12km,20191201-20491130,annual,Brent North,5.798491743182473
63,64,E14000593,UKCP18 12km,20191201-20491130,annual,Brentford and Isleworth,5.373239672325645
64,65,E14000594,UKCP18 12km,20191201-20491130,annual,Brentwood and Ongar,5.172742966221994
65,66,E14000595,UKCP18 12km,20191201-20491130,annual,Bridgwater and West Somerset,3.17480455706751
66,67,E14000596,UKCP18 12km,20191201-20491130,annual,Brigg and Goole,3.8900505002142083
67,68,E14000597,UKCP18 12km,20191201-20491130,annual,"Brighton, Kemptown",3.664638877504745
68,69,E14000598,UKCP18 12km,20191201-20491130,annual,"Brighton, Pavilion",4.56324738543251
69,70,E14000599,UKCP18 12km,20191201-20491130,annual,Bristol East,3.991030365521348
70,71,E14000600,UKCP18 12km,20191201-20491130,annual,Bristol North West,3.6928383202977493
71,72,E14000601,UKCP18 12km,20191201-20491130,annual,Bristol South,3.6928383202977493
72,73,E14000602,UKCP18 12km,20191201-20491130,annual,Bristol West,3.6928383202977493
73,74,E14000603,UKCP18 12km,20191201-20491130,annual,Broadland,3.4544934762689015
74,75,E14000604,UKCP18 12km,20191201-20491130,annual,Bromley and Chislehurst,5.194242211907815
75,76,E14000605,UKCP18 12km,20191201-20491130,annual,Bromsgrove,4.393385880059095
76,77,E14000606,UKCP18 12km,20191201-20491130,annual,Broxbourne,5.025115996301737
77,78,E14000607,UKCP18 12km,20191201-20491130,annual,Broxtowe,3.9388181160996076
78,79,E14000608,UKCP18 12km,20191201-20491130,annual,Buckingham,5.166565187354473
79,80,E14000609,UKCP18 12km,20191201-20491130,annual,Burnley,0.8405707366994561
80,81,E14000610,UKCP18 12km,20191201-20491130,annual,Burton,3.6030315689051626
81,82,E14000611,UKCP18 12km,20191201-20491130,annual,Bury North,0.9571380762578189
82,83,E14000612,UKCP18 12km,20191201-20491130,annual,Bury South,1.4070429996612506
83,84,E14000613,UKCP18 12km,20191201-20491130,annual,Bury St Edmunds,5.071722637961952
84,85,E14000614,UKCP18 12km,20191201-20491130,annual,Calder Valley,1.1428609676920651
85,86,E14000615,UKCP18 12km,20191201-20491130,annual,Camberwell and Peckham,5.094411784335217
86,87,E14000616,UKCP18 12km,20191201-20491130,annual,Camborne and Redruth,1.2772560508950468
87,88,E14000617,UKCP18 12km,20191201-20491130,annual,Cambridge,6.067523289784298
88,89,E14000618,UKCP18 12km,20191201-20491130,annual,Cannock Chase,3.367119734100399
89,90,E14000619,UKCP18 12km,20191201-20491130,annual,Canterbury,4.1708003886811795
90,91,E14000620,UKCP18 12km,20191201-20491130,annual,Carlisle,1.0352488595730422
91,92,E14000621,UKCP18 12km,20191201-20491130,annual,Carshalton and Wallington,4.8572902627974734
92,93,E14000622,UKCP18 12km,20191201-20491130,annual,Castle Point,3.8919539547967754
93,94,E14000623,UKCP18 12km,20191201-20491130,annual,Central Devon,2.820232589510092
94,95,E14000624,UKCP18 12km,20191201-20491130,annual,Central Suffolk and North Ipswich,4.163056624616504
95,96,E14000625,UKCP18 12km,20191201-20491130,annual,Charnwood,4.285478479053287
96,97,E14000626,UKCP18 12km,20191201-20491130,annual,Chatham and Aylesford,5.046611792271051
97,98,E14000627,UKCP18 12km,20191201-20491130,annual,Cheadle,1.3907941335100598
98,99,E14000628,UKCP18 12km,20191201-20491130,annual,Chelmsford,4.998534995913478
99,100,E14000629,UKCP18 12km,20191201-20491130,annual,Chelsea and Fulham,5.373239672325645
100,101,E14000630,UKCP18 12km,20191201-20491130,annual,Cheltenham,4.442028693181072
101,102,E14000631,UKCP18 12km,20191201-20491130,annual,Chesham and Amersham,4.1242723415748435
102,103,E14000632,UKCP18 12km,20191201-20491130,annual,Chesterfield,2.4862213399383233
103,104,E14000633,UKCP18 12km,20191201-20491130,annual,Chichester,4.75233560433869
104,105,E14000634,UKCP18 12km,20191201-20491130,annual,Chingford and Woodford Green,5.221435218387226
105,106,E14000635,UKCP18 12km,20191201-20491130,annual,Chippenham,4.740462249264707
106,107,E14000636,UKCP18 12km,20191201-20491130,annual,Chipping Barnet,5.167669608066174
107,108,E14000637,UKCP18 12km,20191201-20491130,annual,Chorley,1.361186465251856
108,109,E14000638,UKCP18 12km,20191201-20491130,annual,Christchurch,4.316231958832526
109,110,E14000639,UKCP18 12km,20191201-20491130,annual,Cities of London and Westminster,5.560591629218137
110,111,E14000640,UKCP18 12km,20191201-20491130,annual,City of Chester,2.1661401596783123
111,112,E14000641,UKCP18 12km,20191201-20491130,annual,City of Durham,1.098412905206016
112,113,E14000642,UKCP18 12km,20191201-20491130,annual,Clacton,4.255076826995591
113,114,E14000643,UKCP18 12km,20191201-20491130,annual,Cleethorpes,2.82997876555504
114,115,E14000644,UKCP18 12km,20191201-20491130,annual,Colchester,5.681585893978334
115,116,E14000645,UKCP18 12km,20191201-20491130,annual,Colne Valley,0.9863923397575044
116,117,E14000646,UKCP18 12km,20191201-20491130,annual,Congleton,2.066310472164589
117,118,E14000647,UKCP18 12km,20191201-20491130,annual,Copeland,0.4323971553828684
118,119,E14000648,UKCP18 12km,20191201-20491130,annual,Corby,5.425538191732218
119,120,E14000649,UKCP18 12km,20191201-20491130,annual,Coventry North East,4.633266625730674
120,121,E14000650,UKCP18 12km,20191201-20491130,annual,Coventry North West,4.441207117056227
121,122,E14000651,UKCP18 12km,20191201-20491130,annual,Coventry South,4.633266625730674
122,123,E14000652,UKCP18 12km,20191201-20491130,annual,Crawley,5.083912066594543
123,124,E14000653,UKCP18 12km,20191201-20491130,annual,Crewe and Nantwich,2.3252279884352496
124,125,E14000654,UKCP18 12km,20191201-20491130,annual,Croydon Central,4.8572902627974734
125,126,E14000655,UKCP18 12km,20191201-20491130,annual,Croydon North,5.094411784335217
126,127,E14000656,UKCP18 12km,20191201-20491130,annual,Croydon South,4.8572902627974734
127,128,E14000657,UKCP18 12km,20191201-20491130,annual,Dagenham and Rainham,4.725692234322254
128,129,E14000658,UKCP18 12km,20191201-20491130,annual,Darlington,1.846150209325429
129,130,E14000659,UKCP18 12km,20191201-20491130,annual,Dartford,5.078180286605697
130,131,E14000660,UKCP18 12km,20191201-20491130,annual,Daventry,4.364445586822493
131,132,E14000661,UKCP18 12km,20191201-20491130,annual,Denton and Reddish,1.3907941335100598
132,133,E14000662,UKCP18 12km,20191201-20491130,annual,Derby North,3.5480685975422497
133,134,E14000663,UKCP18 12km,20191201-20491130,annual,Derby South,4.208854368469686
134,135,E14000664,UKCP18 12km,20191201-20491130,annual,Derbyshire Dales,1.9512417204447174
135,136,E14000665,UKCP18 12km,20191201-20491130,annual,Devizes,4.7778721070173
136,137,E14000666,UKCP18 12km,20191201-20491130,annual,Dewsbury,2.0495887327290454
137,138,E14000667,UKCP18 12km,20191201-20491130,annual,Don Valley,4.269690128706865
138,139,E14000668,UKCP18 12km,20191201-20491130,annual,Doncaster Central,4.269690128706865
139,140,E14000669,UKCP18 12km,20191201-20491130,annual,Doncaster North,3.954879603853286
140,141,E14000670,UKCP18 12km,20191201-20491130,annual,Dover,3.383460530854481
141,142,E14000671,UKCP18 12km,20191201-20491130,annual,Dudley North,3.065631537143735
142,143,E14000672,UKCP18 12km,20191201-20491130,annual,Dudley South,3.065631537143735
143,144,E14000673,UKCP18 12km,20191201-20491130,annual,Dulwich and West Norwood,5.094411784335217
144,145,E14000674,UKCP18 12km,20191201-20491130,annual,Ealing Central and Acton,5.798491743182473
145,146,E14000675,UKCP18 12km,20191201-20491130,annual,Ealing North,5.133210536031423
146,147,E14000676,UKCP18 12km,20191201-20491130,annual,"Ealing, Southall",5.349329543534015
147,148,E14000677,UKCP18 12km,20191201-20491130,annual,Easington,0.9776828811830586
148,149,E14000678,UKCP18 12km,20191201-20491130,annual,East Devon,3.639251755863509
149,150,E14000679,UKCP18 12km,20191201-20491130,annual,East Ham,4.725692234322254
150,151,E14000680,UKCP18 12km,20191201-20491130,annual,East Hampshire,5.297098780785106
151,152,E14000681,UKCP18 12km,20191201-20491130,annual,East Surrey,4.7897675269205005
152,153,E14000682,UKCP18 12km,20191201-20491130,annual,East Worthing and Shoreham,4.549349516464031
153,154,E14000683,UKCP18 12km,20191201-20491130,annual,East Yorkshire,2.2958296006567953
154,155,E14000684,UKCP18 12km,20191201-20491130,annual,Eastbourne,2.5321448587964177
155,156,E14000685,UKCP18 12km,20191201-20491130,annual,Eastleigh,4.521880487147649
156,157,E14000686,UKCP18 12km,20191201-20491130,annual,Eddisbury,2.592207855308935
157,158,E14000687,UKCP18 12km,20191201-20491130,annual,Edmonton,5.221435218387226
158,159,E14000688,UKCP18 12km,20191201-20491130,annual,Ellesmere Port and Neston,1.5952227538906365
159,160,E14000689,UKCP18 12km,20191201-20491130,annual,Elmet and Rothwell,3.0427966867675664
160,161,E14000690,UKCP18 12km,20191201-20491130,annual,Eltham,5.194242211907815
161,162,E14000691,UKCP18 12km,20191201-20491130,annual,Enfield North,5.221435218387226
162,163,E14000692,UKCP18 12km,20191201-20491130,annual,"Enfield, Southgate",5.221435218387226
163,164,E14000693,UKCP18 12km,20191201-20491130,annual,Epping Forest,5.1029127216737145
164,165,E14000694,UKCP18 12km,20191201-20491130,annual,Epsom and Ewell,4.8711335390052986
165,166,E14000695,UKCP18 12km,20191201-20491130,annual,Erewash,3.9388181160996076
166,167,E14000696,UKCP18 12km,20191201-20491130,annual,Erith and Thamesmead,5.194242211907815
167,168,E14000697,UKCP18 12km,20191201-20491130,annual,Esher and Walton,5.428883083116044
168,169,E14000698,UKCP18 12km,20191201-20491130,annual,Exeter,3.874675019175928
169,170,E14000699,UKCP18 12km,20191201-20491130,annual,Fareham,4.521880487147649
170,171,E14000700,UKCP18 12km,20191201-20491130,annual,Faversham and Mid Kent,4.6814259354656835
171,172,E14000701,UKCP18 12km,20191201-20491130,annual,Feltham and Heston,5.349329543534015
172,173,E14000702,UKCP18 12km,20191201-20491130,annual,Filton and Bradley Stoke,3.6828373921260016
173,174,E14000703,UKCP18 12km,20191201-20491130,annual,Finchley and Golders Green,5.798491743182473
174,175,E14000704,UKCP18 12km,20191201-20491130,annual,Folkestone and Hythe,4.425376723549658
175,176,E14000705,UKCP18 12km,20191201-20491130,annual,Forest of Dean,4.677335370886741
176,177,E14000706,UKCP18 12km,20191201-20491130,annual,Fylde,1.117120440506591
177,178,E14000707,UKCP18 12km,20191201-20491130,annual,Gainsborough,3.9674474171381164
178,179,E14000708,UKCP18 12km,20191201-20491130,annual,Garston and Halewood,1.5110553339378463
179,180,E14000709,UKCP18 12km,20191201-20491130,annual,Gateshead,0.8089425041288729
180,181,E14000710,UKCP18 12km,20191201-20491130,annual,Gedling,4.415623120044741
181,182,E14000711,UKCP18 12km,20191201-20491130,annual,Gillingham and Rainham,4.940381657253792
182,183,E14000712,UKCP18 12km,20191201-20491130,annual,Gloucester,4.792133489813967
183,184,E14000713,UKCP18 12km,20191201-20491130,annual,Gosport,4.021331967970418
184,185,E14000714,UKCP18 12km,20191201-20491130,annual,Grantham and Stamford,4.302612513910699
185,186,E14000715,UKCP18 12km,20191201-20491130,annual,Gravesham,4.450674678032176
186,187,E14000716,UKCP18 12km,20191201-20491130,annual,Great Grimsby,2.5681064524540926
187,188,E14000717,UKCP18 12km,20191201-20491130,annual,Great Yarmouth,2.370225942740897
188,189,E14000718,UKCP18 12km,20191201-20491130,annual,Greenwich and Woolwich,5.194242211907815
189,190,E14000719,UKCP18 12km,20191201-20491130,annual,Guildford,5.978210453498083
190,191,E14000720,UKCP18 12km,20191201-20491130,annual,Hackney North and Stoke Newington,5.560591629218137
191,192,E14000721,UKCP18 12km,20191201-20491130,annual,Hackney South and Shoreditch,5.560591629218137
192,193,E14000722,UKCP18 12km,20191201-20491130,annual,Halesowen and Rowley Regis,3.4341470106742005
193,194,E14000723,UKCP18 12km,20191201-20491130,annual,Halifax,1.52618239154109
194,195,E14000724,UKCP18 12km,20191201-20491130,annual,Haltemprice and Howden,2.594006592333025
195,196,E14000725,UKCP18 12km,20191201-20491130,annual,Halton,1.7418428126921988
196,197,E14000726,UKCP18 12km,20191201-20491130,annual,Hammersmith,5.373239672325645
197,198,E14000727,UKCP18 12km,20191201-20491130,annual,Hampstead and Kilburn,5.798491743182473
198,199,E14000728,UKCP18 12km,20191201-20491130,annual,Harborough,4.328248796854193
199,200,E14000729,UKCP18 12km,20191201-20491130,annual,Harlow,5.277060029002112
200,201,E14000730,UKCP18 12km,20191201-20491130,annual,Harrogate and Knaresborough,2.66079244335844
201,202,E14000731,UKCP18 12km,20191201-20491130,annual,Harrow East,5.798491743182473
202,203,E14000732,UKCP18 12km,20191201-20491130,annual,Harrow West,5.133210536031423
203,204,E14000733,UKCP18 12km,20191201-20491130,annual,Hartlepool,1.3582549680258327
204,205,E14000734,UKCP18 12km,20191201-20491130,annual,Harwich and North Essex,5.262618436221434
205,206,E14000735,UKCP18 12km,20191201-20491130,annual,Hastings and Rye,4.40771253997239
206,207,E14000736,UKCP18 12km,20191201-20491130,annual,Havant,4.26441316966723
207,208,E14000737,UKCP18 12km,20191201-20491130,annual,Hayes and Harlington,5.349329543534015
208,209,E14000738,UKCP18 12km,20191201-20491130,annual,Hazel Grove,1.3907941335100598
209,210,E14000739,UKCP18 12km,20191201-20491130,annual,Hemel Hempstead,4.276032337607689
210,211,E14000740,UKCP18 12km,20191201-20491130,annual,Hemsworth,3.4828598933171486
211,212,E14000741,UKCP18 12km,20191201-20491130,annual,Hendon,5.798491743182473
212,213,E14000742,UKCP18 12km,20191201-20491130,annual,Henley,5.366963063147189
213,214,E14000743,UKCP18 12km,20191201-20491130,annual,Hereford and South Herefordshire,4.0380229768561104
214,215,E14000744,UKCP18 12km,20191201-20491130,annual,Hertford and Stortford,5.025115996301737
215,216,E14000745,UKCP18 12km,20191201-20491130,annual,Hertsmere,5.167669608066174
216,217,E14000746,UKCP18 12km,20191201-20491130,annual,Hexham,0.618635551515721
217,218,E14000747,UKCP18 12km,20191201-20491130,annual,Heywood and Middleton,0.9176846796359094
218,219,E14000748,UKCP18 12km,20191201-20491130,annual,High Peak,0.9263340205304157
219,220,E14000749,UKCP18 12km,20191201-20491130,annual,Hitchin and Harpenden,4.276032337607689
220,221,E14000750,UKCP18 12km,20191201-20491130,annual,Holborn and St Pancras,5.560591629218137
221,222,E14000751,UKCP18 12km,20191201-20491130,annual,Hornchurch and Upminster,4.439293857118236
222,223,E14000752,UKCP18 12km,20191201-20491130,annual,Hornsey and Wood Green,5.560591629218137
223,224,E14000753,UKCP18 12km,20191201-20491130,annual,Horsham,5.314456235489578
224,225,E14000754,UKCP18 12km,20191201-20491130,annual,Houghton and Sunderland South,0.9776828811830586
225,226,E14000755,UKCP18 12km,20191201-20491130,annual,Hove,3.664638877504745
226,227,E14000756,UKCP18 12km,20191201-20491130,annual,Huddersfield,1.3093501407962214
227,228,E14000757,UKCP18 12km,20191201-20491130,annual,Huntingdon,6.02643649422419
228,229,E14000758,UKCP18 12km,20191201-20491130,annual,Hyndburn,0.7975060454022772
229,230,E14000759,UKCP18 12km,20191201-20491130,annual,Ilford North,4.725692234322254
230,231,E14000760,UKCP18 12km,20191201-20491130,annual,Ilford South,4.725692234322254
231,232,E14000761,UKCP18 12km,20191201-20491130,annual,Ipswich,4.461582671678919
232,233,E14000762,UKCP18 12km,20191201-20491130,annual,Isle of Wight,3.562692876905203
233,234,E14000763,UKCP18 12km,20191201-20491130,annual,Islington North,5.560591629218137
234,235,E14000764,UKCP18 12km,20191201-20491130,annual,Islington South and Finsbury,5.560591629218137
235,236,E14000765,UKCP18 12km,20191201-20491130,annual,Jarrow,0.7552957509286936
236,237,E14000766,UKCP18 12km,20191201-20491130,annual,Keighley,1.1049854823820509
237,238,E14000767,UKCP18 12km,20191201-20491130,annual,Kenilworth and Southam,4.876944566533657
238,239,E14000768,UKCP18 12km,20191201-20491130,annual,Kensington,5.798491743182473
239,240,E14000769,UKCP18 12km,20191201-20491130,annual,Kettering,5.083344555087609
240,241,E14000770,UKCP18 12km,20191201-20491130,annual,Kingston and Surbiton,4.8711335390052986
241,242,E14000771,UKCP18 12km,20191201-20491130,annual,Kingston upon Hull East,2.3869052370844877
242,243,E14000772,UKCP18 12km,20191201-20491130,annual,Kingston upon Hull North,2.228972130805768
243,244,E14000773,UKCP18 12km,20191201-20491130,annual,Kingston upon Hull West and Hessle,2.3869052370844877
244,245,E14000774,UKCP18 12km,20191201-20491130,annual,Kingswood,3.991030365521348
245,246,E14000775,UKCP18 12km,20191201-20491130,annual,Knowsley,1.5110553339378463
246,247,E14000776,UKCP18 12km,20191201-20491130,annual,Lancaster and Fleetwood,0.8439297145305568
247,248,E14000777,UKCP18 12km,20191201-20491130,annual,Leeds Central,2.330799692224612
248,249,E14000778,UKCP18 12km,20191201-20491130,annual,Leeds East,2.9504910022714377
249,250,E14000779,UKCP18 12km,20191201-20491130,annual,Leeds North East,2.1032178743714085
250,251,E14000780,UKCP18 12km,20191201-20491130,annual,Leeds North West,2.1032178743714085
251,252,E14000781,UKCP18 12km,20191201-20491130,annual,Leeds West,2.1032178743714085
252,253,E14000782,UKCP18 12km,20191201-20491130,annual,Leicester East,4.019483435589986
253,254,E14000783,UKCP18 12km,20191201-20491130,annual,Leicester South,4.019483435589986
254,255,E14000784,UKCP18 12km,20191201-20491130,annual,Leicester West,4.019483435589986
255,256,E14000785,UKCP18 12km,20191201-20491130,annual,Leigh,1.4776161844683575
256,257,E14000786,UKCP18 12km,20191201-20491130,annual,Lewes,4.460788151688439
257,258,E14000787,UKCP18 12km,20191201-20491130,annual,Lewisham East,5.094411784335217
258,259,E14000788,UKCP18 12km,20191201-20491130,annual,Lewisham West and Penge,5.094411784335217
259,260,E14000789,UKCP18 12km,20191201-20491130,annual,"Lewisham, Deptford",5.094411784335217
260,261,E14000790,UKCP18 12km,20191201-20491130,annual,Leyton and Wanstead,5.560591629218137
261,262,E14000791,UKCP18 12km,20191201-20491130,annual,Lichfield,4.3120117684166495
262,263,E14000792,UKCP18 12km,20191201-20491130,annual,Lincoln,4.4361257774910685
263,264,E14000793,UKCP18 12km,20191201-20491130,annual,"Liverpool, Riverside",1.5110553339378463
264,265,E14000794,UKCP18 12km,20191201-20491130,annual,"Liverpool, Walton",1.5110553339378463
265,266,E14000795,UKCP18 12km,20191201-20491130,annual,"Liverpool, Wavertree",1.5110553339378463
266,267,E14000796,UKCP18 12km,20191201-20491130,annual,"Liverpool, West Derby",1.5110553339378463
267,268,E14000797,UKCP18 12km,20191201-20491130,annual,Loughborough,4.1686868182255
268,269,E14000798,UKCP18 12km,20191201-20491130,annual,Louth and Horncastle,2.992347848713997
269,270,E14000799,UKCP18 12km,20191201-20491130,annual,Ludlow,2.624090486914233
270,271,E14000800,UKCP18 12km,20191201-20491130,annual,Luton North,4.752532494629691
271,272,E14000801,UKCP18 12km,20191201-20491130,annual,Luton South,4.752532494629691
272,273,E14000802,UKCP18 12km,20191201-20491130,annual,Macclesfield,1.4729109673522234
273,274,E14000803,UKCP18 12km,20191201-20491130,annual,Maidenhead,5.861568088851194
274,275,E14000804,UKCP18 12km,20191201-20491130,annual,Maidstone and The Weald,5.156008046777777
275,276,E14000805,UKCP18 12km,20191201-20491130,annual,Makerfield,1.429201653854057
276,277,E14000806,UKCP18 12km,20191201-20491130,annual,Maldon,4.092268485204159
277,278,E14000807,UKCP18 12km,20191201-20491130,annual,Manchester Central,1.180002798548722
278,279,E14000808,UKCP18 12km,20191201-20491130,annual,"Manchester, Gorton",1.3907941335100598
279,280,E14000809,UKCP18 12km,20191201-20491130,annual,"Manchester, Withington",1.9335976375138373
280,281,E14000810,UKCP18 12km,20191201-20491130,annual,Mansfield,3.4856921499606126
281,282,E14000811,UKCP18 12km,20191201-20491130,annual,Meon Valley,4.46984199402286
282,283,E14000812,UKCP18 12km,20191201-20491130,annual,Meriden,4.441207117056227
283,284,E14000813,UKCP18 12km,20191201-20491130,annual,Mid Bedfordshire,5.30928781555782
284,285,E14000814,UKCP18 12km,20191201-20491130,annual,Mid Derbyshire,3.5480685975422497
285,286,E14000815,UKCP18 12km,20191201-20491130,annual,Mid Dorset and North Poole,4.32880946561039
286,287,E14000816,UKCP18 12km,20191201-20491130,annual,Mid Norfolk,4.295086238180528
287,288,E14000817,UKCP18 12km,20191201-20491130,annual,Mid Sussex,5.395571919521654
288,289,E14000818,UKCP18 12km,20191201-20491130,annual,Mid Worcestershire,5.010356691535992
289,290,E14000819,UKCP18 12km,20191201-20491130,annual,Middlesbrough,1.3582549680258327
290,291,E14000820,UKCP18 12km,20191201-20491130,annual,Middlesbrough South and East Cleveland,0.9930026741564432
291,292,E14000821,UKCP18 12km,20191201-20491130,annual,Milton Keynes North,5.4400414125429934
292,293,E14000822,UKCP18 12km,20191201-20491130,annual,Milton Keynes South,5.170728728088842
293,294,E14000823,UKCP18 12km,20191201-20491130,annual,Mitcham and Morden,5.373239672325645
294,295,E14000824,UKCP18 12km,20191201-20491130,annual,Mole Valley,5.446071249344659
295,296,E14000825,UKCP18 12km,20191201-20491130,annual,Morecambe and Lunesdale,0.8680890477163759
296,297,E14000826,UKCP18 12km,20191201-20491130,annual,Morley and Outwood,2.330799692224612
297,298,E14000827,UKCP18 12km,20191201-20491130,annual,New Forest East,4.61304589835994
298,299,E14000828,UKCP18 12km,20191201-20491130,annual,New Forest West,4.824289705706857
299,300,E14000829,UKCP18 12km,20191201-20491130,annual,Newark,4.516434618593716
300,301,E14000830,UKCP18 12km,20191201-20491130,annual,Newbury,5.0945449985717035
301,302,E14000831,UKCP18 12km,20191201-20491130,annual,Newcastle upon Tyne Central,0.6804791809050766
302,303,E14000832,UKCP18 12km,20191201-20491130,annual,Newcastle upon Tyne East,0.6804791809050766
303,304,E14000833,UKCP18 12km,20191201-20491130,annual,Newcastle upon Tyne North,0.6804791809050766
304,305,E14000834,UKCP18 12km,20191201-20491130,annual,Newcastle-under-Lyme,2.012060757636134
305,306,E14000835,UKCP18 12km,20191201-20491130,annual,Newton Abbot,2.1464353953175417
306,307,E14000836,UKCP18 12km,20191201-20491130,annual,"Normanton, Pontefract and Castleford",3.6351471878952215
307,308,E14000837,UKCP18 12km,20191201-20491130,annual,North Cornwall,2.4498238064494187
308,309,E14000838,UKCP18 12km,20191201-20491130,annual,North Devon,2.61327691481574
309,310,E14000839,UKCP18 12km,20191201-20491130,annual,North Dorset,4.806283857393849
310,311,E14000840,UKCP18 12km,20191201-20491130,annual,North Durham,1.098412905206016
311,312,E14000841,UKCP18 12km,20191201-20491130,annual,North East Bedfordshire,5.927596534109335
312,313,E14000842,UKCP18 12km,20191201-20491130,annual,North East Cambridgeshire,5.862901160846939
313,314,E14000843,UKCP18 12km,20191201-20491130,annual,North East Derbyshire,2.598558834329535
314,315,E14000844,UKCP18 12km,20191201-20491130,annual,North East Hampshire,5.570788390710063
315,316,E14000845,UKCP18 12km,20191201-20491130,annual,North East Hertfordshire,5.536526587154244
316,317,E14000846,UKCP18 12km,20191201-20491130,annual,North East Somerset,4.1215232596667954
317,318,E14000847,UKCP18 12km,20191201-20491130,annual,North Herefordshire,3.7300052003754716
318,319,E14000848,UKCP18 12km,20191201-20491130,annual,North Norfolk,3.1104620890906673
319,320,E14000849,UKCP18 12km,20191201-20491130,annual,North Shropshire,3.0429573624993553
320,321,E14000850,UKCP18 12km,20191201-20491130,annual,North Somerset,3.6346537437649196
321,322,E14000851,UKCP18 12km,20191201-20491130,annual,North Swindon,4.645014081765102
322,323,E14000852,UKCP18 12km,20191201-20491130,annual,North Thanet,3.6911938305230767
323,324,E14000853,UKCP18 12km,20191201-20491130,annual,North Tyneside,0.6804791809050766
324,325,E14000854,UKCP18 12km,20191201-20491130,annual,North Warwickshire,4.257484826390975
325,326,E14000855,UKCP18 12km,20191201-20491130,annual,North West Cambridgeshire,5.720358166431917
326,327,E14000856,UKCP18 12km,20191201-20491130,annual,North West Durham,0.5582826856879274
327,328,E14000857,UKCP18 12km,20191201-20491130,annual,North West Hampshire,5.269415301709189
328,329,E14000858,UKCP18 12km,20191201-20491130,annual,North West Leicestershire,4.42215004813593
329,330,E14000859,UKCP18 12km,20191201-20491130,annual,North West Norfolk,4.2237395155818085
330,331,E14000860,UKCP18 12km,20191201-20491130,annual,North Wiltshire,4.473145876516337
331,332,E14000861,UKCP18 12km,20191201-20491130,annual,Northampton North,4.9503977209117265
332,333,E14000862,UKCP18 12km,20191201-20491130,annual,Northampton South,4.9503977209117265
333,334,E14000863,UKCP18 12km,20191201-20491130,annual,Norwich North,3.929831096198455
334,335,E14000864,UKCP18 12km,20191201-20491130,annual,Norwich South,4.283240371554864
335,336,E14000865,UKCP18 12km,20191201-20491130,annual,Nottingham East,4.415623120044741
336,337,E14000866,UKCP18 12km,20191201-20491130,annual,Nottingham North,3.9388181160996076
337,338,E14000867,UKCP18 12km,20191201-20491130,annual,Nottingham South,3.9388181160996076
338,339,E14000868,UKCP18 12km,20191201-20491130,annual,Nuneaton,4.4521586813463365
339,340,E14000869,UKCP18 12km,20191201-20491130,annual,Old Bexley and Sidcup,5.194242211907815
340,341,E14000870,UKCP18 12km,20191201-20491130,annual,Oldham East and Saddleworth,0.9394313297034141
341,342,E14000871,UKCP18 12km,20191201-20491130,annual,Oldham West and Royton,1.180002798548722
342,343,E14000872,UKCP18 12km,20191201-20491130,annual,Orpington,5.250771953316769
343,344,E14000873,UKCP18 12km,20191201-20491130,annual,Oxford East,5.53850554734442
344,345,E14000874,UKCP18 12km,20191201-20491130,annual,Oxford West and Abingdon,5.739212776031404
345,346,E14000875,UKCP18 12km,20191201-20491130,annual,Pendle,0.9277857355522974
346,347,E14000876,UKCP18 12km,20191201-20491130,annual,Penistone and Stocksbridge,1.1214537697968086
347,348,E14000877,UKCP18 12km,20191201-20491130,annual,Penrith and The Border,0.6594690149198166
348,349,E14000878,UKCP18 12km,20191201-20491130,annual,Peterborough,5.1424532953660735
349,350,E14000879,UKCP18 12km,20191201-20491130,annual,"Plymouth, Moor View",1.8586324300034518
350,351,E14000880,UKCP18 12km,20191201-20491130,annual,"Plymouth, Sutton and Devonport",1.737000836839644
351,352,E14000881,UKCP18 12km,20191201-20491130,annual,Poole,3.732964465322828
352,353,E14000882,UKCP18 12km,20191201-20491130,annual,Poplar and Limehouse,5.560591629218137
353,354,E14000883,UKCP18 12km,20191201-20491130,annual,Portsmouth North,4.021331967970418
354,355,E14000884,UKCP18 12km,20191201-20491130,annual,Portsmouth South,4.021331967970418
355,356,E14000885,UKCP18 12km,20191201-20491130,annual,Preston,1.1926634677069468
356,357,E14000886,UKCP18 12km,20191201-20491130,annual,Pudsey,2.1032178743714085
357,358,E14000887,UKCP18 12km,20191201-20491130,annual,Putney,5.373239672325645
358,359,E14000888,UKCP18 12km,20191201-20491130,annual,Rayleigh and Wickford,3.8649914583636544
359,360,E14000889,UKCP18 12km,20191201-20491130,annual,Reading East,5.661061229751712
360,361,E14000890,UKCP18 12km,20191201-20491130,annual,Reading West,5.467804337945526
361,362,E14000891,UKCP18 12km,20191201-20491130,annual,Redcar,1.1849573695464988
362,363,E14000892,UKCP18 12km,20191201-20491130,annual,Redditch,5.199605556688467
363,364,E14000893,UKCP18 12km,20191201-20491130,annual,Reigate,4.8493862514539146
364,365,E14000894,UKCP18 12km,20191201-20491130,annual,Ribble Valley,0.8293523452308345
365,366,E14000895,UKCP18 12km,20191201-20491130,annual,Richmond (Yorks),1.2683591611406193
366,367,E14000896,UKCP18 12km,20191201-20491130,annual,Richmond Park,5.373239672325645
367,368,E14000897,UKCP18 12km,20191201-20491130,annual,Rochdale,0.9176846796359094
368,369,E14000898,UKCP18 12km,20191201-20491130,annual,Rochester and Strood,4.0092788026987645
369,370,E14000899,UKCP18 12km,20191201-20491130,annual,Rochford and Southend East,3.9454404196941835
370,371,E14000900,UKCP18 12km,20191201-20491130,annual,Romford,4.725692234322254
371,372,E14000901,UKCP18 12km,20191201-20491130,annual,Romsey and Southampton North,5.392404565975883
372,373,E14000902,UKCP18 12km,20191201-20491130,annual,Rossendale and Darwen,0.7975060454022772
373,374,E14000903,UKCP18 12km,20191201-20491130,annual,Rother Valley,3.624250040091202
374,375,E14000904,UKCP18 12km,20191201-20491130,annual,Rotherham,2.450555844704072
375,376,E14000905,UKCP18 12km,20191201-20491130,annual,Rugby,4.533540796893597
376,377,E14000906,UKCP18 12km,20191201-20491130,annual,"Ruislip, Northwood and Pinner",5.133210536031423
377,378,E14000907,UKCP18 12km,20191201-20491130,annual,Runnymede and Weybridge,5.988675060007883
378,379,E14000908,UKCP18 12km,20191201-20491130,annual,Rushcliffe,4.402688703456193
379,380,E14000909,UKCP18 12km,20191201-20491130,annual,Rutland and Melton,4.101702262803462
380,381,E14000910,UKCP18 12km,20191201-20491130,annual,Saffron Walden,5.570212716153725
381,382,E14000911,UKCP18 12km,20191201-20491130,annual,Salford and Eccles,1.4070429996612506
382,383,E14000912,UKCP18 12km,20191201-20491130,annual,Salisbury,5.1958306429942365
383,384,E14000913,UKCP18 12km,20191201-20491130,annual,Scarborough and Whitby,1.1419732617858005
384,385,E14000914,UKCP18 12km,20191201-20491130,annual,Scunthorpe,3.7825091002210027
385,386,E14000915,UKCP18 12km,20191201-20491130,annual,Sedgefield,1.3383465602051932
386,387,E14000916,UKCP18 12km,20191201-20491130,annual,Sefton Central,1.4197252321391167
387,388,E14000917,UKCP18 12km,20191201-20491130,annual,Selby and Ainsty,3.402617495168041
388,389,E14000918,UKCP18 12km,20191201-20491130,annual,Sevenoaks,5.124209366968104
389,390,E14000919,UKCP18 12km,20191201-20491130,annual,Sheffield Central,2.450555844704072
390,391,E14000920,UKCP18 12km,20191201-20491130,annual,Sheffield South East,2.450555844704072
391,392,E14000921,UKCP18 12km,20191201-20491130,annual,"Sheffield, Brightside and Hillsborough",2.450555844704072
392,393,E14000922,UKCP18 12km,20191201-20491130,annual,"Sheffield, Hallam",1.1999648174633497
393,394,E14000923,UKCP18 12km,20191201-20491130,annual,"Sheffield, Heeley",2.4862213399383233
394,395,E14000924,UKCP18 12km,20191201-20491130,annual,Sherwood,4.2969644036197066
395,396,E14000925,UKCP18 12km,20191201-20491130,annual,Shipley,1.4139755138907777
396,397,E14000926,UKCP18 12km,20191201-20491130,annual,Shrewsbury and Atcham,2.897335679103665
397,398,E14000927,UKCP18 12km,20191201-20491130,annual,Sittingbourne and Sheppey,4.308929291984292
398,399,E14000928,UKCP18 12km,20191201-20491130,annual,Skipton and Ripon,1.13942196544064
399,400,E14000929,UKCP18 12km,20191201-20491130,annual,Sleaford and North Hykeham,4.333644038567194
400,401,E14000930,UKCP18 12km,20191201-20491130,annual,Slough,5.142650972971187
401,402,E14000931,UKCP18 12km,20191201-20491130,annual,Solihull,3.9186216075093565
402,403,E14000932,UKCP18 12km,20191201-20491130,annual,Somerton and Frome,4.771000119875576
403,404,E14000933,UKCP18 12km,20191201-20491130,annual,South Basildon and East Thurrock,4.149273912541617
404,405,E14000934,UKCP18 12km,20191201-20491130,annual,South Cambridgeshire,6.218386531798251
405,406,E14000935,UKCP18 12km,20191201-20491130,annual,South Derbyshire,4.263858728576325
406,407,E14000936,UKCP18 12km,20191201-20491130,annual,South Dorset,3.3020659111056614
407,408,E14000937,UKCP18 12km,20191201-20491130,annual,South East Cambridgeshire,5.91338872182927
408,409,E14000938,UKCP18 12km,20191201-20491130,annual,South East Cornwall,2.3387714754142555
409,410,E14000939,UKCP18 12km,20191201-20491130,annual,South Holland and The Deepings,4.710258915586755
410,411,E14000940,UKCP18 12km,20191201-20491130,annual,South Leicestershire,4.192587689966048
411,412,E14000941,UKCP18 12km,20191201-20491130,annual,South Norfolk,4.187792134488089
412,413,E14000942,UKCP18 12km,20191201-20491130,annual,South Northamptonshire,5.03068339162854
413,414,E14000943,UKCP18 12km,20191201-20491130,annual,South Ribble,1.1588372835800222
414,415,E14000944,UKCP18 12km,20191201-20491130,annual,South Shields,0.7552957509286936
415,416,E14000945,UKCP18 12km,20191201-20491130,annual,South Staffordshire,2.987238187011619
416,417,E14000946,UKCP18 12km,20191201-20491130,annual,South Suffolk,5.310070867252939
417,418,E14000947,UKCP18 12km,20191201-20491130,annual,South Swindon,4.645014081765102
418,419,E14000948,UKCP18 12km,20191201-20491130,annual,South Thanet,3.6911938305230767
419,420,E14000949,UKCP18 12km,20191201-20491130,annual,South West Bedfordshire,4.422588568713872
420,421,E14000950,UKCP18 12km,20191201-20491130,annual,South West Devon,1.6738026541712738
421,422,E14000951,UKCP18 12km,20191201-20491130,annual,South West Hertfordshire,4.024943183170411
422,423,E14000952,UKCP18 12km,20191201-20491130,annual,South West Norfolk,5.446832392614465
423,424,E14000953,UKCP18 12km,20191201-20491130,annual,South West Surrey,5.91772010156997
424,425,E14000954,UKCP18 12km,20191201-20491130,annual,South West Wiltshire,4.645115569488354
425,426,E14000955,UKCP18 12km,20191201-20491130,annual,"Southampton, Itchen",4.521880487147649
426,427,E14000956,UKCP18 12km,20191201-20491130,annual,"Southampton, Test",4.801928979817137
427,428,E14000957,UKCP18 12km,20191201-20491130,annual,Southend West,3.8919539547967754
428,429,E14000958,UKCP18 12km,20191201-20491130,annual,Southport,1.470138958344857
429,430,E14000959,UKCP18 12km,20191201-20491130,annual,Spelthorne,5.349329543534015
430,431,E14000960,UKCP18 12km,20191201-20491130,annual,St Albans,4.276032337607689
431,432,E14000961,UKCP18 12km,20191201-20491130,annual,St Austell and Newquay,1.867600997714788
432,433,E14000962,UKCP18 12km,20191201-20491130,annual,St Helens North,1.429201653854057
433,434,E14000963,UKCP18 12km,20191201-20491130,annual,St Helens South and Whiston,1.7418428126921988
434,435,E14000964,UKCP18 12km,20191201-20491130,annual,St Ives,1.2417691765108354
435,436,E14000965,UKCP18 12km,20191201-20491130,annual,Stafford,2.9955481434243345
436,437,E14000966,UKCP18 12km,20191201-20491130,annual,Staffordshire Moorlands,1.4807763812783372
437,438,E14000967,UKCP18 12km,20191201-20491130,annual,Stalybridge and Hyde,0.9394313297034141
438,439,E14000968,UKCP18 12km,20191201-20491130,annual,Stevenage,5.196631020338047
439,440,E14000969,UKCP18 12km,20191201-20491130,annual,Stockport,1.3907941335100598
440,441,E14000970,UKCP18 12km,20191201-20491130,annual,Stockton North,1.3582549680258327
441,442,E14000971,UKCP18 12km,20191201-20491130,annual,Stockton South,1.9559891506247695
442,443,E14000972,UKCP18 12km,20191201-20491130,annual,Stoke-on-Trent Central,2.134597074700616
443,444,E14000973,UKCP18 12km,20191201-20491130,annual,Stoke-on-Trent North,1.5592319452497623
444,445,E14000974,UKCP18 12km,20191201-20491130,annual,Stoke-on-Trent South,2.134597074700616
445,446,E14000975,UKCP18 12km,20191201-20491130,annual,Stone,2.827469365360318
446,447,E14000976,UKCP18 12km,20191201-20491130,annual,Stourbridge,3.6015362104068616
447,448,E14000977,UKCP18 12km,20191201-20491130,annual,Stratford-on-Avon,4.859860725822237
448,449,E14000978,UKCP18 12km,20191201-20491130,annual,Streatham,5.094411784335217
449,450,E14000979,UKCP18 12km,20191201-20491130,annual,Stretford and Urmston,1.9335976375138373
450,451,E14000980,UKCP18 12km,20191201-20491130,annual,Stroud,4.415498564834277
451,452,E14000981,UKCP18 12km,20191201-20491130,annual,Suffolk Coastal,3.0575789982006683
452,453,E14000982,UKCP18 12km,20191201-20491130,annual,Sunderland Central,0.7552957509286936
453,454,E14000983,UKCP18 12km,20191201-20491130,annual,Surrey Heath,5.988675060007883
454,455,E14000984,UKCP18 12km,20191201-20491130,annual,Sutton and Cheam,4.8711335390052986
455,456,E14000985,UKCP18 12km,20191201-20491130,annual,Sutton Coldfield,3.731537429948499
456,457,E14000986,UKCP18 12km,20191201-20491130,annual,Tamworth,3.8998545570239393
457,458,E14000987,UKCP18 12km,20191201-20491130,annual,Tatton,2.280636384141871
458,459,E14000988,UKCP18 12km,20191201-20491130,annual,Taunton Deane,3.6193175490411797
459,460,E14000989,UKCP18 12km,20191201-20491130,annual,Telford,3.418602228834841
460,461,E14000990,UKCP18 12km,20191201-20491130,annual,Tewkesbury,4.59430395168964
461,462,E14000991,UKCP18 12km,20191201-20491130,annual,The Cotswolds,4.1552166475124634
462,463,E14000992,UKCP18 12km,20191201-20491130,annual,The Wrekin,3.5717073212971204
463,464,E14000993,UKCP18 12km,20191201-20491130,annual,Thirsk and Malton,1.9725387577841162
464,465,E14000994,UKCP18 12km,20191201-20491130,annual,Thornbury and Yate,4.136205285776135
465,466,E14000995,UKCP18 12km,20191201-20491130,annual,Thurrock,5.078180286605697
466,467,E14000996,UKCP18 12km,20191201-20491130,annual,Tiverton and Honiton,3.1566527767171455
467,468,E14000997,UKCP18 12km,20191201-20491130,annual,Tonbridge and Malling,4.913313555187175
468,469,E14000998,UKCP18 12km,20191201-20491130,annual,Tooting,5.373239672325645
469,470,E14000999,UKCP18 12km,20191201-20491130,annual,Torbay,1.752261556777982
470,471,E14001000,UKCP18 12km,20191201-20491130,annual,Torridge and West Devon,2.6785693206087813
471,472,E14001001,UKCP18 12km,20191201-20491130,annual,Totnes,1.4972220179740727
472,473,E14001002,UKCP18 12km,20191201-20491130,annual,Tottenham,5.560591629218137
473,474,E14001003,UKCP18 12km,20191201-20491130,annual,Truro and Falmouth,1.2224442902495711
474,475,E14001004,UKCP18 12km,20191201-20491130,annual,Tunbridge Wells,5.163446108974556
475,476,E14001005,UKCP18 12km,20191201-20491130,annual,Twickenham,5.349329543534015
476,477,E14001006,UKCP18 12km,20191201-20491130,annual,Tynemouth,0.6804791809050766
477,478,E14001007,UKCP18 12km,20191201-20491130,annual,Uxbridge and South Ruislip,5.133210536031423
478,479,E14001008,UKCP18 12km,20191201-20491130,annual,Vauxhall,5.094411784335217
479,480,E14001009,UKCP18 12km,20191201-20491130,annual,Wakefield,2.0495887327290454
480,481,E14001010,UKCP18 12km,20191201-20491130,annual,Wallasey,1.4689985543924682
481,482,E14001011,UKCP18 12km,20191201-20491130,annual,Walsall North,3.158765075644567
482,483,E14001012,UKCP18 12km,20191201-20491130,annual,Walsall South,3.0322855337627868
483,484,E14001013,UKCP18 12km,20191201-20491130,annual,Walthamstow,5.560591629218137
484,485,E14001014,UKCP18 12km,20191201-20491130,annual,Wansbeck,0.6570725854834164
485,486,E14001015,UKCP18 12km,20191201-20491130,annual,Wantage,5.290455790205135
486,487,E14001016,UKCP18 12km,20191201-20491130,annual,Warley,3.4341470106742005
487,488,E14001017,UKCP18 12km,20191201-20491130,annual,Warrington North,2.1884183604500804
488,489,E14001018,UKCP18 12km,20191201-20491130,annual,Warrington South,2.1884183604500804
489,490,E14001019,UKCP18 12km,20191201-20491130,annual,Warwick and Leamington,5.266906620809899
490,491,E14001020,UKCP18 12km,20191201-20491130,annual,Washington and Sunderland West,0.7552957509286936
491,492,E14001021,UKCP18 12km,20191201-20491130,annual,Watford,4.40304069690603
492,493,E14001022,UKCP18 12km,20191201-20491130,annual,Waveney,3.2747066599022934
493,494,E14001023,UKCP18 12km,20191201-20491130,annual,Wealden,4.992593777410209
494,495,E14001024,UKCP18 12km,20191201-20491130,annual,Weaver Vale,2.3820248825764367
495,496,E14001025,UKCP18 12km,20191201-20491130,annual,Wellingborough,5.058772288239599
496,497,E14001026,UKCP18 12km,20191201-20491130,annual,Wells,4.14488041457782
497,498,E14001027,UKCP18 12km,20191201-20491130,annual,Welwyn Hatfield,4.767424173366879
498,499,E14001028,UKCP18 12km,20191201-20491130,annual,Wentworth and Dearne,3.8223209343379367
499,500,E14001029,UKCP18 12km,20191201-20491130,annual,West Bromwich East,3.0322855337627868
500,501,E14001030,UKCP18 12km,20191201-20491130,annual,West Bromwich West,3.0322855337627868
501,502,E14001031,UKCP18 12km,20191201-20491130,annual,West Dorset,3.8409642877537933
502,503,E14001032,UKCP18 12km,20191201-20491130,annual,West Ham,5.560591629218137
503,504,E14001033,UKCP18 12km,20191201-20491130,annual,West Lancashire,1.3677484053972746
504,505,E14001034,UKCP18 12km,20191201-20491130,annual,West Suffolk,5.719527439969583
505,506,E14001035,UKCP18 12km,20191201-20491130,annual,West Worcestershire,4.51051301149697
506,507,E14001036,UKCP18 12km,20191201-20491130,annual,Westminster North,5.798491743182473
507,508,E14001037,UKCP18 12km,20191201-20491130,annual,Westmorland and Lonsdale,0.5610064657098495
508,509,E14001038,UKCP18 12km,20191201-20491130,annual,Weston-Super-Mare,3.7392070580188723
509,510,E14001039,UKCP18 12km,20191201-20491130,annual,Wigan,1.429201653854057
510,511,E14001040,UKCP18 12km,20191201-20491130,annual,Wimbledon,5.373239672325645
511,512,E14001041,UKCP18 12km,20191201-20491130,annual,Winchester,5.429036985375822
512,513,E14001042,UKCP18 12km,20191201-20491130,annual,Windsor,5.706424105893674
513,514,E14001043,UKCP18 12km,20191201-20491130,annual,Wirral South,1.5952227538906365
514,515,E14001044,UKCP18 12km,20191201-20491130,annual,Wirral West,1.4689985543924682
515,516,E14001045,UKCP18 12km,20191201-20491130,annual,Witham,5.553700607391308
516,517,E14001046,UKCP18 12km,20191201-20491130,annual,Witney,4.886542529736021
517,518,E14001047,UKCP18 12km,20191201-20491130,annual,Woking,5.988675060007883
518,519,E14001048,UKCP18 12km,20191201-20491130,annual,Wokingham,5.7701538806696675
519,520,E14001049,UKCP18 12km,20191201-20491130,annual,Wolverhampton North East,2.908844836879503
520,521,E14001050,UKCP18 12km,20191201-20491130,annual,Wolverhampton South East,3.065631537143735
521,522,E14001051,UKCP18 12km,20191201-20491130,annual,Wolverhampton South West,3.065631537143735
522,523,E14001052,UKCP18 12km,20191201-20491130,annual,Worcester,4.983355071296671
523,524,E14001053,UKCP18 12km,20191201-20491130,annual,Workington,0.7600577790231657
524,525,E14001054,UKCP18 12km,20191201-20491130,annual,Worsley and Eccles South,1.4070429996612506
525,526,E14001055,UKCP18 12km,20191201-20491130,annual,Worthing West,4.319620977623545
526,527,E14001056,UKCP18 12km,20191201-20491130,annual,Wycombe,4.8217004231696405
527,528,E14001057,UKCP18 12km,20191201-20491130,annual,Wyre and Preston North,1.037226795355399
528,529,E14001058,UKCP18 12km,20191201-20491130,annual,Wyre Forest,3.9855152004615624
529,530,E14001059,UKCP18 12km,20191201-20491130,annual,Wythenshawe and Sale East,1.9335976375138373
530,531,E14001060,UKCP18 12km,20191201-20491130,annual,Yeovil,4.6988605595027515
531,532,E14001061,UKCP18 12km,20191201-20491130,annual,York Central,3.4479164788388483
532,533,E14001062,UKCP18 12km,20191201-20491130,annual,York Outer,3.3425489735021907
533,534,N06000001,UKCP18 12km,20191201-20491130,annual,Belfast East,0.22912114600837316
534,535,N06000002,UKCP18 12km,20191201-20491130,annual,Belfast North,0.22912114600837316
535,536,N06000003,UKCP18 12km,20191201-20491130,annual,Belfast South,0.2628203268086671
536,537,N06000004,UKCP18 12km,20191201-20491130,annual,Belfast West,0.33235111831000813
537,538,N06000005,UKCP18 12km,20191201-20491130,annual,East Antrim,0.16425450784211582
538,539,N06000006,UKCP18 12km,20191201-20491130,annual,East Londonderry,0.3563522836493351
539,540,N06000007,UKCP18 12km,20191201-20491130,annual,Fermanagh and South Tyrone,0.4771718020016006
540,541,N06000008,UKCP18 12km,20191201-20491130,annual,Foyle,0.43738631652610643
541,542,N06000009,UKCP18 12km,20191201-20491130,annual,Lagan Valley,0.47041559528425847
542,543,N06000010,UKCP18 12km,20191201-20491130,annual,Mid Ulster,0.3314256002168278
543,544,N06000011,UKCP18 12km,20191201-20491130,annual,Newry and Armagh,0.5307728388158186
544,545,N06000012,UKCP18 12km,20191201-20491130,annual,North Antrim,0.28500914721717063
545,546,N06000013,UKCP18 12km,20191201-20491130,annual,North Down,0.061709089390497636
546,547,N06000014,UKCP18 12km,20191201-20491130,annual,South Antrim,0.29145988140544077
547,548,N06000015,UKCP18 12km,20191201-20491130,annual,South Down,0.2544288733808751
548,549,N06000016,UKCP18 12km,20191201-20491130,annual,Strangford,0.18041639225058861
549,550,N06000017,UKCP18 12km,20191201-20491130,annual,Upper Bann,0.5793323588707114
550,551,N06000018,UKCP18 12km,20191201-20491130,annual,West Tyrone,0.4564821879461817
551,552,S14000001,UKCP18 12km,20191201-20491130,annual,Aberdeen North,0.10657383178565838
552,553,S14000002,UKCP18 12km,20191201-20491130,annual,Aberdeen South,0.10874621286001296
553,554,S14000003,UKCP18 12km,20191201-20491130,annual,Airdrie and Shotts,0.47188353911542685
554,555,S14000004,UKCP18 12km,20191201-20491130,annual,Angus,0.18763196069966345
555,556,S14000005,UKCP18 12km,20191201-20491130,annual,Argyll and Bute,0.14067715336687284
556,557,S14000006,UKCP18 12km,20191201-20491130,annual,"Ayr, Carrick and Cumnock",0.2507217381339362
557,558,S14000007,UKCP18 12km,20191201-20491130,annual,Banff and Buchan,0.2320791118484337
558,559,S14000008,UKCP18 12km,20191201-20491130,annual,"Berwickshire, Roxburgh and Selkirk",0.5832478143220337
559,560,S14000009,UKCP18 12km,20191201-20491130,annual,"Caithness, Sutherland and Easter Ross",0.08633142023326926
560,561,S14000010,UKCP18 12km,20191201-20491130,annual,Central Ayrshire,0.4071272697624057
561,562,S14000011,UKCP18 12km,20191201-20491130,annual,"Coatbridge, Chryston and Bellshill",0.41523649766572196
562,563,S14000012,UKCP18 12km,20191201-20491130,annual,"Cumbernauld, Kilsyth and Kirkintilloch East",0.3989003102769668
563,564,S14000013,UKCP18 12km,20191201-20491130,annual,Dumfries and Galloway,0.40662877952075754
564,565,S14000014,UKCP18 12km,20191201-20491130,annual,"Dumfriesshire, Clydesdale and Tweeddale",0.4484288993597916
565,566,S14000015,UKCP18 12km,20191201-20491130,annual,Dundee East,0.1825077246686875
566,567,S14000016,UKCP18 12km,20191201-20491130,annual,Dundee West,0.2686537596645204
567,568,S14000017,UKCP18 12km,20191201-20491130,annual,Dunfermline and West Fife,0.28281836995032245
568,569,S14000018,UKCP18 12km,20191201-20491130,annual,East Dunbartonshire,0.39162616725935906
569,570,S14000019,UKCP18 12km,20191201-20491130,annual,"East Kilbride, Strathaven and Lesmahagow",0.40285445296783734
570,571,S14000020,UKCP18 12km,20191201-20491130,annual,East Lothian,0.5450254620985933
571,572,S14000021,UKCP18 12km,20191201-20491130,annual,East Renfrewshire,0.3868174211115713
572,573,S14000022,UKCP18 12km,20191201-20491130,annual,Edinburgh East,0.49120011495636867
573,574,S14000023,UKCP18 12km,20191201-20491130,annual,Edinburgh North and Leith,0.41381518497959174
574,575,S14000024,UKCP18 12km,20191201-20491130,annual,Edinburgh South,0.49120011495636867
575,576,S14000025,UKCP18 12km,20191201-20491130,annual,Edinburgh South West,0.4715494228088151
576,577,S14000026,UKCP18 12km,20191201-20491130,annual,Edinburgh West,0.41381518497959174
577,578,S14000027,UKCP18 12km,20191201-20491130,annual,Na h-Eileanan an Iar,0.03243458489211008
578,579,S14000028,UKCP18 12km,20191201-20491130,annual,Falkirk,0.4109363988162511
579,580,S14000029,UKCP18 12km,20191201-20491130,annual,Glasgow Central,0.3760859515870117
580,581,S14000030,UKCP18 12km,20191201-20491130,annual,Glasgow East,0.41523649766572196
581,582,S14000031,UKCP18 12km,20191201-20491130,annual,Glasgow North,0.3760859515870117
582,583,S14000032,UKCP18 12km,20191201-20491130,annual,Glasgow North East,0.3760859515870117
583,584,S14000033,UKCP18 12km,20191201-20491130,annual,Glasgow North West,0.3760859515870117
584,585,S14000034,UKCP18 12km,20191201-20491130,annual,Glasgow South,0.3760859515870117
585,586,S14000035,UKCP18 12km,20191201-20491130,annual,Glasgow South West,0.3760859515870117
586,587,S14000036,UKCP18 12km,20191201-20491130,annual,Glenrothes,0.4561784282259053
587,588,S14000037,UKCP18 12km,20191201-20491130,annual,Gordon,0.2460407320914915
588,589,S14000038,UKCP18 12km,20191201-20491130,annual,Inverclyde,0.33546479504848176
589,590,S14000039,UKCP18 12km,20191201-20491130,annual,"Inverness, Nairn, Badenoch and Strathspey",0.1799986914457606
590,591,S14000040,UKCP18 12km,20191201-20491130,annual,Kilmarnock and Loudoun,0.31750759942475526
591,592,S14000041,UKCP18 12km,20191201-20491130,annual,Kirkcaldy and Cowdenbeath,0.36839287534109116
592,593,S14000042,UKCP18 12km,20191201-20491130,annual,Lanark and Hamilton East,0.4367723264434575
593,594,S14000043,UKCP18 12km,20191201-20491130,annual,Linlithgow and East Falkirk,0.3826094360026538
594,595,S14000044,UKCP18 12km,20191201-20491130,annual,Livingston,0.37395624255605026
595,596,S14000045,UKCP18 12km,20191201-20491130,annual,Midlothian,0.4847158203340083
596,597,S14000046,UKCP18 12km,20191201-20491130,annual,Moray,0.32748680896475385
597,598,S14000047,UKCP18 12km,20191201-20491130,annual,Motherwell and Wishaw,0.5066140025439493
598,599,S14000048,UKCP18 12km,20191201-20491130,annual,North Ayrshire and Arran,0.2749718158989869
599,600,S14000049,UKCP18 12km,20191201-20491130,annual,North East Fife,0.40472303202961407
600,601,S14000050,UKCP18 12km,20191201-20491130,annual,Ochil and South Perthshire,0.3816901566408477
601,602,S14000051,UKCP18 12km,20191201-20491130,annual,Orkney and Shetland,0.002981575488170172
602,603,S14000052,UKCP18 12km,20191201-20491130,annual,Paisley and Renfrewshire North,0.35456966068759144
603,604,S14000053,UKCP18 12km,20191201-20491130,annual,Paisley and Renfrewshire South,0.33546479504848176
604,605,S14000054,UKCP18 12km,20191201-20491130,annual,Perth and North Perthshire,0.24165720519445474
605,606,S14000055,UKCP18 12km,20191201-20491130,annual,"Ross, Skye and Lochaber",0.10426215348229806
606,607,S14000056,UKCP18 12km,20191201-20491130,annual,Rutherglen and Hamilton West,0.4501424531537117
607,608,S14000057,UKCP18 12km,20191201-20491130,annual,Stirling,0.25154283904458835
608,609,S14000058,UKCP18 12km,20191201-20491130,annual,West Aberdeenshire and Kincardine,0.17773690649885796
609,610,S14000059,UKCP18 12km,20191201-20491130,annual,West Dunbartonshire,0.38500092596146834
610,611,W07000041,UKCP18 12km,20191201-20491130,annual,Ynys Mon,0.621488716920386
611,612,W07000042,UKCP18 12km,20191201-20491130,annual,Delyn,1.3528061555343842
612,613,W07000043,UKCP18 12km,20191201-20491130,annual,Alyn and Deeside,1.685260508379575
613,614,W07000044,UKCP18 12km,20191201-20491130,annual,Wrexham,2.2497794091488106
614,615,W07000045,UKCP18 12km,20191201-20491130,annual,Llanelli,2.358235480637702
615,616,W07000046,UKCP18 12km,20191201-20491130,annual,Gower,2.0063273912488246
616,617,W07000047,UKCP18 12km,20191201-20491130,annual,Swansea West,2.0063273912488246
617,618,W07000048,UKCP18 12km,20191201-20491130,annual,Swansea East,1.883389911744631
618,619,W07000049,UKCP18 12km,20191201-20491130,annual,Aberavon,2.3603737147000747
619,620,W07000050,UKCP18 12km,20191201-20491130,annual,Cardiff Central,3.2426377848095864
620,621,W07000051,UKCP18 12km,20191201-20491130,annual,Cardiff North,2.9252773011809823
621,622,W07000052,UKCP18 12km,20191201-20491130,annual,Rhondda,1.4253024013568398
622,623,W07000053,UKCP18 12km,20191201-20491130,annual,Torfaen,2.9390014090903307
623,624,W07000054,UKCP18 12km,20191201-20491130,annual,Monmouth,3.4906206214523436
624,625,W07000055,UKCP18 12km,20191201-20491130,annual,Newport East,3.2780020867471773
625,626,W07000056,UKCP18 12km,20191201-20491130,annual,Newport West,3.2780020867471773
626,627,W07000057,UKCP18 12km,20191201-20491130,annual,Arfon,0.7282481259874104
627,628,W07000058,UKCP18 12km,20191201-20491130,annual,Aberconwy,0.49031327340730246
628,629,W07000059,UKCP18 12km,20191201-20491130,annual,Clwyd West,0.829646770014756
629,630,W07000060,UKCP18 12km,20191201-20491130,annual,Vale of Clwyd,1.1952537552524996
630,631,W07000061,UKCP18 12km,20191201-20491130,annual,Dwyfor Meirionnydd,0.7552096738697133
631,632,W07000062,UKCP18 12km,20191201-20491130,annual,Clwyd South,1.5135884867995475
632,633,W07000063,UKCP18 12km,20191201-20491130,annual,Montgomeryshire,1.3597247541169086
633,634,W07000064,UKCP18 12km,20191201-20491130,annual,Ceredigion,1.1396586378204658
634,635,W07000065,UKCP18 12km,20191201-20491130,annual,Preseli Pembrokeshire,1.3070247499636611
635,636,W07000066,UKCP18 12km,20191201-20491130,annual,Carmarthen West and South Pembrokeshire,1.7530294590838393
636,637,W07000067,UKCP18 12km,20191201-20491130,annual,Carmarthen East and Dinefwr,1.6898837254343348
637,638,W07000068,UKCP18 12km,20191201-20491130,annual,Brecon and Radnorshire,1.4317418271303644
638,639,W07000069,UKCP18 12km,20191201-20491130,annual,Neath,1.7348709980923245
639,640,W07000070,UKCP18 12km,20191201-20491130,annual,Cynon Valley,1.5099998750243362
640,641,W07000071,UKCP18 12km,20191201-20491130,annual,Merthyr Tydfil and Rhymney,1.0840590353319266
641,642,W07000072,UKCP18 12km,20191201-20491130,annual,Blaenau Gwent,1.696638442090131
642,643,W07000073,UKCP18 12km,20191201-20491130,annual,Bridgend,2.3603737147000747
643,644,W07000074,UKCP18 12km,20191201-20491130,annual,Ogmore,2.3725734925904223
644,645,W07000075,UKCP18 12km,20191201-20491130,annual,Pontypridd,2.6530465198709305
645,646,W07000076,UKCP18 12km,20191201-20491130,annual,Caerphilly,2.9252773011809823
646,647,W07000077,UKCP18 12km,20191201-20491130,annual,Islwyn,2.138624988126526
647,648,W07000078,UKCP18 12km,20191201-20491130,annual,Vale of Glamorgan,3.057833930520628
648,649,W07000079,UKCP18 12km,20191201-20491130,annual,Cardiff West,3.2426377848095864
649,650,W07000080,UKCP18 12km,20191201-20491130,annual,Cardiff South and Penarth,3.2426377848095864
