,region,constituency,ensemble,period,season,name,r99ptot_baseline
0,1,E14000530,UKCP18 12km,19801201-20101130,annual,Aldershot,6.0578972192786535
1,2,E14000531,UKCP18 12km,19801201-20101130,annual,Aldridge-Brownhills,6.439122226356921
2,3,E14000532,UKCP18 12km,19801201-20101130,annual,Altrincham and Sale West,5.671511850552281
3,4,E14000533,UKCP18 12km,19801201-20101130,annual,Amber Valley,6.205192564341767
4,5,E14000534,UKCP18 12km,19801201-20101130,annual,Arundel and South Downs,6.005933519342029
5,6,E14000535,UKCP18 12km,19801201-20101130,annual,Ashfield,6.464311442811936
6,7,E14000536,UKCP18 12km,19801201-20101130,annual,Ashford,6.21995841573194
7,8,E14000537,UKCP18 12km,19801201-20101130,annual,Ashton-under-Lyne,5.699128809241183
8,9,E14000538,UKCP18 12km,19801201-20101130,annual,Aylesbury,6.071962399446327
9,10,E14000539,UKCP18 12km,19801201-20101130,annual,Banbury,6.184479540591516
10,11,E14000540,UKCP18 12km,19801201-20101130,annual,Barking,6.292508916254794
11,12,E14000541,UKCP18 12km,19801201-20101130,annual,Barnsley Central,6.8285269111719025
12,13,E14000542,UKCP18 12km,19801201-20101130,annual,Barnsley East,6.792273887678703
13,14,E14000543,UKCP18 12km,19801201-20101130,annual,Barrow and Furness,5.895326999173118
14,15,E14000544,UKCP18 12km,19801201-20101130,annual,Basildon and Billericay,6.3815233736272505
15,16,E14000545,UKCP18 12km,19801201-20101130,annual,Basingstoke,5.971570745776841
16,17,E14000546,UKCP18 12km,19801201-20101130,annual,Bassetlaw,6.959310472886076
17,18,E14000547,UKCP18 12km,19801201-20101130,annual,Bath,5.924603864417306
18,19,E14000548,UKCP18 12km,19801201-20101130,annual,Batley and Spen,6.629097160926826
19,20,E14000549,UKCP18 12km,19801201-20101130,annual,Battersea,6.0409840643803365
20,21,E14000550,UKCP18 12km,19801201-20101130,annual,Beaconsfield,5.980321485906784
21,22,E14000551,UKCP18 12km,19801201-20101130,annual,Beckenham,6.090041414179058
22,23,E14000552,UKCP18 12km,19801201-20101130,annual,Bedford,6.318191721433831
23,24,E14000553,UKCP18 12km,19801201-20101130,annual,Bermondsey and Old Southwark,6.151297312172879
24,25,E14000554,UKCP18 12km,19801201-20101130,annual,Berwick-upon-Tweed,7.253526855399383
25,26,E14000555,UKCP18 12km,19801201-20101130,annual,Bethnal Green and Bow,6.1527363996153435
26,27,E14000556,UKCP18 12km,19801201-20101130,annual,Beverley and Holderness,6.825442013346574
27,28,E14000557,UKCP18 12km,19801201-20101130,annual,Bexhill and Battle,6.097129504206461
28,29,E14000558,UKCP18 12km,19801201-20101130,annual,Bexleyheath and Crayford,6.248432195942002
29,30,E14000559,UKCP18 12km,19801201-20101130,annual,Birkenhead,6.245011567701481
30,31,E14000560,UKCP18 12km,19801201-20101130,annual,"Birmingham, Edgbaston",6.34014638356773
31,32,E14000561,UKCP18 12km,19801201-20101130,annual,"Birmingham, Erdington",6.468504868275905
32,33,E14000562,UKCP18 12km,19801201-20101130,annual,"Birmingham, Hall Green",6.412542778609981
33,34,E14000563,UKCP18 12km,19801201-20101130,annual,"Birmingham, Hodge Hill",6.412542778609981
34,35,E14000564,UKCP18 12km,19801201-20101130,annual,"Birmingham, Ladywood",6.34014638356773
35,36,E14000565,UKCP18 12km,19801201-20101130,annual,"Birmingham, Northfield",6.34014638356773
36,37,E14000566,UKCP18 12km,19801201-20101130,annual,"Birmingham, Perry Barr",6.425274392483797
37,38,E14000567,UKCP18 12km,19801201-20101130,annual,"Birmingham, Selly Oak",6.34014638356773
38,39,E14000568,UKCP18 12km,19801201-20101130,annual,"Birmingham, Yardley",6.412542778609981
39,40,E14000569,UKCP18 12km,19801201-20101130,annual,Bishop Auckland,6.451107252376315
40,41,E14000570,UKCP18 12km,19801201-20101130,annual,Blackburn,5.541803678488308
41,42,E14000571,UKCP18 12km,19801201-20101130,annual,Blackley and Broughton,5.699128809241183
42,43,E14000572,UKCP18 12km,19801201-20101130,annual,Blackpool North and Cleveleys,5.758481407151543
43,44,E14000573,UKCP18 12km,19801201-20101130,annual,Blackpool South,5.758481407151543
44,45,E14000574,UKCP18 12km,19801201-20101130,annual,Blaydon,7.288740902189721
45,46,E14000575,UKCP18 12km,19801201-20101130,annual,Blyth Valley,7.1531703090848815
46,47,E14000576,UKCP18 12km,19801201-20101130,annual,Bognor Regis and Littlehampton,6.206335312615297
47,48,E14000577,UKCP18 12km,19801201-20101130,annual,Bolsover,6.649496313548189
48,49,E14000578,UKCP18 12km,19801201-20101130,annual,Bolton North East,5.497258465135708
49,50,E14000579,UKCP18 12km,19801201-20101130,annual,Bolton South East,5.542842853348284
50,51,E14000580,UKCP18 12km,19801201-20101130,annual,Bolton West,5.402332253248093
51,52,E14000581,UKCP18 12km,19801201-20101130,annual,Bootle,5.870828990699176
52,53,E14000582,UKCP18 12km,19801201-20101130,annual,Boston and Skegness,6.6880607431126435
53,54,E14000583,UKCP18 12km,19801201-20101130,annual,Bosworth,6.543766849291213
54,55,E14000584,UKCP18 12km,19801201-20101130,annual,Bournemouth East,6.039144700053165
55,56,E14000585,UKCP18 12km,19801201-20101130,annual,Bournemouth West,6.168877925923492
56,57,E14000586,UKCP18 12km,19801201-20101130,annual,Bracknell,6.1735455932852865
57,58,E14000587,UKCP18 12km,19801201-20101130,annual,Bradford East,6.2151238852379675
58,59,E14000588,UKCP18 12km,19801201-20101130,annual,Bradford South,6.3099531008612715
59,60,E14000589,UKCP18 12km,19801201-20101130,annual,Bradford West,6.2151238852379675
60,61,E14000590,UKCP18 12km,19801201-20101130,annual,Braintree,6.144737525025225
61,62,E14000591,UKCP18 12km,19801201-20101130,annual,Brent Central,5.980864641539419
62,63,E14000592,UKCP18 12km,19801201-20101130,annual,Brent North,5.980864641539419
63,64,E14000593,UKCP18 12km,19801201-20101130,annual,Brentford and Isleworth,6.0409840643803365
64,65,E14000594,UKCP18 12km,19801201-20101130,annual,Brentwood and Ongar,6.203885482853459
65,66,E14000595,UKCP18 12km,19801201-20101130,annual,Bridgwater and West Somerset,6.343401683217991
66,67,E14000596,UKCP18 12km,19801201-20101130,annual,Brigg and Goole,6.7551797967134455
67,68,E14000597,UKCP18 12km,19801201-20101130,annual,"Brighton, Kemptown",6.20655800801288
68,69,E14000598,UKCP18 12km,19801201-20101130,annual,"Brighton, Pavilion",6.119498882589055
69,70,E14000599,UKCP18 12km,19801201-20101130,annual,Bristol East,5.855060073788462
70,71,E14000600,UKCP18 12km,19801201-20101130,annual,Bristol North West,5.923832492621098
71,72,E14000601,UKCP18 12km,19801201-20101130,annual,Bristol South,5.923832492621098
72,73,E14000602,UKCP18 12km,19801201-20101130,annual,Bristol West,5.923832492621098
73,74,E14000603,UKCP18 12km,19801201-20101130,annual,Broadland,6.516742218712298
74,75,E14000604,UKCP18 12km,19801201-20101130,annual,Bromley and Chislehurst,6.248432195942002
75,76,E14000605,UKCP18 12km,19801201-20101130,annual,Bromsgrove,6.28550011622366
76,77,E14000606,UKCP18 12km,19801201-20101130,annual,Broxbourne,6.033756446704839
77,78,E14000607,UKCP18 12km,19801201-20101130,annual,Broxtowe,6.5434523635802835
78,79,E14000608,UKCP18 12km,19801201-20101130,annual,Buckingham,6.188023022837164
79,80,E14000609,UKCP18 12km,19801201-20101130,annual,Burnley,5.697012118009964
80,81,E14000610,UKCP18 12km,19801201-20101130,annual,Burton,6.266798863465376
81,82,E14000611,UKCP18 12km,19801201-20101130,annual,Bury North,5.497258465135708
82,83,E14000612,UKCP18 12km,19801201-20101130,annual,Bury South,5.542842853348284
83,84,E14000613,UKCP18 12km,19801201-20101130,annual,Bury St Edmunds,6.205380095997199
84,85,E14000614,UKCP18 12km,19801201-20101130,annual,Calder Valley,5.978120903609482
85,86,E14000615,UKCP18 12km,19801201-20101130,annual,Camberwell and Peckham,6.151297312172879
86,87,E14000616,UKCP18 12km,19801201-20101130,annual,Camborne and Redruth,6.0104787391854515
87,88,E14000617,UKCP18 12km,19801201-20101130,annual,Cambridge,6.33801604214688
88,89,E14000618,UKCP18 12km,19801201-20101130,annual,Cannock Chase,6.398862229417827
89,90,E14000619,UKCP18 12km,19801201-20101130,annual,Canterbury,6.5707779196420955
90,91,E14000620,UKCP18 12km,19801201-20101130,annual,Carlisle,5.979770170655374
91,92,E14000621,UKCP18 12km,19801201-20101130,annual,Carshalton and Wallington,6.090041414179058
92,93,E14000622,UKCP18 12km,19801201-20101130,annual,Castle Point,6.740636367138655
93,94,E14000623,UKCP18 12km,19801201-20101130,annual,Central Devon,6.220060757369316
94,95,E14000624,UKCP18 12km,19801201-20101130,annual,Central Suffolk and North Ipswich,6.273552703148486
95,96,E14000625,UKCP18 12km,19801201-20101130,annual,Charnwood,6.6167851088743985
96,97,E14000626,UKCP18 12km,19801201-20101130,annual,Chatham and Aylesford,6.512131296106158
97,98,E14000627,UKCP18 12km,19801201-20101130,annual,Cheadle,5.748216115766868
98,99,E14000628,UKCP18 12km,19801201-20101130,annual,Chelmsford,6.227480482854152
99,100,E14000629,UKCP18 12km,19801201-20101130,annual,Chelsea and Fulham,6.0409840643803365
100,101,E14000630,UKCP18 12km,19801201-20101130,annual,Cheltenham,6.282148064970907
101,102,E14000631,UKCP18 12km,19801201-20101130,annual,Chesham and Amersham,5.998292933133882
102,103,E14000632,UKCP18 12km,19801201-20101130,annual,Chesterfield,6.429575796068896
103,104,E14000633,UKCP18 12km,19801201-20101130,annual,Chichester,6.091207222547825
104,105,E14000634,UKCP18 12km,19801201-20101130,annual,Chingford and Woodford Green,5.997066445821674
105,106,E14000635,UKCP18 12km,19801201-20101130,annual,Chippenham,5.947840900384375
106,107,E14000636,UKCP18 12km,19801201-20101130,annual,Chipping Barnet,5.93293763327814
107,108,E14000637,UKCP18 12km,19801201-20101130,annual,Chorley,5.458392077218096
108,109,E14000638,UKCP18 12km,19801201-20101130,annual,Christchurch,6.039144700053165
109,110,E14000639,UKCP18 12km,19801201-20101130,annual,Cities of London and Westminster,6.1527363996153435
110,111,E14000640,UKCP18 12km,19801201-20101130,annual,City of Chester,6.681145660877573
111,112,E14000641,UKCP18 12km,19801201-20101130,annual,City of Durham,7.400439662897177
112,113,E14000642,UKCP18 12km,19801201-20101130,annual,Clacton,6.672884914009921
113,114,E14000643,UKCP18 12km,19801201-20101130,annual,Cleethorpes,6.990308580975689
114,115,E14000644,UKCP18 12km,19801201-20101130,annual,Colchester,6.31263973795406
115,116,E14000645,UKCP18 12km,19801201-20101130,annual,Colne Valley,5.879956418859032
116,117,E14000646,UKCP18 12km,19801201-20101130,annual,Congleton,5.94327962017356
117,118,E14000647,UKCP18 12km,19801201-20101130,annual,Copeland,5.89656568524957
118,119,E14000648,UKCP18 12km,19801201-20101130,annual,Corby,6.401038021802663
119,120,E14000649,UKCP18 12km,19801201-20101130,annual,Coventry North East,6.447696138924744
120,121,E14000650,UKCP18 12km,19801201-20101130,annual,Coventry North West,6.472038108495783
121,122,E14000651,UKCP18 12km,19801201-20101130,annual,Coventry South,6.447696138924744
122,123,E14000652,UKCP18 12km,19801201-20101130,annual,Crawley,6.001554274740118
123,124,E14000653,UKCP18 12km,19801201-20101130,annual,Crewe and Nantwich,6.266904319932438
124,125,E14000654,UKCP18 12km,19801201-20101130,annual,Croydon Central,6.090041414179058
125,126,E14000655,UKCP18 12km,19801201-20101130,annual,Croydon North,6.151297312172879
126,127,E14000656,UKCP18 12km,19801201-20101130,annual,Croydon South,6.090041414179058
127,128,E14000657,UKCP18 12km,19801201-20101130,annual,Dagenham and Rainham,6.292508916254794
128,129,E14000658,UKCP18 12km,19801201-20101130,annual,Darlington,6.999033534887612
129,130,E14000659,UKCP18 12km,19801201-20101130,annual,Dartford,6.365545052471231
130,131,E14000660,UKCP18 12km,19801201-20101130,annual,Daventry,6.288615009946175
131,132,E14000661,UKCP18 12km,19801201-20101130,annual,Denton and Reddish,5.748216115766868
132,133,E14000662,UKCP18 12km,19801201-20101130,annual,Derby North,6.328098401216022
133,134,E14000663,UKCP18 12km,19801201-20101130,annual,Derby South,6.541071589561056
134,135,E14000664,UKCP18 12km,19801201-20101130,annual,Derbyshire Dales,5.8530357060574785
135,136,E14000665,UKCP18 12km,19801201-20101130,annual,Devizes,5.980785629299433
136,137,E14000666,UKCP18 12km,19801201-20101130,annual,Dewsbury,6.5982270982769835
137,138,E14000667,UKCP18 12km,19801201-20101130,annual,Don Valley,7.07250387132693
138,139,E14000668,UKCP18 12km,19801201-20101130,annual,Doncaster Central,7.07250387132693
139,140,E14000669,UKCP18 12km,19801201-20101130,annual,Doncaster North,6.889078099651473
140,141,E14000670,UKCP18 12km,19801201-20101130,annual,Dover,6.526642593541937
141,142,E14000671,UKCP18 12km,19801201-20101130,annual,Dudley North,6.4909674898042224
142,143,E14000672,UKCP18 12km,19801201-20101130,annual,Dudley South,6.4909674898042224
143,144,E14000673,UKCP18 12km,19801201-20101130,annual,Dulwich and West Norwood,6.151297312172879
144,145,E14000674,UKCP18 12km,19801201-20101130,annual,Ealing Central and Acton,5.980864641539419
145,146,E14000675,UKCP18 12km,19801201-20101130,annual,Ealing North,5.903304409294331
146,147,E14000676,UKCP18 12km,19801201-20101130,annual,"Ealing, Southall",6.006698570149212
147,148,E14000677,UKCP18 12km,19801201-20101130,annual,Easington,7.46610726456574
148,149,E14000678,UKCP18 12km,19801201-20101130,annual,East Devon,6.6223899317306545
149,150,E14000679,UKCP18 12km,19801201-20101130,annual,East Ham,6.292508916254794
150,151,E14000680,UKCP18 12km,19801201-20101130,annual,East Hampshire,5.988401897041089
151,152,E14000681,UKCP18 12km,19801201-20101130,annual,East Surrey,6.0647737494864105
152,153,E14000682,UKCP18 12km,19801201-20101130,annual,East Worthing and Shoreham,6.042074746370517
153,154,E14000683,UKCP18 12km,19801201-20101130,annual,East Yorkshire,6.584171966809485
154,155,E14000684,UKCP18 12km,19801201-20101130,annual,Eastbourne,6.4756949523756875
155,156,E14000685,UKCP18 12km,19801201-20101130,annual,Eastleigh,6.015706754067044
156,157,E14000686,UKCP18 12km,19801201-20101130,annual,Eddisbury,6.6047801202812035
157,158,E14000687,UKCP18 12km,19801201-20101130,annual,Edmonton,5.997066445821674
158,159,E14000688,UKCP18 12km,19801201-20101130,annual,Ellesmere Port and Neston,6.477655625775589
159,160,E14000689,UKCP18 12km,19801201-20101130,annual,Elmet and Rothwell,6.693804417409806
160,161,E14000690,UKCP18 12km,19801201-20101130,annual,Eltham,6.248432195942002
161,162,E14000691,UKCP18 12km,19801201-20101130,annual,Enfield North,5.997066445821674
162,163,E14000692,UKCP18 12km,19801201-20101130,annual,"Enfield, Southgate",5.997066445821674
163,164,E14000693,UKCP18 12km,19801201-20101130,annual,Epping Forest,6.104959386802289
164,165,E14000694,UKCP18 12km,19801201-20101130,annual,Epsom and Ewell,6.01069227021591
165,166,E14000695,UKCP18 12km,19801201-20101130,annual,Erewash,6.5434523635802835
166,167,E14000696,UKCP18 12km,19801201-20101130,annual,Erith and Thamesmead,6.248432195942002
167,168,E14000697,UKCP18 12km,19801201-20101130,annual,Esher and Walton,5.981253521922206
168,169,E14000698,UKCP18 12km,19801201-20101130,annual,Exeter,6.536374067811142
169,170,E14000699,UKCP18 12km,19801201-20101130,annual,Fareham,6.015706754067044
170,171,E14000700,UKCP18 12km,19801201-20101130,annual,Faversham and Mid Kent,6.567310310072453
171,172,E14000701,UKCP18 12km,19801201-20101130,annual,Feltham and Heston,6.006698570149212
172,173,E14000702,UKCP18 12km,19801201-20101130,annual,Filton and Bradley Stoke,6.0542460588281735
173,174,E14000703,UKCP18 12km,19801201-20101130,annual,Finchley and Golders Green,5.980864641539419
174,175,E14000704,UKCP18 12km,19801201-20101130,annual,Folkestone and Hythe,6.3915874993330855
175,176,E14000705,UKCP18 12km,19801201-20101130,annual,Forest of Dean,6.224049329095791
176,177,E14000706,UKCP18 12km,19801201-20101130,annual,Fylde,5.758481407151543
177,178,E14000707,UKCP18 12km,19801201-20101130,annual,Gainsborough,6.735125984659437
178,179,E14000708,UKCP18 12km,19801201-20101130,annual,Garston and Halewood,5.983279759452723
179,180,E14000709,UKCP18 12km,19801201-20101130,annual,Gateshead,7.33221314074602
180,181,E14000710,UKCP18 12km,19801201-20101130,annual,Gedling,6.719460832454971
181,182,E14000711,UKCP18 12km,19801201-20101130,annual,Gillingham and Rainham,6.676610463374441
182,183,E14000712,UKCP18 12km,19801201-20101130,annual,Gloucester,6.388135390609555
183,184,E14000713,UKCP18 12km,19801201-20101130,annual,Gosport,6.227886046463902
184,185,E14000714,UKCP18 12km,19801201-20101130,annual,Grantham and Stamford,6.715161868156249
185,186,E14000715,UKCP18 12km,19801201-20101130,annual,Gravesham,6.528546839217818
186,187,E14000716,UKCP18 12km,19801201-20101130,annual,Great Grimsby,7.028513968648423
187,188,E14000717,UKCP18 12km,19801201-20101130,annual,Great Yarmouth,6.444733780421253
188,189,E14000718,UKCP18 12km,19801201-20101130,annual,Greenwich and Woolwich,6.248432195942002
189,190,E14000719,UKCP18 12km,19801201-20101130,annual,Guildford,5.976114266774081
190,191,E14000720,UKCP18 12km,19801201-20101130,annual,Hackney North and Stoke Newington,6.1527363996153435
191,192,E14000721,UKCP18 12km,19801201-20101130,annual,Hackney South and Shoreditch,6.1527363996153435
192,193,E14000722,UKCP18 12km,19801201-20101130,annual,Halesowen and Rowley Regis,6.34014638356773
193,194,E14000723,UKCP18 12km,19801201-20101130,annual,Halifax,6.3099531008612715
194,195,E14000724,UKCP18 12km,19801201-20101130,annual,Haltemprice and Howden,6.58311530636342
195,196,E14000725,UKCP18 12km,19801201-20101130,annual,Halton,5.923953610611437
196,197,E14000726,UKCP18 12km,19801201-20101130,annual,Hammersmith,6.0409840643803365
197,198,E14000727,UKCP18 12km,19801201-20101130,annual,Hampstead and Kilburn,5.980864641539419
198,199,E14000728,UKCP18 12km,19801201-20101130,annual,Harborough,6.289252735802091
199,200,E14000729,UKCP18 12km,19801201-20101130,annual,Harlow,6.060259924857693
200,201,E14000730,UKCP18 12km,19801201-20101130,annual,Harrogate and Knaresborough,6.4392807802451095
201,202,E14000731,UKCP18 12km,19801201-20101130,annual,Harrow East,5.980864641539419
202,203,E14000732,UKCP18 12km,19801201-20101130,annual,Harrow West,5.903304409294331
203,204,E14000733,UKCP18 12km,19801201-20101130,annual,Hartlepool,7.57306316670327
204,205,E14000734,UKCP18 12km,19801201-20101130,annual,Harwich and North Essex,6.5427988161784505
205,206,E14000735,UKCP18 12km,19801201-20101130,annual,Hastings and Rye,6.360878261730538
206,207,E14000736,UKCP18 12km,19801201-20101130,annual,Havant,6.228184094373275
207,208,E14000737,UKCP18 12km,19801201-20101130,annual,Hayes and Harlington,6.006698570149212
208,209,E14000738,UKCP18 12km,19801201-20101130,annual,Hazel Grove,5.748216115766868
209,210,E14000739,UKCP18 12km,19801201-20101130,annual,Hemel Hempstead,6.007199634194991
210,211,E14000740,UKCP18 12km,19801201-20101130,annual,Hemsworth,6.834139198185703
211,212,E14000741,UKCP18 12km,19801201-20101130,annual,Hendon,5.980864641539419
212,213,E14000742,UKCP18 12km,19801201-20101130,annual,Henley,6.1664432242588045
213,214,E14000743,UKCP18 12km,19801201-20101130,annual,Hereford and South Herefordshire,6.35393498836915
214,215,E14000744,UKCP18 12km,19801201-20101130,annual,Hertford and Stortford,6.033756446704839
215,216,E14000745,UKCP18 12km,19801201-20101130,annual,Hertsmere,5.93293763327814
216,217,E14000746,UKCP18 12km,19801201-20101130,annual,Hexham,6.385532866330418
217,218,E14000747,UKCP18 12km,19801201-20101130,annual,Heywood and Middleton,5.648562645595898
218,219,E14000748,UKCP18 12km,19801201-20101130,annual,High Peak,5.6702766654517625
219,220,E14000749,UKCP18 12km,19801201-20101130,annual,Hitchin and Harpenden,6.007199634194991
220,221,E14000750,UKCP18 12km,19801201-20101130,annual,Holborn and St Pancras,6.1527363996153435
221,222,E14000751,UKCP18 12km,19801201-20101130,annual,Hornchurch and Upminster,6.388344827243535
222,223,E14000752,UKCP18 12km,19801201-20101130,annual,Hornsey and Wood Green,6.1527363996153435
223,224,E14000753,UKCP18 12km,19801201-20101130,annual,Horsham,5.986651445746546
224,225,E14000754,UKCP18 12km,19801201-20101130,annual,Houghton and Sunderland South,7.46610726456574
225,226,E14000755,UKCP18 12km,19801201-20101130,annual,Hove,6.20655800801288
226,227,E14000756,UKCP18 12km,19801201-20101130,annual,Huddersfield,6.217928163404985
227,228,E14000757,UKCP18 12km,19801201-20101130,annual,Huntingdon,6.434455370587234
228,229,E14000758,UKCP18 12km,19801201-20101130,annual,Hyndburn,5.579923324866484
229,230,E14000759,UKCP18 12km,19801201-20101130,annual,Ilford North,6.292508916254794
230,231,E14000760,UKCP18 12km,19801201-20101130,annual,Ilford South,6.292508916254794
231,232,E14000761,UKCP18 12km,19801201-20101130,annual,Ipswich,6.301655182567504
232,233,E14000762,UKCP18 12km,19801201-20101130,annual,Isle of Wight,6.263608648173882
233,234,E14000763,UKCP18 12km,19801201-20101130,annual,Islington North,6.1527363996153435
234,235,E14000764,UKCP18 12km,19801201-20101130,annual,Islington South and Finsbury,6.1527363996153435
235,236,E14000765,UKCP18 12km,19801201-20101130,annual,Jarrow,7.311927088709798
236,237,E14000766,UKCP18 12km,19801201-20101130,annual,Keighley,5.896922281386682
237,238,E14000767,UKCP18 12km,19801201-20101130,annual,Kenilworth and Southam,6.390087184374685
238,239,E14000768,UKCP18 12km,19801201-20101130,annual,Kensington,5.980864641539419
239,240,E14000769,UKCP18 12km,19801201-20101130,annual,Kettering,6.29378316729618
240,241,E14000770,UKCP18 12km,19801201-20101130,annual,Kingston and Surbiton,6.01069227021591
241,242,E14000771,UKCP18 12km,19801201-20101130,annual,Kingston upon Hull East,6.828925626788706
242,243,E14000772,UKCP18 12km,19801201-20101130,annual,Kingston upon Hull North,6.80753754610621
243,244,E14000773,UKCP18 12km,19801201-20101130,annual,Kingston upon Hull West and Hessle,6.828925626788706
244,245,E14000774,UKCP18 12km,19801201-20101130,annual,Kingswood,5.855060073788462
245,246,E14000775,UKCP18 12km,19801201-20101130,annual,Knowsley,5.983279759452723
246,247,E14000776,UKCP18 12km,19801201-20101130,annual,Lancaster and Fleetwood,5.746272098422004
247,248,E14000777,UKCP18 12km,19801201-20101130,annual,Leeds Central,6.629097160926826
248,249,E14000778,UKCP18 12km,19801201-20101130,annual,Leeds East,6.635685313571341
249,250,E14000779,UKCP18 12km,19801201-20101130,annual,Leeds North East,6.504662859433933
250,251,E14000780,UKCP18 12km,19801201-20101130,annual,Leeds North West,6.504662859433933
251,252,E14000781,UKCP18 12km,19801201-20101130,annual,Leeds West,6.504662859433933
252,253,E14000782,UKCP18 12km,19801201-20101130,annual,Leicester East,6.519779455042385
253,254,E14000783,UKCP18 12km,19801201-20101130,annual,Leicester South,6.519779455042385
254,255,E14000784,UKCP18 12km,19801201-20101130,annual,Leicester West,6.519779455042385
255,256,E14000785,UKCP18 12km,19801201-20101130,annual,Leigh,5.498128648164446
256,257,E14000786,UKCP18 12km,19801201-20101130,annual,Lewes,6.091560084478756
257,258,E14000787,UKCP18 12km,19801201-20101130,annual,Lewisham East,6.151297312172879
258,259,E14000788,UKCP18 12km,19801201-20101130,annual,Lewisham West and Penge,6.151297312172879
259,260,E14000789,UKCP18 12km,19801201-20101130,annual,"Lewisham, Deptford",6.151297312172879
260,261,E14000790,UKCP18 12km,19801201-20101130,annual,Leyton and Wanstead,6.1527363996153435
261,262,E14000791,UKCP18 12km,19801201-20101130,annual,Lichfield,6.401934644321823
262,263,E14000792,UKCP18 12km,19801201-20101130,annual,Lincoln,6.800871606733238
263,264,E14000793,UKCP18 12km,19801201-20101130,annual,"Liverpool, Riverside",5.983279759452723
264,265,E14000794,UKCP18 12km,19801201-20101130,annual,"Liverpool, Walton",5.983279759452723
265,266,E14000795,UKCP18 12km,19801201-20101130,annual,"Liverpool, Wavertree",5.983279759452723
266,267,E14000796,UKCP18 12km,19801201-20101130,annual,"Liverpool, West Derby",5.983279759452723
267,268,E14000797,UKCP18 12km,19801201-20101130,annual,Loughborough,6.548053412758802
268,269,E14000798,UKCP18 12km,19801201-20101130,annual,Louth and Horncastle,6.805703573992266
269,270,E14000799,UKCP18 12km,19801201-20101130,annual,Ludlow,6.394032541077985
270,271,E14000800,UKCP18 12km,19801201-20101130,annual,Luton North,6.081226185700451
271,272,E14000801,UKCP18 12km,19801201-20101130,annual,Luton South,6.081226185700451
272,273,E14000802,UKCP18 12km,19801201-20101130,annual,Macclesfield,5.663019003954944
273,274,E14000803,UKCP18 12km,19801201-20101130,annual,Maidenhead,6.180833023713355
274,275,E14000804,UKCP18 12km,19801201-20101130,annual,Maidstone and The Weald,6.308002766775012
275,276,E14000805,UKCP18 12km,19801201-20101130,annual,Makerfield,5.605255399724901
276,277,E14000806,UKCP18 12km,19801201-20101130,annual,Maldon,6.603473351534011
277,278,E14000807,UKCP18 12km,19801201-20101130,annual,Manchester Central,5.699128809241183
278,279,E14000808,UKCP18 12km,19801201-20101130,annual,"Manchester, Gorton",5.748216115766868
279,280,E14000809,UKCP18 12km,19801201-20101130,annual,"Manchester, Withington",5.671511850552281
280,281,E14000810,UKCP18 12km,19801201-20101130,annual,Mansfield,6.5596414056014725
281,282,E14000811,UKCP18 12km,19801201-20101130,annual,Meon Valley,6.2086203072360675
282,283,E14000812,UKCP18 12km,19801201-20101130,annual,Meriden,6.472038108495783
283,284,E14000813,UKCP18 12km,19801201-20101130,annual,Mid Bedfordshire,6.259951408473685
284,285,E14000814,UKCP18 12km,19801201-20101130,annual,Mid Derbyshire,6.328098401216022
285,286,E14000815,UKCP18 12km,19801201-20101130,annual,Mid Dorset and North Poole,6.154302717215894
286,287,E14000816,UKCP18 12km,19801201-20101130,annual,Mid Norfolk,6.292193234402669
287,288,E14000817,UKCP18 12km,19801201-20101130,annual,Mid Sussex,6.0303510988156
288,289,E14000818,UKCP18 12km,19801201-20101130,annual,Mid Worcestershire,6.431392195724588
289,290,E14000819,UKCP18 12km,19801201-20101130,annual,Middlesbrough,7.57306316670327
290,291,E14000820,UKCP18 12km,19801201-20101130,annual,Middlesbrough South and East Cleveland,7.488871077167399
291,292,E14000821,UKCP18 12km,19801201-20101130,annual,Milton Keynes North,6.196212322618904
292,293,E14000822,UKCP18 12km,19801201-20101130,annual,Milton Keynes South,6.205279045440257
293,294,E14000823,UKCP18 12km,19801201-20101130,annual,Mitcham and Morden,6.0409840643803365
294,295,E14000824,UKCP18 12km,19801201-20101130,annual,Mole Valley,6.018282634921506
295,296,E14000825,UKCP18 12km,19801201-20101130,annual,Morecambe and Lunesdale,5.9062843710902
296,297,E14000826,UKCP18 12km,19801201-20101130,annual,Morley and Outwood,6.629097160926826
297,298,E14000827,UKCP18 12km,19801201-20101130,annual,New Forest East,6.019067059727977
298,299,E14000828,UKCP18 12km,19801201-20101130,annual,New Forest West,6.061575357372048
299,300,E14000829,UKCP18 12km,19801201-20101130,annual,Newark,6.844364366144729
300,301,E14000830,UKCP18 12km,19801201-20101130,annual,Newbury,6.074028380196155
301,302,E14000831,UKCP18 12km,19801201-20101130,annual,Newcastle upon Tyne Central,7.191799875460757
302,303,E14000832,UKCP18 12km,19801201-20101130,annual,Newcastle upon Tyne East,7.191799875460757
303,304,E14000833,UKCP18 12km,19801201-20101130,annual,Newcastle upon Tyne North,7.191799875460757
304,305,E14000834,UKCP18 12km,19801201-20101130,annual,Newcastle-under-Lyme,6.054776437915305
305,306,E14000835,UKCP18 12km,19801201-20101130,annual,Newton Abbot,6.616554333083944
306,307,E14000836,UKCP18 12km,19801201-20101130,annual,"Normanton, Pontefract and Castleford",6.75392171878621
307,308,E14000837,UKCP18 12km,19801201-20101130,annual,North Cornwall,5.940370431568836
308,309,E14000838,UKCP18 12km,19801201-20101130,annual,North Devon,5.904365669736658
309,310,E14000839,UKCP18 12km,19801201-20101130,annual,North Dorset,6.085953831386431
310,311,E14000840,UKCP18 12km,19801201-20101130,annual,North Durham,7.400439662897177
311,312,E14000841,UKCP18 12km,19801201-20101130,annual,North East Bedfordshire,6.3295352112802865
312,313,E14000842,UKCP18 12km,19801201-20101130,annual,North East Cambridgeshire,6.450816528933487
313,314,E14000843,UKCP18 12km,19801201-20101130,annual,North East Derbyshire,6.349879050396771
314,315,E14000844,UKCP18 12km,19801201-20101130,annual,North East Hampshire,6.150692063503734
315,316,E14000845,UKCP18 12km,19801201-20101130,annual,North East Hertfordshire,6.195340910774425
316,317,E14000846,UKCP18 12km,19801201-20101130,annual,North East Somerset,5.884992658886219
317,318,E14000847,UKCP18 12km,19801201-20101130,annual,North Herefordshire,6.394799590869982
318,319,E14000848,UKCP18 12km,19801201-20101130,annual,North Norfolk,6.634868459400281
319,320,E14000849,UKCP18 12km,19801201-20101130,annual,North Shropshire,6.631016076447914
320,321,E14000850,UKCP18 12km,19801201-20101130,annual,North Somerset,5.943021524898668
321,322,E14000851,UKCP18 12km,19801201-20101130,annual,North Swindon,6.029439359904867
322,323,E14000852,UKCP18 12km,19801201-20101130,annual,North Thanet,6.607689896221707
323,324,E14000853,UKCP18 12km,19801201-20101130,annual,North Tyneside,7.191799875460757
324,325,E14000854,UKCP18 12km,19801201-20101130,annual,North Warwickshire,6.56686961616102
325,326,E14000855,UKCP18 12km,19801201-20101130,annual,North West Cambridgeshire,6.443763908582127
326,327,E14000856,UKCP18 12km,19801201-20101130,annual,North West Durham,6.7149606329017715
327,328,E14000857,UKCP18 12km,19801201-20101130,annual,North West Hampshire,6.037804817146913
328,329,E14000858,UKCP18 12km,19801201-20101130,annual,North West Leicestershire,6.586392343601858
329,330,E14000859,UKCP18 12km,19801201-20101130,annual,North West Norfolk,6.650658197969867
330,331,E14000860,UKCP18 12km,19801201-20101130,annual,North Wiltshire,5.954116735647644
331,332,E14000861,UKCP18 12km,19801201-20101130,annual,Northampton North,6.179511598561928
332,333,E14000862,UKCP18 12km,19801201-20101130,annual,Northampton South,6.179511598561928
333,334,E14000863,UKCP18 12km,19801201-20101130,annual,Norwich North,6.419769124605442
334,335,E14000864,UKCP18 12km,19801201-20101130,annual,Norwich South,6.37351297396316
335,336,E14000865,UKCP18 12km,19801201-20101130,annual,Nottingham East,6.719460832454971
336,337,E14000866,UKCP18 12km,19801201-20101130,annual,Nottingham North,6.5434523635802835
337,338,E14000867,UKCP18 12km,19801201-20101130,annual,Nottingham South,6.5434523635802835
338,339,E14000868,UKCP18 12km,19801201-20101130,annual,Nuneaton,6.510440165618943
339,340,E14000869,UKCP18 12km,19801201-20101130,annual,Old Bexley and Sidcup,6.248432195942002
340,341,E14000870,UKCP18 12km,19801201-20101130,annual,Oldham East and Saddleworth,5.751128945705989
341,342,E14000871,UKCP18 12km,19801201-20101130,annual,Oldham West and Royton,5.699128809241183
342,343,E14000872,UKCP18 12km,19801201-20101130,annual,Orpington,6.141076142440579
343,344,E14000873,UKCP18 12km,19801201-20101130,annual,Oxford East,6.193334696579732
344,345,E14000874,UKCP18 12km,19801201-20101130,annual,Oxford West and Abingdon,6.1985230243505285
345,346,E14000875,UKCP18 12km,19801201-20101130,annual,Pendle,5.724998916338077
346,347,E14000876,UKCP18 12km,19801201-20101130,annual,Penistone and Stocksbridge,6.134343827851266
347,348,E14000877,UKCP18 12km,19801201-20101130,annual,Penrith and The Border,5.90292994519211
348,349,E14000878,UKCP18 12km,19801201-20101130,annual,Peterborough,6.551234045861533
349,350,E14000879,UKCP18 12km,19801201-20101130,annual,"Plymouth, Moor View",7.080310578584263
350,351,E14000880,UKCP18 12km,19801201-20101130,annual,"Plymouth, Sutton and Devonport",7.01012118204497
351,352,E14000881,UKCP18 12km,19801201-20101130,annual,Poole,6.168877925923492
352,353,E14000882,UKCP18 12km,19801201-20101130,annual,Poplar and Limehouse,6.1527363996153435
353,354,E14000883,UKCP18 12km,19801201-20101130,annual,Portsmouth North,6.227886046463902
354,355,E14000884,UKCP18 12km,19801201-20101130,annual,Portsmouth South,6.227886046463902
355,356,E14000885,UKCP18 12km,19801201-20101130,annual,Preston,5.54158152577894
356,357,E14000886,UKCP18 12km,19801201-20101130,annual,Pudsey,6.504662859433933
357,358,E14000887,UKCP18 12km,19801201-20101130,annual,Putney,6.0409840643803365
358,359,E14000888,UKCP18 12km,19801201-20101130,annual,Rayleigh and Wickford,6.573095312665149
359,360,E14000889,UKCP18 12km,19801201-20101130,annual,Reading East,6.200829117550032
360,361,E14000890,UKCP18 12km,19801201-20101130,annual,Reading West,6.228532483561092
361,362,E14000891,UKCP18 12km,19801201-20101130,annual,Redcar,7.716795954205751
362,363,E14000892,UKCP18 12km,19801201-20101130,annual,Redditch,6.422749889011698
363,364,E14000893,UKCP18 12km,19801201-20101130,annual,Reigate,6.0017639662326046
364,365,E14000894,UKCP18 12km,19801201-20101130,annual,Ribble Valley,5.654796403635252
365,366,E14000895,UKCP18 12km,19801201-20101130,annual,Richmond (Yorks),6.615979885164538
366,367,E14000896,UKCP18 12km,19801201-20101130,annual,Richmond Park,6.0409840643803365
367,368,E14000897,UKCP18 12km,19801201-20101130,annual,Rochdale,5.648562645595898
368,369,E14000898,UKCP18 12km,19801201-20101130,annual,Rochester and Strood,6.836439717450154
369,370,E14000899,UKCP18 12km,19801201-20101130,annual,Rochford and Southend East,6.855801368309634
370,371,E14000900,UKCP18 12km,19801201-20101130,annual,Romford,6.292508916254794
371,372,E14000901,UKCP18 12km,19801201-20101130,annual,Romsey and Southampton North,5.96887004875681
372,373,E14000902,UKCP18 12km,19801201-20101130,annual,Rossendale and Darwen,5.579923324866484
373,374,E14000903,UKCP18 12km,19801201-20101130,annual,Rother Valley,6.926200317613612
374,375,E14000904,UKCP18 12km,19801201-20101130,annual,Rotherham,6.613920254336566
375,376,E14000905,UKCP18 12km,19801201-20101130,annual,Rugby,6.375539787809058
376,377,E14000906,UKCP18 12km,19801201-20101130,annual,"Ruislip, Northwood and Pinner",5.903304409294331
377,378,E14000907,UKCP18 12km,19801201-20101130,annual,Runnymede and Weybridge,6.060224231020268
378,379,E14000908,UKCP18 12km,19801201-20101130,annual,Rushcliffe,6.626789851158925
379,380,E14000909,UKCP18 12km,19801201-20101130,annual,Rutland and Melton,6.575464195255657
380,381,E14000910,UKCP18 12km,19801201-20101130,annual,Saffron Walden,6.219335824450341
381,382,E14000911,UKCP18 12km,19801201-20101130,annual,Salford and Eccles,5.542842853348284
382,383,E14000912,UKCP18 12km,19801201-20101130,annual,Salisbury,5.952508900605632
383,384,E14000913,UKCP18 12km,19801201-20101130,annual,Scarborough and Whitby,7.229491894949827
384,385,E14000914,UKCP18 12km,19801201-20101130,annual,Scunthorpe,6.754731021401594
385,386,E14000915,UKCP18 12km,19801201-20101130,annual,Sedgefield,7.282189483535416
386,387,E14000916,UKCP18 12km,19801201-20101130,annual,Sefton Central,5.870828990699176
387,388,E14000917,UKCP18 12km,19801201-20101130,annual,Selby and Ainsty,6.640574104956001
388,389,E14000918,UKCP18 12km,19801201-20101130,annual,Sevenoaks,6.173341055391827
389,390,E14000919,UKCP18 12km,19801201-20101130,annual,Sheffield Central,6.613920254336566
390,391,E14000920,UKCP18 12km,19801201-20101130,annual,Sheffield South East,6.613920254336566
391,392,E14000921,UKCP18 12km,19801201-20101130,annual,"Sheffield, Brightside and Hillsborough",6.613920254336566
392,393,E14000922,UKCP18 12km,19801201-20101130,annual,"Sheffield, Hallam",6.1173019306824665
393,394,E14000923,UKCP18 12km,19801201-20101130,annual,"Sheffield, Heeley",6.429575796068896
394,395,E14000924,UKCP18 12km,19801201-20101130,annual,Sherwood,6.698823601924214
395,396,E14000925,UKCP18 12km,19801201-20101130,annual,Shipley,6.2151238852379675
396,397,E14000926,UKCP18 12km,19801201-20101130,annual,Shrewsbury and Atcham,6.732497859300831
397,398,E14000927,UKCP18 12km,19801201-20101130,annual,Sittingbourne and Sheppey,6.84421827076578
398,399,E14000928,UKCP18 12km,19801201-20101130,annual,Skipton and Ripon,5.983996845812957
399,400,E14000929,UKCP18 12km,19801201-20101130,annual,Sleaford and North Hykeham,6.719614164228029
400,401,E14000930,UKCP18 12km,19801201-20101130,annual,Slough,5.977803160437488
401,402,E14000931,UKCP18 12km,19801201-20101130,annual,Solihull,6.412542778609981
402,403,E14000932,UKCP18 12km,19801201-20101130,annual,Somerton and Frome,6.118316268285689
403,404,E14000933,UKCP18 12km,19801201-20101130,annual,South Basildon and East Thurrock,6.489054255783876
404,405,E14000934,UKCP18 12km,19801201-20101130,annual,South Cambridgeshire,6.359560980965101
405,406,E14000935,UKCP18 12km,19801201-20101130,annual,South Derbyshire,6.4374447918219
406,407,E14000936,UKCP18 12km,19801201-20101130,annual,South Dorset,6.3014980604607
407,408,E14000937,UKCP18 12km,19801201-20101130,annual,South East Cambridgeshire,6.3062474133811905
408,409,E14000938,UKCP18 12km,19801201-20101130,annual,South East Cornwall,6.342717510356549
409,410,E14000939,UKCP18 12km,19801201-20101130,annual,South Holland and The Deepings,6.721690210208114
410,411,E14000940,UKCP18 12km,19801201-20101130,annual,South Leicestershire,6.424894267869158
411,412,E14000941,UKCP18 12km,19801201-20101130,annual,South Norfolk,6.385362478715727
412,413,E14000942,UKCP18 12km,19801201-20101130,annual,South Northamptonshire,6.147704061920192
413,414,E14000943,UKCP18 12km,19801201-20101130,annual,South Ribble,5.638768786953268
414,415,E14000944,UKCP18 12km,19801201-20101130,annual,South Shields,7.311927088709798
415,416,E14000945,UKCP18 12km,19801201-20101130,annual,South Staffordshire,6.476774608369542
416,417,E14000946,UKCP18 12km,19801201-20101130,annual,South Suffolk,6.164407973877651
417,418,E14000947,UKCP18 12km,19801201-20101130,annual,South Swindon,6.029439359904867
418,419,E14000948,UKCP18 12km,19801201-20101130,annual,South Thanet,6.607689896221707
419,420,E14000949,UKCP18 12km,19801201-20101130,annual,South West Bedfordshire,6.097705965329845
420,421,E14000950,UKCP18 12km,19801201-20101130,annual,South West Devon,6.963207166982283
421,422,E14000951,UKCP18 12km,19801201-20101130,annual,South West Hertfordshire,6.05002064768172
422,423,E14000952,UKCP18 12km,19801201-20101130,annual,South West Norfolk,6.2552594940343385
423,424,E14000953,UKCP18 12km,19801201-20101130,annual,South West Surrey,5.958753534508414
424,425,E14000954,UKCP18 12km,19801201-20101130,annual,South West Wiltshire,5.980371315831003
425,426,E14000955,UKCP18 12km,19801201-20101130,annual,"Southampton, Itchen",6.015706754067044
426,427,E14000956,UKCP18 12km,19801201-20101130,annual,"Southampton, Test",5.9448373574510045
427,428,E14000957,UKCP18 12km,19801201-20101130,annual,Southend West,6.740636367138655
428,429,E14000958,UKCP18 12km,19801201-20101130,annual,Southport,5.785056267624957
429,430,E14000959,UKCP18 12km,19801201-20101130,annual,Spelthorne,6.006698570149212
430,431,E14000960,UKCP18 12km,19801201-20101130,annual,St Albans,6.007199634194991
431,432,E14000961,UKCP18 12km,19801201-20101130,annual,St Austell and Newquay,6.084653068838134
432,433,E14000962,UKCP18 12km,19801201-20101130,annual,St Helens North,5.605255399724901
433,434,E14000963,UKCP18 12km,19801201-20101130,annual,St Helens South and Whiston,5.923953610611437
434,435,E14000964,UKCP18 12km,19801201-20101130,annual,St Ives,6.33207295197293
435,436,E14000965,UKCP18 12km,19801201-20101130,annual,Stafford,6.247700370495505
436,437,E14000966,UKCP18 12km,19801201-20101130,annual,Staffordshire Moorlands,5.599811617372501
437,438,E14000967,UKCP18 12km,19801201-20101130,annual,Stalybridge and Hyde,5.751128945705989
438,439,E14000968,UKCP18 12km,19801201-20101130,annual,Stevenage,6.128417240505474
439,440,E14000969,UKCP18 12km,19801201-20101130,annual,Stockport,5.748216115766868
440,441,E14000970,UKCP18 12km,19801201-20101130,annual,Stockton North,7.57306316670327
441,442,E14000971,UKCP18 12km,19801201-20101130,annual,Stockton South,7.044229177919444
442,443,E14000972,UKCP18 12km,19801201-20101130,annual,Stoke-on-Trent Central,5.7701232604770665
443,444,E14000973,UKCP18 12km,19801201-20101130,annual,Stoke-on-Trent North,5.641590150564839
444,445,E14000974,UKCP18 12km,19801201-20101130,annual,Stoke-on-Trent South,5.7701232604770665
445,446,E14000975,UKCP18 12km,19801201-20101130,annual,Stone,6.129828518928877
446,447,E14000976,UKCP18 12km,19801201-20101130,annual,Stourbridge,6.345298304550126
447,448,E14000977,UKCP18 12km,19801201-20101130,annual,Stratford-on-Avon,6.326640812559224
448,449,E14000978,UKCP18 12km,19801201-20101130,annual,Streatham,6.151297312172879
449,450,E14000979,UKCP18 12km,19801201-20101130,annual,Stretford and Urmston,5.671511850552281
450,451,E14000980,UKCP18 12km,19801201-20101130,annual,Stroud,6.11622861950883
451,452,E14000981,UKCP18 12km,19801201-20101130,annual,Suffolk Coastal,6.536644989951424
452,453,E14000982,UKCP18 12km,19801201-20101130,annual,Sunderland Central,7.311927088709798
453,454,E14000983,UKCP18 12km,19801201-20101130,annual,Surrey Heath,6.060224231020268
454,455,E14000984,UKCP18 12km,19801201-20101130,annual,Sutton and Cheam,6.01069227021591
455,456,E14000985,UKCP18 12km,19801201-20101130,annual,Sutton Coldfield,6.468504868275905
456,457,E14000986,UKCP18 12km,19801201-20101130,annual,Tamworth,6.523856069882558
457,458,E14000987,UKCP18 12km,19801201-20101130,annual,Tatton,5.920561479968205
458,459,E14000988,UKCP18 12km,19801201-20101130,annual,Taunton Deane,6.389714469657459
459,460,E14000989,UKCP18 12km,19801201-20101130,annual,Telford,6.62374370078058
460,461,E14000990,UKCP18 12km,19801201-20101130,annual,Tewkesbury,6.4027341722273095
461,462,E14000991,UKCP18 12km,19801201-20101130,annual,The Cotswolds,5.992569984469746
462,463,E14000992,UKCP18 12km,19801201-20101130,annual,The Wrekin,6.597575475514493
463,464,E14000993,UKCP18 12km,19801201-20101130,annual,Thirsk and Malton,6.489351599366575
464,465,E14000994,UKCP18 12km,19801201-20101130,annual,Thornbury and Yate,5.926086290364556
465,466,E14000995,UKCP18 12km,19801201-20101130,annual,Thurrock,6.365545052471231
466,467,E14000996,UKCP18 12km,19801201-20101130,annual,Tiverton and Honiton,6.377076695905974
467,468,E14000997,UKCP18 12km,19801201-20101130,annual,Tonbridge and Malling,6.18211753754009
468,469,E14000998,UKCP18 12km,19801201-20101130,annual,Tooting,6.0409840643803365
469,470,E14000999,UKCP18 12km,19801201-20101130,annual,Torbay,6.657071072398986
470,471,E14001000,UKCP18 12km,19801201-20101130,annual,Torridge and West Devon,6.071455785677469
471,472,E14001001,UKCP18 12km,19801201-20101130,annual,Totnes,6.6255819938173515
472,473,E14001002,UKCP18 12km,19801201-20101130,annual,Tottenham,6.1527363996153435
473,474,E14001003,UKCP18 12km,19801201-20101130,annual,Truro and Falmouth,6.070933121793076
474,475,E14001004,UKCP18 12km,19801201-20101130,annual,Tunbridge Wells,6.0199529444797815
475,476,E14001005,UKCP18 12km,19801201-20101130,annual,Twickenham,6.006698570149212
476,477,E14001006,UKCP18 12km,19801201-20101130,annual,Tynemouth,7.191799875460757
477,478,E14001007,UKCP18 12km,19801201-20101130,annual,Uxbridge and South Ruislip,5.903304409294331
478,479,E14001008,UKCP18 12km,19801201-20101130,annual,Vauxhall,6.151297312172879
479,480,E14001009,UKCP18 12km,19801201-20101130,annual,Wakefield,6.5982270982769835
480,481,E14001010,UKCP18 12km,19801201-20101130,annual,Wallasey,6.245011567701481
481,482,E14001011,UKCP18 12km,19801201-20101130,annual,Walsall North,6.439122226356921
482,483,E14001012,UKCP18 12km,19801201-20101130,annual,Walsall South,6.425274392483797
483,484,E14001013,UKCP18 12km,19801201-20101130,annual,Walthamstow,6.1527363996153435
484,485,E14001014,UKCP18 12km,19801201-20101130,annual,Wansbeck,7.1531703090848815
485,486,E14001015,UKCP18 12km,19801201-20101130,annual,Wantage,6.195715713654101
486,487,E14001016,UKCP18 12km,19801201-20101130,annual,Warley,6.34014638356773
487,488,E14001017,UKCP18 12km,19801201-20101130,annual,Warrington North,5.807632178897772
488,489,E14001018,UKCP18 12km,19801201-20101130,annual,Warrington South,5.807632178897772
489,490,E14001019,UKCP18 12km,19801201-20101130,annual,Warwick and Leamington,6.456504484635052
490,491,E14001020,UKCP18 12km,19801201-20101130,annual,Washington and Sunderland West,7.311927088709798
491,492,E14001021,UKCP18 12km,19801201-20101130,annual,Watford,5.948109199884822
492,493,E14001022,UKCP18 12km,19801201-20101130,annual,Waveney,6.541026756448002
493,494,E14001023,UKCP18 12km,19801201-20101130,annual,Wealden,6.006081161312741
494,495,E14001024,UKCP18 12km,19801201-20101130,annual,Weaver Vale,6.239929606106756
495,496,E14001025,UKCP18 12km,19801201-20101130,annual,Wellingborough,6.324744683832171
496,497,E14001026,UKCP18 12km,19801201-20101130,annual,Wells,5.964049713880546
497,498,E14001027,UKCP18 12km,19801201-20101130,annual,Welwyn Hatfield,6.026117889139992
498,499,E14001028,UKCP18 12km,19801201-20101130,annual,Wentworth and Dearne,6.958418548689281
499,500,E14001029,UKCP18 12km,19801201-20101130,annual,West Bromwich East,6.425274392483797
500,501,E14001030,UKCP18 12km,19801201-20101130,annual,West Bromwich West,6.425274392483797
501,502,E14001031,UKCP18 12km,19801201-20101130,annual,West Dorset,6.327887696242392
502,503,E14001032,UKCP18 12km,19801201-20101130,annual,West Ham,6.1527363996153435
503,504,E14001033,UKCP18 12km,19801201-20101130,annual,West Lancashire,5.6551338517949885
504,505,E14001034,UKCP18 12km,19801201-20101130,annual,West Suffolk,6.229494858115601
505,506,E14001035,UKCP18 12km,19801201-20101130,annual,West Worcestershire,6.503352573353917
506,507,E14001036,UKCP18 12km,19801201-20101130,annual,Westminster North,5.980864641539419
507,508,E14001037,UKCP18 12km,19801201-20101130,annual,Westmorland and Lonsdale,5.9990191707075855
508,509,E14001038,UKCP18 12km,19801201-20101130,annual,Weston-Super-Mare,6.080194367244847
509,510,E14001039,UKCP18 12km,19801201-20101130,annual,Wigan,5.605255399724901
510,511,E14001040,UKCP18 12km,19801201-20101130,annual,Wimbledon,6.0409840643803365
511,512,E14001041,UKCP18 12km,19801201-20101130,annual,Winchester,6.041336118092444
512,513,E14001042,UKCP18 12km,19801201-20101130,annual,Windsor,6.136394402003889
513,514,E14001043,UKCP18 12km,19801201-20101130,annual,Wirral South,6.477655625775589
514,515,E14001044,UKCP18 12km,19801201-20101130,annual,Wirral West,6.245011567701481
515,516,E14001045,UKCP18 12km,19801201-20101130,annual,Witham,6.366859213347757
516,517,E14001046,UKCP18 12km,19801201-20101130,annual,Witney,6.027574937260451
517,518,E14001047,UKCP18 12km,19801201-20101130,annual,Woking,6.060224231020268
518,519,E14001048,UKCP18 12km,19801201-20101130,annual,Wokingham,6.224613842788007
519,520,E14001049,UKCP18 12km,19801201-20101130,annual,Wolverhampton North East,6.462581726934861
520,521,E14001050,UKCP18 12km,19801201-20101130,annual,Wolverhampton South East,6.4909674898042224
521,522,E14001051,UKCP18 12km,19801201-20101130,annual,Wolverhampton South West,6.4909674898042224
522,523,E14001052,UKCP18 12km,19801201-20101130,annual,Worcester,6.398569072797833
523,524,E14001053,UKCP18 12km,19801201-20101130,annual,Workington,5.95640178584754
524,525,E14001054,UKCP18 12km,19801201-20101130,annual,Worsley and Eccles South,5.542842853348284
525,526,E14001055,UKCP18 12km,19801201-20101130,annual,Worthing West,6.037148659203168
526,527,E14001056,UKCP18 12km,19801201-20101130,annual,Wycombe,5.98283981137608
527,528,E14001057,UKCP18 12km,19801201-20101130,annual,Wyre and Preston North,5.725202712772905
528,529,E14001058,UKCP18 12km,19801201-20101130,annual,Wyre Forest,6.41426903797622
529,530,E14001059,UKCP18 12km,19801201-20101130,annual,Wythenshawe and Sale East,5.671511850552281
530,531,E14001060,UKCP18 12km,19801201-20101130,annual,Yeovil,6.193032402594304
531,532,E14001061,UKCP18 12km,19801201-20101130,annual,York Central,6.390779259572221
532,533,E14001062,UKCP18 12km,19801201-20101130,annual,York Outer,6.305610352755448
533,534,N06000001,UKCP18 12km,19801201-20101130,annual,Belfast East,6.463237824970921
534,535,N06000002,UKCP18 12km,19801201-20101130,annual,Belfast North,6.463237824970921
535,536,N06000003,UKCP18 12km,19801201-20101130,annual,Belfast South,6.394615863031317
536,537,N06000004,UKCP18 12km,19801201-20101130,annual,Belfast West,6.176670019856935
537,538,N06000005,UKCP18 12km,19801201-20101130,annual,East Antrim,6.418637875870869
538,539,N06000006,UKCP18 12km,19801201-20101130,annual,East Londonderry,5.985633264708559
539,540,N06000007,UKCP18 12km,19801201-20101130,annual,Fermanagh and South Tyrone,5.586419380441786
540,541,N06000008,UKCP18 12km,19801201-20101130,annual,Foyle,5.905639585918312
541,542,N06000009,UKCP18 12km,19801201-20101130,annual,Lagan Valley,6.165849633482226
542,543,N06000010,UKCP18 12km,19801201-20101130,annual,Mid Ulster,5.804964954529338
543,544,N06000011,UKCP18 12km,19801201-20101130,annual,Newry and Armagh,5.83368185563076
544,545,N06000012,UKCP18 12km,19801201-20101130,annual,North Antrim,6.198950785355826
545,546,N06000013,UKCP18 12km,19801201-20101130,annual,North Down,6.504720495347201
546,547,N06000014,UKCP18 12km,19801201-20101130,annual,South Antrim,6.018130428652679
547,548,N06000015,UKCP18 12km,19801201-20101130,annual,South Down,6.444278573223286
548,549,N06000016,UKCP18 12km,19801201-20101130,annual,Strangford,6.4705227226014745
549,550,N06000017,UKCP18 12km,19801201-20101130,annual,Upper Bann,5.936543434845041
550,551,N06000018,UKCP18 12km,19801201-20101130,annual,West Tyrone,5.686558003016305
551,552,S14000001,UKCP18 12km,19801201-20101130,annual,Aberdeen North,6.918032061351506
552,553,S14000002,UKCP18 12km,19801201-20101130,annual,Aberdeen South,6.899118066389623
553,554,S14000003,UKCP18 12km,19801201-20101130,annual,Airdrie and Shotts,5.865771681414675
554,555,S14000004,UKCP18 12km,19801201-20101130,annual,Angus,6.675845778419266
555,556,S14000005,UKCP18 12km,19801201-20101130,annual,Argyll and Bute,5.440700387761926
556,557,S14000006,UKCP18 12km,19801201-20101130,annual,"Ayr, Carrick and Cumnock",5.5286192492003545
557,558,S14000007,UKCP18 12km,19801201-20101130,annual,Banff and Buchan,6.757849778532703
558,559,S14000008,UKCP18 12km,19801201-20101130,annual,"Berwickshire, Roxburgh and Selkirk",6.564283143579486
559,560,S14000009,UKCP18 12km,19801201-20101130,annual,"Caithness, Sutherland and Easter Ross",6.2983921748052305
560,561,S14000010,UKCP18 12km,19801201-20101130,annual,Central Ayrshire,5.813455473639331
561,562,S14000011,UKCP18 12km,19801201-20101130,annual,"Coatbridge, Chryston and Bellshill",5.664203799611552
562,563,S14000012,UKCP18 12km,19801201-20101130,annual,"Cumbernauld, Kilsyth and Kirkintilloch East",5.530394313959435
563,564,S14000013,UKCP18 12km,19801201-20101130,annual,Dumfries and Galloway,5.6965089921461995
564,565,S14000014,UKCP18 12km,19801201-20101130,annual,"Dumfriesshire, Clydesdale and Tweeddale",5.840797064430401
565,566,S14000015,UKCP18 12km,19801201-20101130,annual,Dundee East,6.688218383060703
566,567,S14000016,UKCP18 12km,19801201-20101130,annual,Dundee West,6.469627418863722
567,568,S14000017,UKCP18 12km,19801201-20101130,annual,Dunfermline and West Fife,5.9769271755105695
568,569,S14000018,UKCP18 12km,19801201-20101130,annual,East Dunbartonshire,5.504715950109662
569,570,S14000019,UKCP18 12km,19801201-20101130,annual,"East Kilbride, Strathaven and Lesmahagow",5.679251869742319
570,571,S14000020,UKCP18 12km,19801201-20101130,annual,East Lothian,7.242564804300173
571,572,S14000021,UKCP18 12km,19801201-20101130,annual,East Renfrewshire,5.6398849881535975
572,573,S14000022,UKCP18 12km,19801201-20101130,annual,Edinburgh East,7.026608230870427
573,574,S14000023,UKCP18 12km,19801201-20101130,annual,Edinburgh North and Leith,6.822958966556928
574,575,S14000024,UKCP18 12km,19801201-20101130,annual,Edinburgh South,7.026608230870427
575,576,S14000025,UKCP18 12km,19801201-20101130,annual,Edinburgh South West,6.828557391341454
576,577,S14000026,UKCP18 12km,19801201-20101130,annual,Edinburgh West,6.822958966556928
577,578,S14000027,UKCP18 12km,19801201-20101130,annual,Na h-Eileanan an Iar,5.543055395888599
578,579,S14000028,UKCP18 12km,19801201-20101130,annual,Falkirk,5.931321542272846
579,580,S14000029,UKCP18 12km,19801201-20101130,annual,Glasgow Central,5.516383581588052
580,581,S14000030,UKCP18 12km,19801201-20101130,annual,Glasgow East,5.664203799611552
581,582,S14000031,UKCP18 12km,19801201-20101130,annual,Glasgow North,5.516383581588052
582,583,S14000032,UKCP18 12km,19801201-20101130,annual,Glasgow North East,5.516383581588052
583,584,S14000033,UKCP18 12km,19801201-20101130,annual,Glasgow North West,5.516383581588052
584,585,S14000034,UKCP18 12km,19801201-20101130,annual,Glasgow South,5.516383581588052
585,586,S14000035,UKCP18 12km,19801201-20101130,annual,Glasgow South West,5.516383581588052
586,587,S14000036,UKCP18 12km,19801201-20101130,annual,Glenrothes,6.562319368781993
587,588,S14000037,UKCP18 12km,19801201-20101130,annual,Gordon,6.90609058575552
588,589,S14000038,UKCP18 12km,19801201-20101130,annual,Inverclyde,5.517040125950196
589,590,S14000039,UKCP18 12km,19801201-20101130,annual,"Inverness, Nairn, Badenoch and Strathspey",6.271909453232634
590,591,S14000040,UKCP18 12km,19801201-20101130,annual,Kilmarnock and Loudoun,5.601312820552729
591,592,S14000041,UKCP18 12km,19801201-20101130,annual,Kirkcaldy and Cowdenbeath,6.507041343281941
592,593,S14000042,UKCP18 12km,19801201-20101130,annual,Lanark and Hamilton East,6.088512679615628
593,594,S14000043,UKCP18 12km,19801201-20101130,annual,Linlithgow and East Falkirk,6.354448796257171
594,595,S14000044,UKCP18 12km,19801201-20101130,annual,Livingston,6.565880042840718
595,596,S14000045,UKCP18 12km,19801201-20101130,annual,Midlothian,6.809153756981599
596,597,S14000046,UKCP18 12km,19801201-20101130,annual,Moray,6.901667185934772
597,598,S14000047,UKCP18 12km,19801201-20101130,annual,Motherwell and Wishaw,5.848543937774921
598,599,S14000048,UKCP18 12km,19801201-20101130,annual,North Ayrshire and Arran,5.613460723231052
599,600,S14000049,UKCP18 12km,19801201-20101130,annual,North East Fife,6.673108711358459
600,601,S14000050,UKCP18 12km,19801201-20101130,annual,Ochil and South Perthshire,5.721340092003511
601,602,S14000051,UKCP18 12km,19801201-20101130,annual,Orkney and Shetland,5.604772523785379
602,603,S14000052,UKCP18 12km,19801201-20101130,annual,Paisley and Renfrewshire North,5.449919044336913
603,604,S14000053,UKCP18 12km,19801201-20101130,annual,Paisley and Renfrewshire South,5.517040125950196
604,605,S14000054,UKCP18 12km,19801201-20101130,annual,Perth and North Perthshire,5.823026322693976
605,606,S14000055,UKCP18 12km,19801201-20101130,annual,"Ross, Skye and Lochaber",5.851196297821895
606,607,S14000056,UKCP18 12km,19801201-20101130,annual,Rutherglen and Hamilton West,5.703731966359974
607,608,S14000057,UKCP18 12km,19801201-20101130,annual,Stirling,5.372291570402982
608,609,S14000058,UKCP18 12km,19801201-20101130,annual,West Aberdeenshire and Kincardine,6.693839954247449
609,610,S14000059,UKCP18 12km,19801201-20101130,annual,West Dunbartonshire,5.3793725447252685
610,611,W07000041,UKCP18 12km,19801201-20101130,annual,Ynys Mon,6.2737656009722444
611,612,W07000042,UKCP18 12km,19801201-20101130,annual,Delyn,6.703814673397476
612,613,W07000043,UKCP18 12km,19801201-20101130,annual,Alyn and Deeside,6.729843058872359
613,614,W07000044,UKCP18 12km,19801201-20101130,annual,Wrexham,6.860338160443489
614,615,W07000045,UKCP18 12km,19801201-20101130,annual,Llanelli,6.091067253578685
615,616,W07000046,UKCP18 12km,19801201-20101130,annual,Gower,6.159607656461482
616,617,W07000047,UKCP18 12km,19801201-20101130,annual,Swansea West,6.159607656461482
617,618,W07000048,UKCP18 12km,19801201-20101130,annual,Swansea East,6.315623512291783
618,619,W07000049,UKCP18 12km,19801201-20101130,annual,Aberavon,6.356424287622876
619,620,W07000050,UKCP18 12km,19801201-20101130,annual,Cardiff Central,5.981990269067938
620,621,W07000051,UKCP18 12km,19801201-20101130,annual,Cardiff North,5.821850576186151
621,622,W07000052,UKCP18 12km,19801201-20101130,annual,Rhondda,6.115416217768362
622,623,W07000053,UKCP18 12km,19801201-20101130,annual,Torfaen,5.946746580637697
623,624,W07000054,UKCP18 12km,19801201-20101130,annual,Monmouth,6.151541357016443
624,625,W07000055,UKCP18 12km,19801201-20101130,annual,Newport East,5.863783346495154
625,626,W07000056,UKCP18 12km,19801201-20101130,annual,Newport West,5.863783346495154
626,627,W07000057,UKCP18 12km,19801201-20101130,annual,Arfon,6.2465210753501035
627,628,W07000058,UKCP18 12km,19801201-20101130,annual,Aberconwy,6.234458145893774
628,629,W07000059,UKCP18 12km,19801201-20101130,annual,Clwyd West,6.371030457362194
629,630,W07000060,UKCP18 12km,19801201-20101130,annual,Vale of Clwyd,6.6652945652521325
630,631,W07000061,UKCP18 12km,19801201-20101130,annual,Dwyfor Meirionnydd,6.253075880505029
631,632,W07000062,UKCP18 12km,19801201-20101130,annual,Clwyd South,6.423236113935301
632,633,W07000063,UKCP18 12km,19801201-20101130,annual,Montgomeryshire,6.015204581710858
633,634,W07000064,UKCP18 12km,19801201-20101130,annual,Ceredigion,5.870747468382148
634,635,W07000065,UKCP18 12km,19801201-20101130,annual,Preseli Pembrokeshire,6.043558882714589
635,636,W07000066,UKCP18 12km,19801201-20101130,annual,Carmarthen West and South Pembrokeshire,6.060927179010419
636,637,W07000067,UKCP18 12km,19801201-20101130,annual,Carmarthen East and Dinefwr,5.894996405173271
637,638,W07000068,UKCP18 12km,19801201-20101130,annual,Brecon and Radnorshire,5.9036706282022235
638,639,W07000069,UKCP18 12km,19801201-20101130,annual,Neath,6.2742923778600135
639,640,W07000070,UKCP18 12km,19801201-20101130,annual,Cynon Valley,5.954051484481223
640,641,W07000071,UKCP18 12km,19801201-20101130,annual,Merthyr Tydfil and Rhymney,6.076241857376083
641,642,W07000072,UKCP18 12km,19801201-20101130,annual,Blaenau Gwent,6.071886568125739
642,643,W07000073,UKCP18 12km,19801201-20101130,annual,Bridgend,6.356424287622876
643,644,W07000074,UKCP18 12km,19801201-20101130,annual,Ogmore,6.022237989146341
644,645,W07000075,UKCP18 12km,19801201-20101130,annual,Pontypridd,5.781634625938235
645,646,W07000076,UKCP18 12km,19801201-20101130,annual,Caerphilly,5.821850576186151
646,647,W07000077,UKCP18 12km,19801201-20101130,annual,Islwyn,5.9995117234203255
647,648,W07000078,UKCP18 12km,19801201-20101130,annual,Vale of Glamorgan,6.033650935090629
648,649,W07000079,UKCP18 12km,19801201-20101130,annual,Cardiff West,5.981990269067938
649,650,W07000080,UKCP18 12km,19801201-20101130,annual,Cardiff South and Penarth,5.981990269067938
