,region,constituency,ensemble,period,season,name,summer_rain_baseline
0,1,E14000530,UKCP18 12km,19801201-20101130,JJA,Aldershot,1.6207497614370057
1,2,E14000531,UKCP18 12km,19801201-20101130,JJA,Aldridge-Brownhills,2.1623294297879796
2,3,E14000532,UKCP18 12km,19801201-20101130,JJA,Altrincham and Sale West,3.4298698760816517
3,4,E14000533,UKCP18 12km,19801201-20101130,JJA,Amber Valley,2.0643017309527556
4,5,E14000534,UKCP18 12km,19801201-20101130,JJA,Arundel and South Downs,1.7082741634332965
5,6,E14000535,UKCP18 12km,19801201-20101130,JJA,Ashfield,2.033888625422113
6,7,E14000536,UKCP18 12km,19801201-20101130,JJA,Ashford,1.6093121456768038
7,8,E14000537,UKCP18 12km,19801201-20101130,JJA,Ashton-under-Lyne,3.552010822123531
8,9,E14000538,UKCP18 12km,19801201-20101130,JJA,Aylesbury,1.7627522102883537
9,10,E14000539,UKCP18 12km,19801201-20101130,JJA,Banbury,1.794606917073839
10,11,E14000540,UKCP18 12km,19801201-20101130,JJA,Barking,1.8232310124385915
11,12,E14000541,UKCP18 12km,19801201-20101130,JJA,Barnsley Central,2.0160950827780626
12,13,E14000542,UKCP18 12km,19801201-20101130,JJA,Barnsley East,2.08244867485419
13,14,E14000543,UKCP18 12km,19801201-20101130,JJA,Barrow and Furness,4.430817214865665
14,15,E14000544,UKCP18 12km,19801201-20101130,JJA,Basildon and Billericay,1.5624565409547533
15,16,E14000545,UKCP18 12km,19801201-20101130,JJA,Basingstoke,1.6715855158930017
16,17,E14000546,UKCP18 12km,19801201-20101130,JJA,Bassetlaw,1.9066856351940824
17,18,E14000547,UKCP18 12km,19801201-20101130,JJA,Bath,1.952499483223977
18,19,E14000548,UKCP18 12km,19801201-20101130,JJA,Batley and Spen,2.17353615092645
19,20,E14000549,UKCP18 12km,19801201-20101130,JJA,Battersea,1.8745172521005455
20,21,E14000550,UKCP18 12km,19801201-20101130,JJA,Beaconsfield,1.7413094355422474
21,22,E14000551,UKCP18 12km,19801201-20101130,JJA,Beckenham,1.6621469948795802
22,23,E14000552,UKCP18 12km,19801201-20101130,JJA,Bedford,1.7079643069079307
23,24,E14000553,UKCP18 12km,19801201-20101130,JJA,Bermondsey and Old Southwark,1.8234632714696934
24,25,E14000554,UKCP18 12km,19801201-20101130,JJA,Berwick-upon-Tweed,2.574326474148898
25,26,E14000555,UKCP18 12km,19801201-20101130,JJA,Bethnal Green and Bow,1.952776503628976
26,27,E14000556,UKCP18 12km,19801201-20101130,JJA,Beverley and Holderness,2.0739596989920845
27,28,E14000557,UKCP18 12km,19801201-20101130,JJA,Bexhill and Battle,1.593642759476557
28,29,E14000558,UKCP18 12km,19801201-20101130,JJA,Bexleyheath and Crayford,1.6565945014151289
29,30,E14000559,UKCP18 12km,19801201-20101130,JJA,Birkenhead,2.69132342750564
30,31,E14000560,UKCP18 12km,19801201-20101130,JJA,"Birmingham, Edgbaston",2.1025309068648252
31,32,E14000561,UKCP18 12km,19801201-20101130,JJA,"Birmingham, Erdington",2.03598310109715
32,33,E14000562,UKCP18 12km,19801201-20101130,JJA,"Birmingham, Hall Green",1.9918259449050613
33,34,E14000563,UKCP18 12km,19801201-20101130,JJA,"Birmingham, Hodge Hill",1.9918259449050613
34,35,E14000564,UKCP18 12km,19801201-20101130,JJA,"Birmingham, Ladywood",2.1025309068648252
35,36,E14000565,UKCP18 12km,19801201-20101130,JJA,"Birmingham, Northfield",2.1025309068648252
36,37,E14000566,UKCP18 12km,19801201-20101130,JJA,"Birmingham, Perry Barr",2.2525553235461633
37,38,E14000567,UKCP18 12km,19801201-20101130,JJA,"Birmingham, Selly Oak",2.1025309068648252
38,39,E14000568,UKCP18 12km,19801201-20101130,JJA,"Birmingham, Yardley",1.9918259449050613
39,40,E14000569,UKCP18 12km,19801201-20101130,JJA,Bishop Auckland,2.650017764830378
40,41,E14000570,UKCP18 12km,19801201-20101130,JJA,Blackburn,3.626296869507262
41,42,E14000571,UKCP18 12km,19801201-20101130,JJA,Blackley and Broughton,3.552010822123531
42,43,E14000572,UKCP18 12km,19801201-20101130,JJA,Blackpool North and Cleveleys,3.3348670756780314
43,44,E14000573,UKCP18 12km,19801201-20101130,JJA,Blackpool South,3.3348670756780314
44,45,E14000574,UKCP18 12km,19801201-20101130,JJA,Blaydon,2.3463881928958723
45,46,E14000575,UKCP18 12km,19801201-20101130,JJA,Blyth Valley,2.481334940449958
46,47,E14000576,UKCP18 12km,19801201-20101130,JJA,Bognor Regis and Littlehampton,1.7762442449934526
47,48,E14000577,UKCP18 12km,19801201-20101130,JJA,Bolsover,1.9594095267262808
48,49,E14000578,UKCP18 12km,19801201-20101130,JJA,Bolton North East,3.553601750939128
49,50,E14000579,UKCP18 12km,19801201-20101130,JJA,Bolton South East,3.6509419673590977
50,51,E14000580,UKCP18 12km,19801201-20101130,JJA,Bolton West,3.469326870647972
51,52,E14000581,UKCP18 12km,19801201-20101130,JJA,Bootle,2.883143032456394
52,53,E14000582,UKCP18 12km,19801201-20101130,JJA,Boston and Skegness,1.8938499022663557
53,54,E14000583,UKCP18 12km,19801201-20101130,JJA,Bosworth,1.941161770692466
54,55,E14000584,UKCP18 12km,19801201-20101130,JJA,Bournemouth East,1.74269436420167
55,56,E14000585,UKCP18 12km,19801201-20101130,JJA,Bournemouth West,1.7346360712772941
56,57,E14000586,UKCP18 12km,19801201-20101130,JJA,Bracknell,1.6341974962626098
57,58,E14000587,UKCP18 12km,19801201-20101130,JJA,Bradford East,2.48752413062453
58,59,E14000588,UKCP18 12km,19801201-20101130,JJA,Bradford South,2.4258714875363134
59,60,E14000589,UKCP18 12km,19801201-20101130,JJA,Bradford West,2.48752413062453
60,61,E14000590,UKCP18 12km,19801201-20101130,JJA,Braintree,1.6294965417275868
61,62,E14000591,UKCP18 12km,19801201-20101130,JJA,Brent Central,1.9562169758428543
62,63,E14000592,UKCP18 12km,19801201-20101130,JJA,Brent North,1.9562169758428543
63,64,E14000593,UKCP18 12km,19801201-20101130,JJA,Brentford and Isleworth,1.8745172521005455
64,65,E14000594,UKCP18 12km,19801201-20101130,JJA,Brentwood and Ongar,1.5796409071918887
65,66,E14000595,UKCP18 12km,19801201-20101130,JJA,Bridgwater and West Somerset,1.968847521993843
66,67,E14000596,UKCP18 12km,19801201-20101130,JJA,Brigg and Goole,1.9904604235722037
67,68,E14000597,UKCP18 12km,19801201-20101130,JJA,"Brighton, Kemptown",1.7429450879564043
68,69,E14000598,UKCP18 12km,19801201-20101130,JJA,"Brighton, Pavilion",1.742716339895593
69,70,E14000599,UKCP18 12km,19801201-20101130,JJA,Bristol East,2.0467712820684434
70,71,E14000600,UKCP18 12km,19801201-20101130,JJA,Bristol North West,2.0784853625916297
71,72,E14000601,UKCP18 12km,19801201-20101130,JJA,Bristol South,2.0784853625916297
72,73,E14000602,UKCP18 12km,19801201-20101130,JJA,Bristol West,2.0784853625916297
73,74,E14000603,UKCP18 12km,19801201-20101130,JJA,Broadland,1.8751201604339844
74,75,E14000604,UKCP18 12km,19801201-20101130,JJA,Bromley and Chislehurst,1.6565945014151289
75,76,E14000605,UKCP18 12km,19801201-20101130,JJA,Bromsgrove,1.9422041310460756
76,77,E14000606,UKCP18 12km,19801201-20101130,JJA,Broxbourne,1.665929623121512
77,78,E14000607,UKCP18 12km,19801201-20101130,JJA,Broxtowe,2.032190574205688
78,79,E14000608,UKCP18 12km,19801201-20101130,JJA,Buckingham,1.7658821728085212
79,80,E14000609,UKCP18 12km,19801201-20101130,JJA,Burnley,3.0423633898009714
80,81,E14000610,UKCP18 12km,19801201-20101130,JJA,Burton,2.122695031350321
81,82,E14000611,UKCP18 12km,19801201-20101130,JJA,Bury North,3.553601750939128
82,83,E14000612,UKCP18 12km,19801201-20101130,JJA,Bury South,3.6509419673590977
83,84,E14000613,UKCP18 12km,19801201-20101130,JJA,Bury St Edmunds,1.6860525047288004
84,85,E14000614,UKCP18 12km,19801201-20101130,JJA,Calder Valley,2.722995478228494
85,86,E14000615,UKCP18 12km,19801201-20101130,JJA,Camberwell and Peckham,1.8234632714696934
86,87,E14000616,UKCP18 12km,19801201-20101130,JJA,Camborne and Redruth,2.056147650780799
87,88,E14000617,UKCP18 12km,19801201-20101130,JJA,Cambridge,1.7668633676665564
88,89,E14000618,UKCP18 12km,19801201-20101130,JJA,Cannock Chase,2.120598811399627
89,90,E14000619,UKCP18 12km,19801201-20101130,JJA,Canterbury,1.5810064487029765
90,91,E14000620,UKCP18 12km,19801201-20101130,JJA,Carlisle,3.1203296018320184
91,92,E14000621,UKCP18 12km,19801201-20101130,JJA,Carshalton and Wallington,1.6621469948795802
92,93,E14000622,UKCP18 12km,19801201-20101130,JJA,Castle Point,1.5716989990711026
93,94,E14000623,UKCP18 12km,19801201-20101130,JJA,Central Devon,2.0132534543805947
94,95,E14000624,UKCP18 12km,19801201-20101130,JJA,Central Suffolk and North Ipswich,1.676986541730321
95,96,E14000625,UKCP18 12km,19801201-20101130,JJA,Charnwood,1.918277543145796
96,97,E14000626,UKCP18 12km,19801201-20101130,JJA,Chatham and Aylesford,1.5432021052585185
97,98,E14000627,UKCP18 12km,19801201-20101130,JJA,Cheadle,3.3652227647965844
98,99,E14000628,UKCP18 12km,19801201-20101130,JJA,Chelmsford,1.5766821312672112
99,100,E14000629,UKCP18 12km,19801201-20101130,JJA,Chelsea and Fulham,1.8745172521005455
100,101,E14000630,UKCP18 12km,19801201-20101130,JJA,Cheltenham,1.8670552958673114
101,102,E14000631,UKCP18 12km,19801201-20101130,JJA,Chesham and Amersham,1.7577475978149826
102,103,E14000632,UKCP18 12km,19801201-20101130,JJA,Chesterfield,2.07639925435802
103,104,E14000633,UKCP18 12km,19801201-20101130,JJA,Chichester,1.7453318640182538
104,105,E14000634,UKCP18 12km,19801201-20101130,JJA,Chingford and Woodford Green,1.8910771265284982
105,106,E14000635,UKCP18 12km,19801201-20101130,JJA,Chippenham,1.9214172261586369
106,107,E14000636,UKCP18 12km,19801201-20101130,JJA,Chipping Barnet,1.8909746257262932
107,108,E14000637,UKCP18 12km,19801201-20101130,JJA,Chorley,3.2521084032728447
108,109,E14000638,UKCP18 12km,19801201-20101130,JJA,Christchurch,1.74269436420167
109,110,E14000639,UKCP18 12km,19801201-20101130,JJA,Cities of London and Westminster,1.952776503628976
110,111,E14000640,UKCP18 12km,19801201-20101130,JJA,City of Chester,2.2860409710701357
111,112,E14000641,UKCP18 12km,19801201-20101130,JJA,City of Durham,2.230078090625042
112,113,E14000642,UKCP18 12km,19801201-20101130,JJA,Clacton,1.6252170227003206
113,114,E14000643,UKCP18 12km,19801201-20101130,JJA,Cleethorpes,2.0477063080997797
114,115,E14000644,UKCP18 12km,19801201-20101130,JJA,Colchester,1.6080600241464713
115,116,E14000645,UKCP18 12km,19801201-20101130,JJA,Colne Valley,2.8325231330497016
116,117,E14000646,UKCP18 12km,19801201-20101130,JJA,Congleton,2.7475772740068094
117,118,E14000647,UKCP18 12km,19801201-20101130,JJA,Copeland,4.978205464004787
118,119,E14000648,UKCP18 12km,19801201-20101130,JJA,Corby,1.7487320721787718
119,120,E14000649,UKCP18 12km,19801201-20101130,JJA,Coventry North East,1.9683828592104604
120,121,E14000650,UKCP18 12km,19801201-20101130,JJA,Coventry North West,1.956104416798949
121,122,E14000651,UKCP18 12km,19801201-20101130,JJA,Coventry South,1.9683828592104604
122,123,E14000652,UKCP18 12km,19801201-20101130,JJA,Crawley,1.6543576399034972
123,124,E14000653,UKCP18 12km,19801201-20101130,JJA,Crewe and Nantwich,2.4910666385797224
124,125,E14000654,UKCP18 12km,19801201-20101130,JJA,Croydon Central,1.6621469948795802
125,126,E14000655,UKCP18 12km,19801201-20101130,JJA,Croydon North,1.8234632714696934
126,127,E14000656,UKCP18 12km,19801201-20101130,JJA,Croydon South,1.6621469948795802
127,128,E14000657,UKCP18 12km,19801201-20101130,JJA,Dagenham and Rainham,1.8232310124385915
128,129,E14000658,UKCP18 12km,19801201-20101130,JJA,Darlington,2.080065389639748
129,130,E14000659,UKCP18 12km,19801201-20101130,JJA,Dartford,1.550804717836664
130,131,E14000660,UKCP18 12km,19801201-20101130,JJA,Daventry,1.7963678001119774
131,132,E14000661,UKCP18 12km,19801201-20101130,JJA,Denton and Reddish,3.3652227647965844
132,133,E14000662,UKCP18 12km,19801201-20101130,JJA,Derby North,2.0668327963333075
133,134,E14000663,UKCP18 12km,19801201-20101130,JJA,Derby South,1.996848124602823
134,135,E14000664,UKCP18 12km,19801201-20101130,JJA,Derbyshire Dales,2.369983806586382
135,136,E14000665,UKCP18 12km,19801201-20101130,JJA,Devizes,1.7917254387588497
136,137,E14000666,UKCP18 12km,19801201-20101130,JJA,Dewsbury,2.1696523856729466
137,138,E14000667,UKCP18 12km,19801201-20101130,JJA,Don Valley,1.903792556168912
138,139,E14000668,UKCP18 12km,19801201-20101130,JJA,Doncaster Central,1.903792556168912
139,140,E14000669,UKCP18 12km,19801201-20101130,JJA,Doncaster North,1.9424266284820852
140,141,E14000670,UKCP18 12km,19801201-20101130,JJA,Dover,1.6193235769895706
141,142,E14000671,UKCP18 12km,19801201-20101130,JJA,Dudley North,2.2846481674940207
142,143,E14000672,UKCP18 12km,19801201-20101130,JJA,Dudley South,2.2846481674940207
143,144,E14000673,UKCP18 12km,19801201-20101130,JJA,Dulwich and West Norwood,1.8234632714696934
144,145,E14000674,UKCP18 12km,19801201-20101130,JJA,Ealing Central and Acton,1.9562169758428543
145,146,E14000675,UKCP18 12km,19801201-20101130,JJA,Ealing North,1.9491308374919676
146,147,E14000676,UKCP18 12km,19801201-20101130,JJA,"Ealing, Southall",1.8453125742977539
147,148,E14000677,UKCP18 12km,19801201-20101130,JJA,Easington,2.263886075571703
148,149,E14000678,UKCP18 12km,19801201-20101130,JJA,East Devon,1.7514485239505584
149,150,E14000679,UKCP18 12km,19801201-20101130,JJA,East Ham,1.8232310124385915
150,151,E14000680,UKCP18 12km,19801201-20101130,JJA,East Hampshire,1.7126656816060422
151,152,E14000681,UKCP18 12km,19801201-20101130,JJA,East Surrey,1.6078131084481262
152,153,E14000682,UKCP18 12km,19801201-20101130,JJA,East Worthing and Shoreham,1.7229621871496257
153,154,E14000683,UKCP18 12km,19801201-20101130,JJA,East Yorkshire,2.0745322947489697
154,155,E14000684,UKCP18 12km,19801201-20101130,JJA,Eastbourne,1.6090622533869332
155,156,E14000685,UKCP18 12km,19801201-20101130,JJA,Eastleigh,1.8814503467140504
156,157,E14000686,UKCP18 12km,19801201-20101130,JJA,Eddisbury,2.2882130356916925
157,158,E14000687,UKCP18 12km,19801201-20101130,JJA,Edmonton,1.8910771265284982
158,159,E14000688,UKCP18 12km,19801201-20101130,JJA,Ellesmere Port and Neston,2.50180171485279
159,160,E14000689,UKCP18 12km,19801201-20101130,JJA,Elmet and Rothwell,2.00563854654838
160,161,E14000690,UKCP18 12km,19801201-20101130,JJA,Eltham,1.6565945014151289
161,162,E14000691,UKCP18 12km,19801201-20101130,JJA,Enfield North,1.8910771265284982
162,163,E14000692,UKCP18 12km,19801201-20101130,JJA,"Enfield, Southgate",1.8910771265284982
163,164,E14000693,UKCP18 12km,19801201-20101130,JJA,Epping Forest,1.7223637298871106
164,165,E14000694,UKCP18 12km,19801201-20101130,JJA,Epsom and Ewell,1.7287247681350186
165,166,E14000695,UKCP18 12km,19801201-20101130,JJA,Erewash,2.032190574205688
166,167,E14000696,UKCP18 12km,19801201-20101130,JJA,Erith and Thamesmead,1.6565945014151289
167,168,E14000697,UKCP18 12km,19801201-20101130,JJA,Esher and Walton,1.6811775863791496
168,169,E14000698,UKCP18 12km,19801201-20101130,JJA,Exeter,1.7218621243400893
169,170,E14000699,UKCP18 12km,19801201-20101130,JJA,Fareham,1.8814503467140504
170,171,E14000700,UKCP18 12km,19801201-20101130,JJA,Faversham and Mid Kent,1.563897581589866
171,172,E14000701,UKCP18 12km,19801201-20101130,JJA,Feltham and Heston,1.8453125742977539
172,173,E14000702,UKCP18 12km,19801201-20101130,JJA,Filton and Bradley Stoke,2.0982556141093296
173,174,E14000703,UKCP18 12km,19801201-20101130,JJA,Finchley and Golders Green,1.9562169758428543
174,175,E14000704,UKCP18 12km,19801201-20101130,JJA,Folkestone and Hythe,1.6328108370957306
175,176,E14000705,UKCP18 12km,19801201-20101130,JJA,Forest of Dean,1.856950756743402
176,177,E14000706,UKCP18 12km,19801201-20101130,JJA,Fylde,3.3348670756780314
177,178,E14000707,UKCP18 12km,19801201-20101130,JJA,Gainsborough,1.972128805004747
178,179,E14000708,UKCP18 12km,19801201-20101130,JJA,Garston and Halewood,2.7714824793341535
179,180,E14000709,UKCP18 12km,19801201-20101130,JJA,Gateshead,2.368528938923919
180,181,E14000710,UKCP18 12km,19801201-20101130,JJA,Gedling,1.9691972413464367
181,182,E14000711,UKCP18 12km,19801201-20101130,JJA,Gillingham and Rainham,1.5454211653496108
182,183,E14000712,UKCP18 12km,19801201-20101130,JJA,Gloucester,1.848767218378489
183,184,E14000713,UKCP18 12km,19801201-20101130,JJA,Gosport,1.9228954089644426
184,185,E14000714,UKCP18 12km,19801201-20101130,JJA,Grantham and Stamford,1.8258574098297289
185,186,E14000715,UKCP18 12km,19801201-20101130,JJA,Gravesham,1.5457567548432503
186,187,E14000716,UKCP18 12km,19801201-20101130,JJA,Great Grimsby,2.110566001495498
187,188,E14000717,UKCP18 12km,19801201-20101130,JJA,Great Yarmouth,1.8759603408176986
188,189,E14000718,UKCP18 12km,19801201-20101130,JJA,Greenwich and Woolwich,1.6565945014151289
189,190,E14000719,UKCP18 12km,19801201-20101130,JJA,Guildford,1.6168210406639498
190,191,E14000720,UKCP18 12km,19801201-20101130,JJA,Hackney North and Stoke Newington,1.952776503628976
191,192,E14000721,UKCP18 12km,19801201-20101130,JJA,Hackney South and Shoreditch,1.952776503628976
192,193,E14000722,UKCP18 12km,19801201-20101130,JJA,Halesowen and Rowley Regis,2.1025309068648252
193,194,E14000723,UKCP18 12km,19801201-20101130,JJA,Halifax,2.4258714875363134
194,195,E14000724,UKCP18 12km,19801201-20101130,JJA,Haltemprice and Howden,2.014764753897437
195,196,E14000725,UKCP18 12km,19801201-20101130,JJA,Halton,2.689392550228542
196,197,E14000726,UKCP18 12km,19801201-20101130,JJA,Hammersmith,1.8745172521005455
197,198,E14000727,UKCP18 12km,19801201-20101130,JJA,Hampstead and Kilburn,1.9562169758428543
198,199,E14000728,UKCP18 12km,19801201-20101130,JJA,Harborough,1.8046852501348478
199,200,E14000729,UKCP18 12km,19801201-20101130,JJA,Harlow,1.6329162679144194
200,201,E14000730,UKCP18 12km,19801201-20101130,JJA,Harrogate and Knaresborough,2.0378053978405393
201,202,E14000731,UKCP18 12km,19801201-20101130,JJA,Harrow East,1.9562169758428543
202,203,E14000732,UKCP18 12km,19801201-20101130,JJA,Harrow West,1.9491308374919676
203,204,E14000733,UKCP18 12km,19801201-20101130,JJA,Hartlepool,2.309324895025973
204,205,E14000734,UKCP18 12km,19801201-20101130,JJA,Harwich and North Essex,1.6089874398996142
205,206,E14000735,UKCP18 12km,19801201-20101130,JJA,Hastings and Rye,1.5686003437835625
206,207,E14000736,UKCP18 12km,19801201-20101130,JJA,Havant,1.8489759198289388
207,208,E14000737,UKCP18 12km,19801201-20101130,JJA,Hayes and Harlington,1.8453125742977539
208,209,E14000738,UKCP18 12km,19801201-20101130,JJA,Hazel Grove,3.3652227647965844
209,210,E14000739,UKCP18 12km,19801201-20101130,JJA,Hemel Hempstead,1.7521349980729326
210,211,E14000740,UKCP18 12km,19801201-20101130,JJA,Hemsworth,1.9785552404101852
211,212,E14000741,UKCP18 12km,19801201-20101130,JJA,Hendon,1.9562169758428543
212,213,E14000742,UKCP18 12km,19801201-20101130,JJA,Henley,1.759537172581784
213,214,E14000743,UKCP18 12km,19801201-20101130,JJA,Hereford and South Herefordshire,1.7957442879621113
214,215,E14000744,UKCP18 12km,19801201-20101130,JJA,Hertford and Stortford,1.665929623121512
215,216,E14000745,UKCP18 12km,19801201-20101130,JJA,Hertsmere,1.8909746257262932
216,217,E14000746,UKCP18 12km,19801201-20101130,JJA,Hexham,2.7505061631469445
217,218,E14000747,UKCP18 12km,19801201-20101130,JJA,Heywood and Middleton,3.312414168555079
218,219,E14000748,UKCP18 12km,19801201-20101130,JJA,High Peak,2.926780238781306
219,220,E14000749,UKCP18 12km,19801201-20101130,JJA,Hitchin and Harpenden,1.7521349980729326
220,221,E14000750,UKCP18 12km,19801201-20101130,JJA,Holborn and St Pancras,1.952776503628976
221,222,E14000751,UKCP18 12km,19801201-20101130,JJA,Hornchurch and Upminster,1.6122847277524144
222,223,E14000752,UKCP18 12km,19801201-20101130,JJA,Hornsey and Wood Green,1.952776503628976
223,224,E14000753,UKCP18 12km,19801201-20101130,JJA,Horsham,1.664433875627474
224,225,E14000754,UKCP18 12km,19801201-20101130,JJA,Houghton and Sunderland South,2.263886075571703
225,226,E14000755,UKCP18 12km,19801201-20101130,JJA,Hove,1.7429450879564043
226,227,E14000756,UKCP18 12km,19801201-20101130,JJA,Huddersfield,2.4688371484428724
227,228,E14000757,UKCP18 12km,19801201-20101130,JJA,Huntingdon,1.7372612791851463
228,229,E14000758,UKCP18 12km,19801201-20101130,JJA,Hyndburn,3.416665704499836
229,230,E14000759,UKCP18 12km,19801201-20101130,JJA,Ilford North,1.8232310124385915
230,231,E14000760,UKCP18 12km,19801201-20101130,JJA,Ilford South,1.8232310124385915
231,232,E14000761,UKCP18 12km,19801201-20101130,JJA,Ipswich,1.6516789729745878
232,233,E14000762,UKCP18 12km,19801201-20101130,JJA,Isle of Wight,1.4513983130455017
233,234,E14000763,UKCP18 12km,19801201-20101130,JJA,Islington North,1.952776503628976
234,235,E14000764,UKCP18 12km,19801201-20101130,JJA,Islington South and Finsbury,1.952776503628976
235,236,E14000765,UKCP18 12km,19801201-20101130,JJA,Jarrow,2.4169837227992983
236,237,E14000766,UKCP18 12km,19801201-20101130,JJA,Keighley,2.589148395024076
237,238,E14000767,UKCP18 12km,19801201-20101130,JJA,Kenilworth and Southam,1.8504039592904278
238,239,E14000768,UKCP18 12km,19801201-20101130,JJA,Kensington,1.9562169758428543
239,240,E14000769,UKCP18 12km,19801201-20101130,JJA,Kettering,1.784707956736888
240,241,E14000770,UKCP18 12km,19801201-20101130,JJA,Kingston and Surbiton,1.7287247681350186
241,242,E14000771,UKCP18 12km,19801201-20101130,JJA,Kingston upon Hull East,2.042056118459365
242,243,E14000772,UKCP18 12km,19801201-20101130,JJA,Kingston upon Hull North,2.095784124801544
243,244,E14000773,UKCP18 12km,19801201-20101130,JJA,Kingston upon Hull West and Hessle,2.042056118459365
244,245,E14000774,UKCP18 12km,19801201-20101130,JJA,Kingswood,2.0467712820684434
245,246,E14000775,UKCP18 12km,19801201-20101130,JJA,Knowsley,2.7714824793341535
246,247,E14000776,UKCP18 12km,19801201-20101130,JJA,Lancaster and Fleetwood,3.907344428546003
247,248,E14000777,UKCP18 12km,19801201-20101130,JJA,Leeds Central,2.17353615092645
248,249,E14000778,UKCP18 12km,19801201-20101130,JJA,Leeds East,2.0076896697620104
249,250,E14000779,UKCP18 12km,19801201-20101130,JJA,Leeds North East,2.2486039627261016
250,251,E14000780,UKCP18 12km,19801201-20101130,JJA,Leeds North West,2.2486039627261016
251,252,E14000781,UKCP18 12km,19801201-20101130,JJA,Leeds West,2.2486039627261016
252,253,E14000782,UKCP18 12km,19801201-20101130,JJA,Leicester East,1.8791904319482111
253,254,E14000783,UKCP18 12km,19801201-20101130,JJA,Leicester South,1.8791904319482111
254,255,E14000784,UKCP18 12km,19801201-20101130,JJA,Leicester West,1.8791904319482111
255,256,E14000785,UKCP18 12km,19801201-20101130,JJA,Leigh,3.205913293149587
256,257,E14000786,UKCP18 12km,19801201-20101130,JJA,Lewes,1.727903030464455
257,258,E14000787,UKCP18 12km,19801201-20101130,JJA,Lewisham East,1.8234632714696934
258,259,E14000788,UKCP18 12km,19801201-20101130,JJA,Lewisham West and Penge,1.8234632714696934
259,260,E14000789,UKCP18 12km,19801201-20101130,JJA,"Lewisham, Deptford",1.8234632714696934
260,261,E14000790,UKCP18 12km,19801201-20101130,JJA,Leyton and Wanstead,1.952776503628976
261,262,E14000791,UKCP18 12km,19801201-20101130,JJA,Lichfield,2.0066246144658275
262,263,E14000792,UKCP18 12km,19801201-20101130,JJA,Lincoln,1.9384752101050495
263,264,E14000793,UKCP18 12km,19801201-20101130,JJA,"Liverpool, Riverside",2.7714824793341535
264,265,E14000794,UKCP18 12km,19801201-20101130,JJA,"Liverpool, Walton",2.7714824793341535
265,266,E14000795,UKCP18 12km,19801201-20101130,JJA,"Liverpool, Wavertree",2.7714824793341535
266,267,E14000796,UKCP18 12km,19801201-20101130,JJA,"Liverpool, West Derby",2.7714824793341535
267,268,E14000797,UKCP18 12km,19801201-20101130,JJA,Loughborough,1.9522799571983829
268,269,E14000798,UKCP18 12km,19801201-20101130,JJA,Louth and Horncastle,1.9611300417814712
269,270,E14000799,UKCP18 12km,19801201-20101130,JJA,Ludlow,1.9269531244686025
270,271,E14000800,UKCP18 12km,19801201-20101130,JJA,Luton North,1.693760064216052
271,272,E14000801,UKCP18 12km,19801201-20101130,JJA,Luton South,1.693760064216052
272,273,E14000802,UKCP18 12km,19801201-20101130,JJA,Macclesfield,2.956932106920833
273,274,E14000803,UKCP18 12km,19801201-20101130,JJA,Maidenhead,1.6676013231531437
274,275,E14000804,UKCP18 12km,19801201-20101130,JJA,Maidstone and The Weald,1.5635376187407475
275,276,E14000805,UKCP18 12km,19801201-20101130,JJA,Makerfield,2.975776727139047
276,277,E14000806,UKCP18 12km,19801201-20101130,JJA,Maldon,1.5430681515691977
277,278,E14000807,UKCP18 12km,19801201-20101130,JJA,Manchester Central,3.552010822123531
278,279,E14000808,UKCP18 12km,19801201-20101130,JJA,"Manchester, Gorton",3.3652227647965844
279,280,E14000809,UKCP18 12km,19801201-20101130,JJA,"Manchester, Withington",3.4298698760816517
280,281,E14000810,UKCP18 12km,19801201-20101130,JJA,Mansfield,1.9810879806529547
281,282,E14000811,UKCP18 12km,19801201-20101130,JJA,Meon Valley,1.8530368589355595
282,283,E14000812,UKCP18 12km,19801201-20101130,JJA,Meriden,1.956104416798949
283,284,E14000813,UKCP18 12km,19801201-20101130,JJA,Mid Bedfordshire,1.7129123969570055
284,285,E14000814,UKCP18 12km,19801201-20101130,JJA,Mid Derbyshire,2.0668327963333075
285,286,E14000815,UKCP18 12km,19801201-20101130,JJA,Mid Dorset and North Poole,1.7675511011031695
286,287,E14000816,UKCP18 12km,19801201-20101130,JJA,Mid Norfolk,1.7994962016392297
287,288,E14000817,UKCP18 12km,19801201-20101130,JJA,Mid Sussex,1.699614553919866
288,289,E14000818,UKCP18 12km,19801201-20101130,JJA,Mid Worcestershire,1.8621929980648055
289,290,E14000819,UKCP18 12km,19801201-20101130,JJA,Middlesbrough,2.309324895025973
290,291,E14000820,UKCP18 12km,19801201-20101130,JJA,Middlesbrough South and East Cleveland,2.38890968121664
291,292,E14000821,UKCP18 12km,19801201-20101130,JJA,Milton Keynes North,1.7611585606530937
292,293,E14000822,UKCP18 12km,19801201-20101130,JJA,Milton Keynes South,1.7546150510568914
293,294,E14000823,UKCP18 12km,19801201-20101130,JJA,Mitcham and Morden,1.8745172521005455
294,295,E14000824,UKCP18 12km,19801201-20101130,JJA,Mole Valley,1.6336542114200276
295,296,E14000825,UKCP18 12km,19801201-20101130,JJA,Morecambe and Lunesdale,4.040495918000118
296,297,E14000826,UKCP18 12km,19801201-20101130,JJA,Morley and Outwood,2.17353615092645
297,298,E14000827,UKCP18 12km,19801201-20101130,JJA,New Forest East,1.706773909486676
298,299,E14000828,UKCP18 12km,19801201-20101130,JJA,New Forest West,1.7084143083921495
299,300,E14000829,UKCP18 12km,19801201-20101130,JJA,Newark,1.8929042960455091
300,301,E14000830,UKCP18 12km,19801201-20101130,JJA,Newbury,1.7082932873390648
301,302,E14000831,UKCP18 12km,19801201-20101130,JJA,Newcastle upon Tyne Central,2.475132930834464
302,303,E14000832,UKCP18 12km,19801201-20101130,JJA,Newcastle upon Tyne East,2.475132930834464
303,304,E14000833,UKCP18 12km,19801201-20101130,JJA,Newcastle upon Tyne North,2.475132930834464
304,305,E14000834,UKCP18 12km,19801201-20101130,JJA,Newcastle-under-Lyme,2.598945523493161
305,306,E14000835,UKCP18 12km,19801201-20101130,JJA,Newton Abbot,1.8700698950151589
306,307,E14000836,UKCP18 12km,19801201-20101130,JJA,"Normanton, Pontefract and Castleford",1.9343309691265718
307,308,E14000837,UKCP18 12km,19801201-20101130,JJA,North Cornwall,2.492545601416036
308,309,E14000838,UKCP18 12km,19801201-20101130,JJA,North Devon,2.445740294017888
309,310,E14000839,UKCP18 12km,19801201-20101130,JJA,North Dorset,1.7779816383869544
310,311,E14000840,UKCP18 12km,19801201-20101130,JJA,North Durham,2.230078090625042
311,312,E14000841,UKCP18 12km,19801201-20101130,JJA,North East Bedfordshire,1.7146098522872295
312,313,E14000842,UKCP18 12km,19801201-20101130,JJA,North East Cambridgeshire,1.7887812272007644
313,314,E14000843,UKCP18 12km,19801201-20101130,JJA,North East Derbyshire,2.0694215895145556
314,315,E14000844,UKCP18 12km,19801201-20101130,JJA,North East Hampshire,1.6572032682555344
315,316,E14000845,UKCP18 12km,19801201-20101130,JJA,North East Hertfordshire,1.6483573282489994
316,317,E14000846,UKCP18 12km,19801201-20101130,JJA,North East Somerset,1.9966062681082837
317,318,E14000847,UKCP18 12km,19801201-20101130,JJA,North Herefordshire,1.8182418297094196
318,319,E14000848,UKCP18 12km,19801201-20101130,JJA,North Norfolk,1.908724847273123
319,320,E14000849,UKCP18 12km,19801201-20101130,JJA,North Shropshire,2.0781344862233975
320,321,E14000850,UKCP18 12km,19801201-20101130,JJA,North Somerset,2.050648178936204
321,322,E14000851,UKCP18 12km,19801201-20101130,JJA,North Swindon,1.7932425188398857
322,323,E14000852,UKCP18 12km,19801201-20101130,JJA,North Thanet,1.6142899793167904
323,324,E14000853,UKCP18 12km,19801201-20101130,JJA,North Tyneside,2.475132930834464
324,325,E14000854,UKCP18 12km,19801201-20101130,JJA,North Warwickshire,1.9623819553434019
325,326,E14000855,UKCP18 12km,19801201-20101130,JJA,North West Cambridgeshire,1.7605000950887335
326,327,E14000856,UKCP18 12km,19801201-20101130,JJA,North West Durham,2.60187395251114
327,328,E14000857,UKCP18 12km,19801201-20101130,JJA,North West Hampshire,1.7210007795244044
328,329,E14000858,UKCP18 12km,19801201-20101130,JJA,North West Leicestershire,1.948821599358124
329,330,E14000859,UKCP18 12km,19801201-20101130,JJA,North West Norfolk,1.899459327006891
330,331,E14000860,UKCP18 12km,19801201-20101130,JJA,North Wiltshire,1.849086638777
331,332,E14000861,UKCP18 12km,19801201-20101130,JJA,Northampton North,1.7734595071416566
332,333,E14000862,UKCP18 12km,19801201-20101130,JJA,Northampton South,1.7734595071416566
333,334,E14000863,UKCP18 12km,19801201-20101130,JJA,Norwich North,1.8122726546493675
334,335,E14000864,UKCP18 12km,19801201-20101130,JJA,Norwich South,1.8507408571827864
335,336,E14000865,UKCP18 12km,19801201-20101130,JJA,Nottingham East,1.9691972413464367
336,337,E14000866,UKCP18 12km,19801201-20101130,JJA,Nottingham North,2.032190574205688
337,338,E14000867,UKCP18 12km,19801201-20101130,JJA,Nottingham South,2.032190574205688
338,339,E14000868,UKCP18 12km,19801201-20101130,JJA,Nuneaton,1.9549107976179643
339,340,E14000869,UKCP18 12km,19801201-20101130,JJA,Old Bexley and Sidcup,1.6565945014151289
340,341,E14000870,UKCP18 12km,19801201-20101130,JJA,Oldham East and Saddleworth,3.0550353230947564
341,342,E14000871,UKCP18 12km,19801201-20101130,JJA,Oldham West and Royton,3.552010822123531
342,343,E14000872,UKCP18 12km,19801201-20101130,JJA,Orpington,1.5513667956881008
343,344,E14000873,UKCP18 12km,19801201-20101130,JJA,Oxford East,1.8085871810489094
344,345,E14000874,UKCP18 12km,19801201-20101130,JJA,Oxford West and Abingdon,1.7865486138051083
345,346,E14000875,UKCP18 12km,19801201-20101130,JJA,Pendle,2.9340376341880106
346,347,E14000876,UKCP18 12km,19801201-20101130,JJA,Penistone and Stocksbridge,2.46787788638245
347,348,E14000877,UKCP18 12km,19801201-20101130,JJA,Penrith and The Border,3.388613561218072
348,349,E14000878,UKCP18 12km,19801201-20101130,JJA,Peterborough,1.7951822322979465
349,350,E14000879,UKCP18 12km,19801201-20101130,JJA,"Plymouth, Moor View",3.10091864467546
350,351,E14000880,UKCP18 12km,19801201-20101130,JJA,"Plymouth, Sutton and Devonport",2.7935793948238636
351,352,E14000881,UKCP18 12km,19801201-20101130,JJA,Poole,1.7346360712772941
352,353,E14000882,UKCP18 12km,19801201-20101130,JJA,Poplar and Limehouse,1.952776503628976
353,354,E14000883,UKCP18 12km,19801201-20101130,JJA,Portsmouth North,1.9228954089644426
354,355,E14000884,UKCP18 12km,19801201-20101130,JJA,Portsmouth South,1.9228954089644426
355,356,E14000885,UKCP18 12km,19801201-20101130,JJA,Preston,3.5289881125608145
356,357,E14000886,UKCP18 12km,19801201-20101130,JJA,Pudsey,2.2486039627261016
357,358,E14000887,UKCP18 12km,19801201-20101130,JJA,Putney,1.8745172521005455
358,359,E14000888,UKCP18 12km,19801201-20101130,JJA,Rayleigh and Wickford,1.5353977153577851
359,360,E14000889,UKCP18 12km,19801201-20101130,JJA,Reading East,1.6857665995083213
360,361,E14000890,UKCP18 12km,19801201-20101130,JJA,Reading West,1.7042328688328512
361,362,E14000891,UKCP18 12km,19801201-20101130,JJA,Redcar,2.2991156973324043
362,363,E14000892,UKCP18 12km,19801201-20101130,JJA,Redditch,1.883704367972107
363,364,E14000893,UKCP18 12km,19801201-20101130,JJA,Reigate,1.6530434464488082
364,365,E14000894,UKCP18 12km,19801201-20101130,JJA,Ribble Valley,3.5860844290625993
365,366,E14000895,UKCP18 12km,19801201-20101130,JJA,Richmond (Yorks),2.496884841725695
366,367,E14000896,UKCP18 12km,19801201-20101130,JJA,Richmond Park,1.8745172521005455
367,368,E14000897,UKCP18 12km,19801201-20101130,JJA,Rochdale,3.312414168555079
368,369,E14000898,UKCP18 12km,19801201-20101130,JJA,Rochester and Strood,1.544553001796835
369,370,E14000899,UKCP18 12km,19801201-20101130,JJA,Rochford and Southend East,1.5313501983950546
370,371,E14000900,UKCP18 12km,19801201-20101130,JJA,Romford,1.8232310124385915
371,372,E14000901,UKCP18 12km,19801201-20101130,JJA,Romsey and Southampton North,1.8202465273156434
372,373,E14000902,UKCP18 12km,19801201-20101130,JJA,Rossendale and Darwen,3.416665704499836
373,374,E14000903,UKCP18 12km,19801201-20101130,JJA,Rother Valley,1.938079865566557
374,375,E14000904,UKCP18 12km,19801201-20101130,JJA,Rotherham,2.0962688111166705
375,376,E14000905,UKCP18 12km,19801201-20101130,JJA,Rugby,1.8626136374207902
376,377,E14000906,UKCP18 12km,19801201-20101130,JJA,"Ruislip, Northwood and Pinner",1.9491308374919676
377,378,E14000907,UKCP18 12km,19801201-20101130,JJA,Runnymede and Weybridge,1.6265818089228699
378,379,E14000908,UKCP18 12km,19801201-20101130,JJA,Rushcliffe,1.9348466812375094
379,380,E14000909,UKCP18 12km,19801201-20101130,JJA,Rutland and Melton,1.8090974940610929
380,381,E14000910,UKCP18 12km,19801201-20101130,JJA,Saffron Walden,1.6191048440485538
381,382,E14000911,UKCP18 12km,19801201-20101130,JJA,Salford and Eccles,3.6509419673590977
382,383,E14000912,UKCP18 12km,19801201-20101130,JJA,Salisbury,1.760733606183334
383,384,E14000913,UKCP18 12km,19801201-20101130,JJA,Scarborough and Whitby,2.292174667792827
384,385,E14000914,UKCP18 12km,19801201-20101130,JJA,Scunthorpe,1.9792889564082954
385,386,E14000915,UKCP18 12km,19801201-20101130,JJA,Sedgefield,2.1907867742033913
386,387,E14000916,UKCP18 12km,19801201-20101130,JJA,Sefton Central,2.883143032456394
387,388,E14000917,UKCP18 12km,19801201-20101130,JJA,Selby and Ainsty,1.968053655271895
388,389,E14000918,UKCP18 12km,19801201-20101130,JJA,Sevenoaks,1.5594542121388955
389,390,E14000919,UKCP18 12km,19801201-20101130,JJA,Sheffield Central,2.0962688111166705
390,391,E14000920,UKCP18 12km,19801201-20101130,JJA,Sheffield South East,2.0962688111166705
391,392,E14000921,UKCP18 12km,19801201-20101130,JJA,"Sheffield, Brightside and Hillsborough",2.0962688111166705
392,393,E14000922,UKCP18 12km,19801201-20101130,JJA,"Sheffield, Hallam",2.3873144945882996
393,394,E14000923,UKCP18 12km,19801201-20101130,JJA,"Sheffield, Heeley",2.07639925435802
394,395,E14000924,UKCP18 12km,19801201-20101130,JJA,Sherwood,1.8885234257568049
395,396,E14000925,UKCP18 12km,19801201-20101130,JJA,Shipley,2.48752413062453
396,397,E14000926,UKCP18 12km,19801201-20101130,JJA,Shrewsbury and Atcham,1.9595448671177937
397,398,E14000927,UKCP18 12km,19801201-20101130,JJA,Sittingbourne and Sheppey,1.5383105910621824
398,399,E14000928,UKCP18 12km,19801201-20101130,JJA,Skipton and Ripon,2.923656855044646
399,400,E14000929,UKCP18 12km,19801201-20101130,JJA,Sleaford and North Hykeham,1.888307260425052
400,401,E14000930,UKCP18 12km,19801201-20101130,JJA,Slough,1.7360433519050755
401,402,E14000931,UKCP18 12km,19801201-20101130,JJA,Solihull,1.9918259449050613
402,403,E14000932,UKCP18 12km,19801201-20101130,JJA,Somerton and Frome,1.9052756301204663
403,404,E14000933,UKCP18 12km,19801201-20101130,JJA,South Basildon and East Thurrock,1.566799092472057
404,405,E14000934,UKCP18 12km,19801201-20101130,JJA,South Cambridgeshire,1.7365064783704238
405,406,E14000935,UKCP18 12km,19801201-20101130,JJA,South Derbyshire,2.033332911814066
406,407,E14000936,UKCP18 12km,19801201-20101130,JJA,South Dorset,1.7082840966835064
407,408,E14000937,UKCP18 12km,19801201-20101130,JJA,South East Cambridgeshire,1.7200462664272507
408,409,E14000938,UKCP18 12km,19801201-20101130,JJA,South East Cornwall,2.6201525637773497
409,410,E14000939,UKCP18 12km,19801201-20101130,JJA,South Holland and The Deepings,1.8595682858407503
410,411,E14000940,UKCP18 12km,19801201-20101130,JJA,South Leicestershire,1.8729796186735044
411,412,E14000941,UKCP18 12km,19801201-20101130,JJA,South Norfolk,1.7782214736550617
412,413,E14000942,UKCP18 12km,19801201-20101130,JJA,South Northamptonshire,1.7718116135945465
413,414,E14000943,UKCP18 12km,19801201-20101130,JJA,South Ribble,3.354031300741118
414,415,E14000944,UKCP18 12km,19801201-20101130,JJA,South Shields,2.4169837227992983
415,416,E14000945,UKCP18 12km,19801201-20101130,JJA,South Staffordshire,2.257212969112143
416,417,E14000946,UKCP18 12km,19801201-20101130,JJA,South Suffolk,1.629809610373249
417,418,E14000947,UKCP18 12km,19801201-20101130,JJA,South Swindon,1.7932425188398857
418,419,E14000948,UKCP18 12km,19801201-20101130,JJA,South Thanet,1.6142899793167904
419,420,E14000949,UKCP18 12km,19801201-20101130,JJA,South West Bedfordshire,1.7265447702379868
420,421,E14000950,UKCP18 12km,19801201-20101130,JJA,South West Devon,2.707710768369125
421,422,E14000951,UKCP18 12km,19801201-20101130,JJA,South West Hertfordshire,1.7514191549809202
422,423,E14000952,UKCP18 12km,19801201-20101130,JJA,South West Norfolk,1.8320354794618625
423,424,E14000953,UKCP18 12km,19801201-20101130,JJA,South West Surrey,1.6210426376691518
424,425,E14000954,UKCP18 12km,19801201-20101130,JJA,South West Wiltshire,1.8310972463845585
425,426,E14000955,UKCP18 12km,19801201-20101130,JJA,"Southampton, Itchen",1.8814503467140504
426,427,E14000956,UKCP18 12km,19801201-20101130,JJA,"Southampton, Test",1.8100148844313069
427,428,E14000957,UKCP18 12km,19801201-20101130,JJA,Southend West,1.5716989990711026
428,429,E14000958,UKCP18 12km,19801201-20101130,JJA,Southport,2.850563665231069
429,430,E14000959,UKCP18 12km,19801201-20101130,JJA,Spelthorne,1.8453125742977539
430,431,E14000960,UKCP18 12km,19801201-20101130,JJA,St Albans,1.7521349980729326
431,432,E14000961,UKCP18 12km,19801201-20101130,JJA,St Austell and Newquay,2.4069194248950945
432,433,E14000962,UKCP18 12km,19801201-20101130,JJA,St Helens North,2.975776727139047
433,434,E14000963,UKCP18 12km,19801201-20101130,JJA,St Helens South and Whiston,2.689392550228542
434,435,E14000964,UKCP18 12km,19801201-20101130,JJA,St Ives,2.010686647624013
435,436,E14000965,UKCP18 12km,19801201-20101130,JJA,Stafford,2.1395329328245243
436,437,E14000966,UKCP18 12km,19801201-20101130,JJA,Staffordshire Moorlands,2.623417992900993
437,438,E14000967,UKCP18 12km,19801201-20101130,JJA,Stalybridge and Hyde,3.0550353230947564
438,439,E14000968,UKCP18 12km,19801201-20101130,JJA,Stevenage,1.6579512342143508
439,440,E14000969,UKCP18 12km,19801201-20101130,JJA,Stockport,3.3652227647965844
440,441,E14000970,UKCP18 12km,19801201-20101130,JJA,Stockton North,2.309324895025973
441,442,E14000971,UKCP18 12km,19801201-20101130,JJA,Stockton South,2.112981329656145
442,443,E14000972,UKCP18 12km,19801201-20101130,JJA,Stoke-on-Trent Central,2.408878027841095
443,444,E14000973,UKCP18 12km,19801201-20101130,JJA,Stoke-on-Trent North,2.689395341362106
444,445,E14000974,UKCP18 12km,19801201-20101130,JJA,Stoke-on-Trent South,2.408878027841095
445,446,E14000975,UKCP18 12km,19801201-20101130,JJA,Stone,2.2206284729846897
446,447,E14000976,UKCP18 12km,19801201-20101130,JJA,Stourbridge,2.0514359381963945
447,448,E14000977,UKCP18 12km,19801201-20101130,JJA,Stratford-on-Avon,1.8507244827402731
448,449,E14000978,UKCP18 12km,19801201-20101130,JJA,Streatham,1.8234632714696934
449,450,E14000979,UKCP18 12km,19801201-20101130,JJA,Stretford and Urmston,3.4298698760816517
450,451,E14000980,UKCP18 12km,19801201-20101130,JJA,Stroud,1.8867351587325631
451,452,E14000981,UKCP18 12km,19801201-20101130,JJA,Suffolk Coastal,1.7225124269049403
452,453,E14000982,UKCP18 12km,19801201-20101130,JJA,Sunderland Central,2.4169837227992983
453,454,E14000983,UKCP18 12km,19801201-20101130,JJA,Surrey Heath,1.6265818089228699
454,455,E14000984,UKCP18 12km,19801201-20101130,JJA,Sutton and Cheam,1.7287247681350186
455,456,E14000985,UKCP18 12km,19801201-20101130,JJA,Sutton Coldfield,2.03598310109715
456,457,E14000986,UKCP18 12km,19801201-20101130,JJA,Tamworth,1.9860457278523695
457,458,E14000987,UKCP18 12km,19801201-20101130,JJA,Tatton,2.7621322372819908
458,459,E14000988,UKCP18 12km,19801201-20101130,JJA,Taunton Deane,1.8098157844064702
459,460,E14000989,UKCP18 12km,19801201-20101130,JJA,Telford,1.9882462117696738
460,461,E14000990,UKCP18 12km,19801201-20101130,JJA,Tewkesbury,1.8380939310169653
461,462,E14000991,UKCP18 12km,19801201-20101130,JJA,The Cotswolds,1.8215275487656757
462,463,E14000992,UKCP18 12km,19801201-20101130,JJA,The Wrekin,2.0315205029911003
463,464,E14000993,UKCP18 12km,19801201-20101130,JJA,Thirsk and Malton,2.1773873167246327
464,465,E14000994,UKCP18 12km,19801201-20101130,JJA,Thornbury and Yate,1.9555135508675356
465,466,E14000995,UKCP18 12km,19801201-20101130,JJA,Thurrock,1.550804717836664
466,467,E14000996,UKCP18 12km,19801201-20101130,JJA,Tiverton and Honiton,1.898005654226937
467,468,E14000997,UKCP18 12km,19801201-20101130,JJA,Tonbridge and Malling,1.5722096615745988
468,469,E14000998,UKCP18 12km,19801201-20101130,JJA,Tooting,1.8745172521005455
469,470,E14000999,UKCP18 12km,19801201-20101130,JJA,Torbay,1.807341808910973
470,471,E14001000,UKCP18 12km,19801201-20101130,JJA,Torridge and West Devon,2.515118122025071
471,472,E14001001,UKCP18 12km,19801201-20101130,JJA,Totnes,2.2567938086015595
472,473,E14001002,UKCP18 12km,19801201-20101130,JJA,Tottenham,1.952776503628976
473,474,E14001003,UKCP18 12km,19801201-20101130,JJA,Truro and Falmouth,2.1678174536034405
474,475,E14001004,UKCP18 12km,19801201-20101130,JJA,Tunbridge Wells,1.5880403429643501
475,476,E14001005,UKCP18 12km,19801201-20101130,JJA,Twickenham,1.8453125742977539
476,477,E14001006,UKCP18 12km,19801201-20101130,JJA,Tynemouth,2.475132930834464
477,478,E14001007,UKCP18 12km,19801201-20101130,JJA,Uxbridge and South Ruislip,1.9491308374919676
478,479,E14001008,UKCP18 12km,19801201-20101130,JJA,Vauxhall,1.8234632714696934
479,480,E14001009,UKCP18 12km,19801201-20101130,JJA,Wakefield,2.1696523856729466
480,481,E14001010,UKCP18 12km,19801201-20101130,JJA,Wallasey,2.69132342750564
481,482,E14001011,UKCP18 12km,19801201-20101130,JJA,Walsall North,2.1623294297879796
482,483,E14001012,UKCP18 12km,19801201-20101130,JJA,Walsall South,2.2525553235461633
483,484,E14001013,UKCP18 12km,19801201-20101130,JJA,Walthamstow,1.952776503628976
484,485,E14001014,UKCP18 12km,19801201-20101130,JJA,Wansbeck,2.481334940449958
485,486,E14001015,UKCP18 12km,19801201-20101130,JJA,Wantage,1.7452901318593543
486,487,E14001016,UKCP18 12km,19801201-20101130,JJA,Warley,2.1025309068648252
487,488,E14001017,UKCP18 12km,19801201-20101130,JJA,Warrington North,2.825356755570541
488,489,E14001018,UKCP18 12km,19801201-20101130,JJA,Warrington South,2.825356755570541
489,490,E14001019,UKCP18 12km,19801201-20101130,JJA,Warwick and Leamington,1.8789940533789162
490,491,E14001020,UKCP18 12km,19801201-20101130,JJA,Washington and Sunderland West,2.4169837227992983
491,492,E14001021,UKCP18 12km,19801201-20101130,JJA,Watford,1.8841954929006783
492,493,E14001022,UKCP18 12km,19801201-20101130,JJA,Waveney,1.7992979100245745
493,494,E14001023,UKCP18 12km,19801201-20101130,JJA,Wealden,1.6511092675315684
494,495,E14001024,UKCP18 12km,19801201-20101130,JJA,Weaver Vale,2.453801572756396
495,496,E14001025,UKCP18 12km,19801201-20101130,JJA,Wellingborough,1.7995279742570887
496,497,E14001026,UKCP18 12km,19801201-20101130,JJA,Wells,2.012889644216543
497,498,E14001027,UKCP18 12km,19801201-20101130,JJA,Welwyn Hatfield,1.716778890004874
498,499,E14001028,UKCP18 12km,19801201-20101130,JJA,Wentworth and Dearne,1.957536751747157
499,500,E14001029,UKCP18 12km,19801201-20101130,JJA,West Bromwich East,2.2525553235461633
500,501,E14001030,UKCP18 12km,19801201-20101130,JJA,West Bromwich West,2.2525553235461633
501,502,E14001031,UKCP18 12km,19801201-20101130,JJA,West Dorset,1.8589356209049903
502,503,E14001032,UKCP18 12km,19801201-20101130,JJA,West Ham,1.952776503628976
503,504,E14001033,UKCP18 12km,19801201-20101130,JJA,West Lancashire,3.0647825796976824
504,505,E14001034,UKCP18 12km,19801201-20101130,JJA,West Suffolk,1.7262489316405158
505,506,E14001035,UKCP18 12km,19801201-20101130,JJA,West Worcestershire,1.8349983570035815
506,507,E14001036,UKCP18 12km,19801201-20101130,JJA,Westminster North,1.9562169758428543
507,508,E14001037,UKCP18 12km,19801201-20101130,JJA,Westmorland and Lonsdale,4.674406731979425
508,509,E14001038,UKCP18 12km,19801201-20101130,JJA,Weston-Super-Mare,2.0478079997555945
509,510,E14001039,UKCP18 12km,19801201-20101130,JJA,Wigan,2.975776727139047
510,511,E14001040,UKCP18 12km,19801201-20101130,JJA,Wimbledon,1.8745172521005455
511,512,E14001041,UKCP18 12km,19801201-20101130,JJA,Winchester,1.7950041963310275
512,513,E14001042,UKCP18 12km,19801201-20101130,JJA,Windsor,1.7047974406605846
513,514,E14001043,UKCP18 12km,19801201-20101130,JJA,Wirral South,2.50180171485279
514,515,E14001044,UKCP18 12km,19801201-20101130,JJA,Wirral West,2.69132342750564
515,516,E14001045,UKCP18 12km,19801201-20101130,JJA,Witham,1.5805799643750422
516,517,E14001046,UKCP18 12km,19801201-20101130,JJA,Witney,1.7925157512178456
517,518,E14001047,UKCP18 12km,19801201-20101130,JJA,Woking,1.6265818089228699
518,519,E14001048,UKCP18 12km,19801201-20101130,JJA,Wokingham,1.6584711687683875
519,520,E14001049,UKCP18 12km,19801201-20101130,JJA,Wolverhampton North East,2.2297777707302653
520,521,E14001050,UKCP18 12km,19801201-20101130,JJA,Wolverhampton South East,2.2846481674940207
521,522,E14001051,UKCP18 12km,19801201-20101130,JJA,Wolverhampton South West,2.2846481674940207
522,523,E14001052,UKCP18 12km,19801201-20101130,JJA,Worcester,1.8748142689768903
523,524,E14001053,UKCP18 12km,19801201-20101130,JJA,Workington,3.2708320405161406
524,525,E14001054,UKCP18 12km,19801201-20101130,JJA,Worsley and Eccles South,3.6509419673590977
525,526,E14001055,UKCP18 12km,19801201-20101130,JJA,Worthing West,1.716122258069207
526,527,E14001056,UKCP18 12km,19801201-20101130,JJA,Wycombe,1.7465755191794194
527,528,E14001057,UKCP18 12km,19801201-20101130,JJA,Wyre and Preston North,3.693387652919391
528,529,E14001058,UKCP18 12km,19801201-20101130,JJA,Wyre Forest,1.9240646621716477
529,530,E14001059,UKCP18 12km,19801201-20101130,JJA,Wythenshawe and Sale East,3.4298698760816517
530,531,E14001060,UKCP18 12km,19801201-20101130,JJA,Yeovil,1.8272564904501478
531,532,E14001061,UKCP18 12km,19801201-20101130,JJA,York Central,2.065558507898474
532,533,E14001062,UKCP18 12km,19801201-20101130,JJA,York Outer,2.0802665697864025
533,534,N06000001,UKCP18 12km,19801201-20101130,JJA,Belfast East,2.872849752078423
534,535,N06000002,UKCP18 12km,19801201-20101130,JJA,Belfast North,2.872849752078423
535,536,N06000003,UKCP18 12km,19801201-20101130,JJA,Belfast South,2.711165155100293
536,537,N06000004,UKCP18 12km,19801201-20101130,JJA,Belfast West,2.6811497835459726
537,538,N06000005,UKCP18 12km,19801201-20101130,JJA,East Antrim,3.0850993012627037
538,539,N06000006,UKCP18 12km,19801201-20101130,JJA,East Londonderry,3.0308479672527033
539,540,N06000007,UKCP18 12km,19801201-20101130,JJA,Fermanagh and South Tyrone,3.1465737170811336
540,541,N06000008,UKCP18 12km,19801201-20101130,JJA,Foyle,3.1790949045168144
541,542,N06000009,UKCP18 12km,19801201-20101130,JJA,Lagan Valley,2.525952849760505
542,543,N06000010,UKCP18 12km,19801201-20101130,JJA,Mid Ulster,2.9443470116765034
543,544,N06000011,UKCP18 12km,19801201-20101130,JJA,Newry and Armagh,2.6859987565565384
544,545,N06000012,UKCP18 12km,19801201-20101130,JJA,North Antrim,3.0958675521024888
545,546,N06000013,UKCP18 12km,19801201-20101130,JJA,North Down,2.5822420285945906
546,547,N06000014,UKCP18 12km,19801201-20101130,JJA,South Antrim,2.7315272472348586
547,548,N06000015,UKCP18 12km,19801201-20101130,JJA,South Down,2.765116026622536
548,549,N06000016,UKCP18 12km,19801201-20101130,JJA,Strangford,2.6458248859925875
549,550,N06000017,UKCP18 12km,19801201-20101130,JJA,Upper Bann,2.532123864189272
550,551,N06000018,UKCP18 12km,19801201-20101130,JJA,West Tyrone,3.1830072124078375
551,552,S14000001,UKCP18 12km,19801201-20101130,JJA,Aberdeen North,2.8507913247180077
552,553,S14000002,UKCP18 12km,19801201-20101130,JJA,Aberdeen South,2.8682696810182544
553,554,S14000003,UKCP18 12km,19801201-20101130,JJA,Airdrie and Shotts,2.914335059614142
554,555,S14000004,UKCP18 12km,19801201-20101130,JJA,Angus,3.216925846584423
555,556,S14000005,UKCP18 12km,19801201-20101130,JJA,Argyll and Bute,5.10767673183868
556,557,S14000006,UKCP18 12km,19801201-20101130,JJA,"Ayr, Carrick and Cumnock",4.034377862958395
557,558,S14000007,UKCP18 12km,19801201-20101130,JJA,Banff and Buchan,2.9067463887415506
558,559,S14000008,UKCP18 12km,19801201-20101130,JJA,"Berwickshire, Roxburgh and Selkirk",2.743788127667191
559,560,S14000009,UKCP18 12km,19801201-20101130,JJA,"Caithness, Sutherland and Easter Ross",3.94547997336441
560,561,S14000010,UKCP18 12km,19801201-20101130,JJA,Central Ayrshire,3.7884816350464114
561,562,S14000011,UKCP18 12km,19801201-20101130,JJA,"Coatbridge, Chryston and Bellshill",3.170441470881203
562,563,S14000012,UKCP18 12km,19801201-20101130,JJA,"Cumbernauld, Kilsyth and Kirkintilloch East",3.3587989023100686
563,564,S14000013,UKCP18 12km,19801201-20101130,JJA,Dumfries and Galloway,3.7522531880834418
564,565,S14000014,UKCP18 12km,19801201-20101130,JJA,"Dumfriesshire, Clydesdale and Tweeddale",3.428803308853274
565,566,S14000015,UKCP18 12km,19801201-20101130,JJA,Dundee East,2.6143309861669595
566,567,S14000016,UKCP18 12km,19801201-20101130,JJA,Dundee West,2.6599301229039227
567,568,S14000017,UKCP18 12km,19801201-20101130,JJA,Dunfermline and West Fife,2.7656015920551207
568,569,S14000018,UKCP18 12km,19801201-20101130,JJA,East Dunbartonshire,3.557594307125957
569,570,S14000019,UKCP18 12km,19801201-20101130,JJA,"East Kilbride, Strathaven and Lesmahagow",3.2240599431385424
570,571,S14000020,UKCP18 12km,19801201-20101130,JJA,East Lothian,2.506477823990094
571,572,S14000021,UKCP18 12km,19801201-20101130,JJA,East Renfrewshire,3.7821989686343964
572,573,S14000022,UKCP18 12km,19801201-20101130,JJA,Edinburgh East,2.5558684847964357
573,574,S14000023,UKCP18 12km,19801201-20101130,JJA,Edinburgh North and Leith,2.5422757336166506
574,575,S14000024,UKCP18 12km,19801201-20101130,JJA,Edinburgh South,2.5558684847964357
575,576,S14000025,UKCP18 12km,19801201-20101130,JJA,Edinburgh South West,2.599875292613945
576,577,S14000026,UKCP18 12km,19801201-20101130,JJA,Edinburgh West,2.5422757336166506
577,578,S14000027,UKCP18 12km,19801201-20101130,JJA,Na h-Eileanan an Iar,4.03948526462535
578,579,S14000028,UKCP18 12km,19801201-20101130,JJA,Falkirk,2.850314538574156
579,580,S14000029,UKCP18 12km,19801201-20101130,JJA,Glasgow Central,3.6145442624621538
580,581,S14000030,UKCP18 12km,19801201-20101130,JJA,Glasgow East,3.170441470881203
581,582,S14000031,UKCP18 12km,19801201-20101130,JJA,Glasgow North,3.6145442624621538
582,583,S14000032,UKCP18 12km,19801201-20101130,JJA,Glasgow North East,3.6145442624621538
583,584,S14000033,UKCP18 12km,19801201-20101130,JJA,Glasgow North West,3.6145442624621538
584,585,S14000034,UKCP18 12km,19801201-20101130,JJA,Glasgow South,3.6145442624621538
585,586,S14000035,UKCP18 12km,19801201-20101130,JJA,Glasgow South West,3.6145442624621538
586,587,S14000036,UKCP18 12km,19801201-20101130,JJA,Glenrothes,2.4718771682768166
587,588,S14000037,UKCP18 12km,19801201-20101130,JJA,Gordon,2.9218230032402372
588,589,S14000038,UKCP18 12km,19801201-20101130,JJA,Inverclyde,4.103412608970458
589,590,S14000039,UKCP18 12km,19801201-20101130,JJA,"Inverness, Nairn, Badenoch and Strathspey",3.2615529068096936
590,591,S14000040,UKCP18 12km,19801201-20101130,JJA,Kilmarnock and Loudoun,3.6589272272852553
591,592,S14000041,UKCP18 12km,19801201-20101130,JJA,Kirkcaldy and Cowdenbeath,2.48718269897151
592,593,S14000042,UKCP18 12km,19801201-20101130,JJA,Lanark and Hamilton East,2.794366317565636
593,594,S14000043,UKCP18 12km,19801201-20101130,JJA,Linlithgow and East Falkirk,2.655333725486482
594,595,S14000044,UKCP18 12km,19801201-20101130,JJA,Livingston,2.626588894582635
595,596,S14000045,UKCP18 12km,19801201-20101130,JJA,Midlothian,2.6115625878820388
596,597,S14000046,UKCP18 12km,19801201-20101130,JJA,Moray,3.0674005387715937
597,598,S14000047,UKCP18 12km,19801201-20101130,JJA,Motherwell and Wishaw,2.9465814741075387
598,599,S14000048,UKCP18 12km,19801201-20101130,JJA,North Ayrshire and Arran,3.825107079682742
599,600,S14000049,UKCP18 12km,19801201-20101130,JJA,North East Fife,2.5360906521951416
600,601,S14000050,UKCP18 12km,19801201-20101130,JJA,Ochil and South Perthshire,3.0291746138048645
601,602,S14000051,UKCP18 12km,19801201-20101130,JJA,Orkney and Shetland,3.16859356415342
602,603,S14000052,UKCP18 12km,19801201-20101130,JJA,Paisley and Renfrewshire North,3.9780781157645806
603,604,S14000053,UKCP18 12km,19801201-20101130,JJA,Paisley and Renfrewshire South,4.103412608970458
604,605,S14000054,UKCP18 12km,19801201-20101130,JJA,Perth and North Perthshire,3.2527122074751778
605,606,S14000055,UKCP18 12km,19801201-20101130,JJA,"Ross, Skye and Lochaber",5.597330155075674
606,607,S14000056,UKCP18 12km,19801201-20101130,JJA,Rutherglen and Hamilton West,3.137871000066004
607,608,S14000057,UKCP18 12km,19801201-20101130,JJA,Stirling,4.1432324138856345
608,609,S14000058,UKCP18 12km,19801201-20101130,JJA,West Aberdeenshire and Kincardine,3.126137944525513
609,610,S14000059,UKCP18 12km,19801201-20101130,JJA,West Dunbartonshire,4.026228136767361
610,611,W07000041,UKCP18 12km,19801201-20101130,JJA,Ynys Mon,3.075024375333348
611,612,W07000042,UKCP18 12km,19801201-20101130,JJA,Delyn,2.359837105278828
612,613,W07000043,UKCP18 12km,19801201-20101130,JJA,Alyn and Deeside,2.288792100559394
613,614,W07000044,UKCP18 12km,19801201-20101130,JJA,Wrexham,2.1679198699190176
614,615,W07000045,UKCP18 12km,19801201-20101130,JJA,Llanelli,3.5735573305429233
615,616,W07000046,UKCP18 12km,19801201-20101130,JJA,Gower,3.4125947462927733
616,617,W07000047,UKCP18 12km,19801201-20101130,JJA,Swansea West,3.4125947462927733
617,618,W07000048,UKCP18 12km,19801201-20101130,JJA,Swansea East,3.921558539815804
618,619,W07000049,UKCP18 12km,19801201-20101130,JJA,Aberavon,3.5374257577710213
619,620,W07000050,UKCP18 12km,19801201-20101130,JJA,Cardiff Central,2.2755225129235113
620,621,W07000051,UKCP18 12km,19801201-20101130,JJA,Cardiff North,2.5821211260437518
621,622,W07000052,UKCP18 12km,19801201-20101130,JJA,Rhondda,3.68581757988848
622,623,W07000053,UKCP18 12km,19801201-20101130,JJA,Torfaen,2.2404935081717814
623,624,W07000054,UKCP18 12km,19801201-20101130,JJA,Monmouth,1.9906025474749274
624,625,W07000055,UKCP18 12km,19801201-20101130,JJA,Newport East,2.28618399595454
625,626,W07000056,UKCP18 12km,19801201-20101130,JJA,Newport West,2.28618399595454
626,627,W07000057,UKCP18 12km,19801201-20101130,JJA,Arfon,4.693363937825321
627,628,W07000058,UKCP18 12km,19801201-20101130,JJA,Aberconwy,3.9871371267912528
628,629,W07000059,UKCP18 12km,19801201-20101130,JJA,Clwyd West,2.633049411093931
629,630,W07000060,UKCP18 12km,19801201-20101130,JJA,Vale of Clwyd,2.4499664528621605
630,631,W07000061,UKCP18 12km,19801201-20101130,JJA,Dwyfor Meirionnydd,4.417852402304726
631,632,W07000062,UKCP18 12km,19801201-20101130,JJA,Clwyd South,2.2612932747628784
632,633,W07000063,UKCP18 12km,19801201-20101130,JJA,Montgomeryshire,2.6963723018840726
633,634,W07000064,UKCP18 12km,19801201-20101130,JJA,Ceredigion,3.429575599739661
634,635,W07000065,UKCP18 12km,19801201-20101130,JJA,Preseli Pembrokeshire,2.7520427844276827
635,636,W07000066,UKCP18 12km,19801201-20101130,JJA,Carmarthen West and South Pembrokeshire,2.944148386427566
636,637,W07000067,UKCP18 12km,19801201-20101130,JJA,Carmarthen East and Dinefwr,3.1424648640380006
637,638,W07000068,UKCP18 12km,19801201-20101130,JJA,Brecon and Radnorshire,2.512791975394138
638,639,W07000069,UKCP18 12km,19801201-20101130,JJA,Neath,3.804342724121762
639,640,W07000070,UKCP18 12km,19801201-20101130,JJA,Cynon Valley,3.128542364690327
640,641,W07000071,UKCP18 12km,19801201-20101130,JJA,Merthyr Tydfil and Rhymney,2.9332255028325527
641,642,W07000072,UKCP18 12km,19801201-20101130,JJA,Blaenau Gwent,2.4651263200985514
642,643,W07000073,UKCP18 12km,19801201-20101130,JJA,Bridgend,3.5374257577710213
643,644,W07000074,UKCP18 12km,19801201-20101130,JJA,Ogmore,3.2730343709078515
644,645,W07000075,UKCP18 12km,19801201-20101130,JJA,Pontypridd,2.833470448591345
645,646,W07000076,UKCP18 12km,19801201-20101130,JJA,Caerphilly,2.5821211260437518
646,647,W07000077,UKCP18 12km,19801201-20101130,JJA,Islwyn,2.6054257018125555
647,648,W07000078,UKCP18 12km,19801201-20101130,JJA,Vale of Glamorgan,2.5044377267861293
648,649,W07000079,UKCP18 12km,19801201-20101130,JJA,Cardiff West,2.2755225129235113
649,650,W07000080,UKCP18 12km,19801201-20101130,JJA,Cardiff South and Penarth,2.2755225129235113
