,region,constituency,ensemble,period,season,name,maxtmax_2030s
0,1,E14000530,UKCP18 12km,20191201-20491130,annual,Aldershot,3.4721062792015602
1,2,E14000531,UKCP18 12km,20191201-20491130,annual,Aldridge-Brownhills,3.0815424544047993
2,3,E14000532,UKCP18 12km,20191201-20491130,annual,Altrincham and Sale West,2.685236166330897
3,4,E14000533,UKCP18 12km,20191201-20491130,annual,Amber Valley,3.1812499887787458
4,5,E14000534,UKCP18 12km,20191201-20491130,annual,Arundel and South Downs,3.2566692574951692
5,6,E14000535,UKCP18 12km,20191201-20491130,annual,Ashfield,3.1472295475037613
6,7,E14000536,UKCP18 12km,20191201-20491130,annual,Ashford,3.3059638398487365
7,8,E14000537,UKCP18 12km,20191201-20491130,annual,Ashton-under-Lyne,2.732160962126809
8,9,E14000538,UKCP18 12km,20191201-20491130,annual,Aylesbury,3.3058484112369433
9,10,E14000539,UKCP18 12km,20191201-20491130,annual,Banbury,3.3746906409976054
10,11,E14000540,UKCP18 12km,20191201-20491130,annual,Barking,2.903490145301524
11,12,E14000541,UKCP18 12km,20191201-20491130,annual,Barnsley Central,3.0447500861771424
12,13,E14000542,UKCP18 12km,20191201-20491130,annual,Barnsley East,3.0089652962573488
13,14,E14000543,UKCP18 12km,20191201-20491130,annual,Barrow and Furness,2.4293882530549262
14,15,E14000544,UKCP18 12km,20191201-20491130,annual,Basildon and Billericay,3.0428647766500956
15,16,E14000545,UKCP18 12km,20191201-20491130,annual,Basingstoke,3.4711876162386424
16,17,E14000546,UKCP18 12km,20191201-20491130,annual,Bassetlaw,3.165120681505149
17,18,E14000547,UKCP18 12km,20191201-20491130,annual,Bath,3.345598325681904
18,19,E14000548,UKCP18 12km,20191201-20491130,annual,Batley and Spen,2.9631421454093
19,20,E14000549,UKCP18 12km,20191201-20491130,annual,Battersea,2.9410001902389755
20,21,E14000550,UKCP18 12km,20191201-20491130,annual,Beaconsfield,3.296524098164733
21,22,E14000551,UKCP18 12km,20191201-20491130,annual,Beckenham,3.184423810519398
22,23,E14000552,UKCP18 12km,20191201-20491130,annual,Bedford,3.424685528853687
23,24,E14000553,UKCP18 12km,20191201-20491130,annual,Bermondsey and Old Southwark,2.969439081732452
24,25,E14000554,UKCP18 12km,20191201-20491130,annual,Berwick-upon-Tweed,2.3235726945379764
25,26,E14000555,UKCP18 12km,20191201-20491130,annual,Bethnal Green and Bow,2.8483993000722188
26,27,E14000556,UKCP18 12km,20191201-20491130,annual,Beverley and Holderness,2.731570713259701
27,28,E14000557,UKCP18 12km,20191201-20491130,annual,Bexhill and Battle,3.231961272611837
28,29,E14000558,UKCP18 12km,20191201-20491130,annual,Bexleyheath and Crayford,3.0976869127463544
29,30,E14000559,UKCP18 12km,20191201-20491130,annual,Birkenhead,2.3837948174670873
30,31,E14000560,UKCP18 12km,20191201-20491130,annual,"Birmingham, Edgbaston",3.2228773204645336
31,32,E14000561,UKCP18 12km,20191201-20491130,annual,"Birmingham, Erdington",3.223695414121844
32,33,E14000562,UKCP18 12km,20191201-20491130,annual,"Birmingham, Hall Green",3.283716248553519
33,34,E14000563,UKCP18 12km,20191201-20491130,annual,"Birmingham, Hodge Hill",3.283716248553519
34,35,E14000564,UKCP18 12km,20191201-20491130,annual,"Birmingham, Ladywood",3.2228773204645336
35,36,E14000565,UKCP18 12km,20191201-20491130,annual,"Birmingham, Northfield",3.2228773204645336
36,37,E14000566,UKCP18 12km,20191201-20491130,annual,"Birmingham, Perry Barr",3.075554174097229
37,38,E14000567,UKCP18 12km,20191201-20491130,annual,"Birmingham, Selly Oak",3.2228773204645336
38,39,E14000568,UKCP18 12km,20191201-20491130,annual,"Birmingham, Yardley",3.283716248553519
39,40,E14000569,UKCP18 12km,20191201-20491130,annual,Bishop Auckland,2.548779037068094
40,41,E14000570,UKCP18 12km,20191201-20491130,annual,Blackburn,2.6247033996199174
41,42,E14000571,UKCP18 12km,20191201-20491130,annual,Blackley and Broughton,2.732160962126809
42,43,E14000572,UKCP18 12km,20191201-20491130,annual,Blackpool North and Cleveleys,2.614160432451826
43,44,E14000573,UKCP18 12km,20191201-20491130,annual,Blackpool South,2.614160432451826
44,45,E14000574,UKCP18 12km,20191201-20491130,annual,Blaydon,2.410293584085859
45,46,E14000575,UKCP18 12km,20191201-20491130,annual,Blyth Valley,2.111844347116674
46,47,E14000576,UKCP18 12km,20191201-20491130,annual,Bognor Regis and Littlehampton,2.896297175228669
47,48,E14000577,UKCP18 12km,20191201-20491130,annual,Bolsover,3.148775672367729
48,49,E14000578,UKCP18 12km,20191201-20491130,annual,Bolton North East,2.645150278254515
49,50,E14000579,UKCP18 12km,20191201-20491130,annual,Bolton South East,2.620657461302509
50,51,E14000580,UKCP18 12km,20191201-20491130,annual,Bolton West,2.6393509109256033
51,52,E14000581,UKCP18 12km,20191201-20491130,annual,Bootle,2.4144667829922732
52,53,E14000582,UKCP18 12km,20191201-20491130,annual,Boston and Skegness,3.0457707067641997
53,54,E14000583,UKCP18 12km,20191201-20491130,annual,Bosworth,3.293716691905611
54,55,E14000584,UKCP18 12km,20191201-20491130,annual,Bournemouth East,3.3012104143629486
55,56,E14000585,UKCP18 12km,20191201-20491130,annual,Bournemouth West,3.027882987924883
56,57,E14000586,UKCP18 12km,20191201-20491130,annual,Bracknell,3.4178048351033166
57,58,E14000587,UKCP18 12km,20191201-20491130,annual,Bradford East,2.7372570938013987
58,59,E14000588,UKCP18 12km,20191201-20491130,annual,Bradford South,2.898722605327334
59,60,E14000589,UKCP18 12km,20191201-20491130,annual,Bradford West,2.7372570938013987
60,61,E14000590,UKCP18 12km,20191201-20491130,annual,Braintree,3.425890613092703
61,62,E14000591,UKCP18 12km,20191201-20491130,annual,Brent Central,2.8813382040596256
62,63,E14000592,UKCP18 12km,20191201-20491130,annual,Brent North,2.8813382040596256
63,64,E14000593,UKCP18 12km,20191201-20491130,annual,Brentford and Isleworth,2.9410001902389755
64,65,E14000594,UKCP18 12km,20191201-20491130,annual,Brentwood and Ongar,3.2293195050478047
65,66,E14000595,UKCP18 12km,20191201-20491130,annual,Bridgwater and West Somerset,3.0744648484785206
66,67,E14000596,UKCP18 12km,20191201-20491130,annual,Brigg and Goole,3.0173504411010814
67,68,E14000597,UKCP18 12km,20191201-20491130,annual,"Brighton, Kemptown",2.7433413415145522
68,69,E14000598,UKCP18 12km,20191201-20491130,annual,"Brighton, Pavilion",3.2111712928217764
69,70,E14000599,UKCP18 12km,20191201-20491130,annual,Bristol East,3.232763856667269
70,71,E14000600,UKCP18 12km,20191201-20491130,annual,Bristol North West,3.078553540805236
71,72,E14000601,UKCP18 12km,20191201-20491130,annual,Bristol South,3.078553540805236
72,73,E14000602,UKCP18 12km,20191201-20491130,annual,Bristol West,3.078553540805236
73,74,E14000603,UKCP18 12km,20191201-20491130,annual,Broadland,2.973787606958697
74,75,E14000604,UKCP18 12km,20191201-20491130,annual,Bromley and Chislehurst,3.0976869127463544
75,76,E14000605,UKCP18 12km,20191201-20491130,annual,Bromsgrove,3.3468269791355443
76,77,E14000606,UKCP18 12km,20191201-20491130,annual,Broxbourne,3.100900383616022
77,78,E14000607,UKCP18 12km,20191201-20491130,annual,Broxtowe,3.202134334366941
78,79,E14000608,UKCP18 12km,20191201-20491130,annual,Buckingham,3.4073276530512757
79,80,E14000609,UKCP18 12km,20191201-20491130,annual,Burnley,2.7638031065579285
80,81,E14000610,UKCP18 12km,20191201-20491130,annual,Burton,3.2600209130105404
81,82,E14000611,UKCP18 12km,20191201-20491130,annual,Bury North,2.645150278254515
82,83,E14000612,UKCP18 12km,20191201-20491130,annual,Bury South,2.620657461302509
83,84,E14000613,UKCP18 12km,20191201-20491130,annual,Bury St Edmunds,3.3169483551521193
84,85,E14000614,UKCP18 12km,20191201-20491130,annual,Calder Valley,2.83724343470411
85,86,E14000615,UKCP18 12km,20191201-20491130,annual,Camberwell and Peckham,2.969439081732452
86,87,E14000616,UKCP18 12km,20191201-20491130,annual,Camborne and Redruth,2.6464759206733075
87,88,E14000617,UKCP18 12km,20191201-20491130,annual,Cambridge,3.3671933378596326
88,89,E14000618,UKCP18 12km,20191201-20491130,annual,Cannock Chase,3.131116678655735
89,90,E14000619,UKCP18 12km,20191201-20491130,annual,Canterbury,2.9379334513748456
90,91,E14000620,UKCP18 12km,20191201-20491130,annual,Carlisle,2.5428426466987917
91,92,E14000621,UKCP18 12km,20191201-20491130,annual,Carshalton and Wallington,3.184423810519398
92,93,E14000622,UKCP18 12km,20191201-20491130,annual,Castle Point,2.655371074862408
93,94,E14000623,UKCP18 12km,20191201-20491130,annual,Central Devon,3.119522293779767
94,95,E14000624,UKCP18 12km,20191201-20491130,annual,Central Suffolk and North Ipswich,3.1047381087237613
95,96,E14000625,UKCP18 12km,20191201-20491130,annual,Charnwood,3.3035051266597955
96,97,E14000626,UKCP18 12km,20191201-20491130,annual,Chatham and Aylesford,3.232051818240867
97,98,E14000627,UKCP18 12km,20191201-20491130,annual,Cheadle,2.821825462780175
98,99,E14000628,UKCP18 12km,20191201-20491130,annual,Chelmsford,3.1977924059534977
99,100,E14000629,UKCP18 12km,20191201-20491130,annual,Chelsea and Fulham,2.9410001902389755
100,101,E14000630,UKCP18 12km,20191201-20491130,annual,Cheltenham,3.356201680388697
101,102,E14000631,UKCP18 12km,20191201-20491130,annual,Chesham and Amersham,3.1818547581448726
102,103,E14000632,UKCP18 12km,20191201-20491130,annual,Chesterfield,3.1246131260602397
103,104,E14000633,UKCP18 12km,20191201-20491130,annual,Chichester,3.2371326639995064
104,105,E14000634,UKCP18 12km,20191201-20491130,annual,Chingford and Woodford Green,2.824039478002753
105,106,E14000635,UKCP18 12km,20191201-20491130,annual,Chippenham,3.374955248342945
106,107,E14000636,UKCP18 12km,20191201-20491130,annual,Chipping Barnet,2.8704034462615162
107,108,E14000637,UKCP18 12km,20191201-20491130,annual,Chorley,2.6715005642303615
108,109,E14000638,UKCP18 12km,20191201-20491130,annual,Christchurch,3.3012104143629486
109,110,E14000639,UKCP18 12km,20191201-20491130,annual,Cities of London and Westminster,2.8483993000722188
110,111,E14000640,UKCP18 12km,20191201-20491130,annual,City of Chester,2.959123469591337
111,112,E14000641,UKCP18 12km,20191201-20491130,annual,City of Durham,2.5103814440006045
112,113,E14000642,UKCP18 12km,20191201-20491130,annual,Clacton,2.963063819154361
113,114,E14000643,UKCP18 12km,20191201-20491130,annual,Cleethorpes,2.8481760625976134
114,115,E14000644,UKCP18 12km,20191201-20491130,annual,Colchester,3.2961405049865236
115,116,E14000645,UKCP18 12km,20191201-20491130,annual,Colne Valley,2.8777659090222225
116,117,E14000646,UKCP18 12km,20191201-20491130,annual,Congleton,2.969374421403412
117,118,E14000647,UKCP18 12km,20191201-20491130,annual,Copeland,2.405517576007871
118,119,E14000648,UKCP18 12km,20191201-20491130,annual,Corby,3.4443901707987927
119,120,E14000649,UKCP18 12km,20191201-20491130,annual,Coventry North East,3.2901851231783503
120,121,E14000650,UKCP18 12km,20191201-20491130,annual,Coventry North West,3.3038321105194206
121,122,E14000651,UKCP18 12km,20191201-20491130,annual,Coventry South,3.2901851231783503
122,123,E14000652,UKCP18 12km,20191201-20491130,annual,Crawley,3.3438536593835493
123,124,E14000653,UKCP18 12km,20191201-20491130,annual,Crewe and Nantwich,3.023294964605996
124,125,E14000654,UKCP18 12km,20191201-20491130,annual,Croydon Central,3.184423810519398
125,126,E14000655,UKCP18 12km,20191201-20491130,annual,Croydon North,2.969439081732452
126,127,E14000656,UKCP18 12km,20191201-20491130,annual,Croydon South,3.184423810519398
127,128,E14000657,UKCP18 12km,20191201-20491130,annual,Dagenham and Rainham,2.903490145301524
128,129,E14000658,UKCP18 12km,20191201-20491130,annual,Darlington,2.7030932265073537
129,130,E14000659,UKCP18 12km,20191201-20491130,annual,Dartford,3.156201053843222
130,131,E14000660,UKCP18 12km,20191201-20491130,annual,Daventry,3.3766945813971216
131,132,E14000661,UKCP18 12km,20191201-20491130,annual,Denton and Reddish,2.821825462780175
132,133,E14000662,UKCP18 12km,20191201-20491130,annual,Derby North,3.2139412189322236
133,134,E14000663,UKCP18 12km,20191201-20491130,annual,Derby South,3.2795045165278993
134,135,E14000664,UKCP18 12km,20191201-20491130,annual,Derbyshire Dales,3.1358630298291152
135,136,E14000665,UKCP18 12km,20191201-20491130,annual,Devizes,3.4251592830515607
136,137,E14000666,UKCP18 12km,20191201-20491130,annual,Dewsbury,3.022466048576861
137,138,E14000667,UKCP18 12km,20191201-20491130,annual,Don Valley,3.0988859347655953
138,139,E14000668,UKCP18 12km,20191201-20491130,annual,Doncaster Central,3.0988859347655953
139,140,E14000669,UKCP18 12km,20191201-20491130,annual,Doncaster North,3.0831683218558292
140,141,E14000670,UKCP18 12km,20191201-20491130,annual,Dover,3.044248278378319
141,142,E14000671,UKCP18 12km,20191201-20491130,annual,Dudley North,3.050711945440336
142,143,E14000672,UKCP18 12km,20191201-20491130,annual,Dudley South,3.050711945440336
143,144,E14000673,UKCP18 12km,20191201-20491130,annual,Dulwich and West Norwood,2.969439081732452
144,145,E14000674,UKCP18 12km,20191201-20491130,annual,Ealing Central and Acton,2.8813382040596256
145,146,E14000675,UKCP18 12km,20191201-20491130,annual,Ealing North,2.9169582831412755
146,147,E14000676,UKCP18 12km,20191201-20491130,annual,"Ealing, Southall",3.025096611439766
147,148,E14000677,UKCP18 12km,20191201-20491130,annual,Easington,2.4044342975487347
148,149,E14000678,UKCP18 12km,20191201-20491130,annual,East Devon,2.9245275166835185
149,150,E14000679,UKCP18 12km,20191201-20491130,annual,East Ham,2.903490145301524
150,151,E14000680,UKCP18 12km,20191201-20491130,annual,East Hampshire,3.480772238614467
151,152,E14000681,UKCP18 12km,20191201-20491130,annual,East Surrey,3.3528151928528813
152,153,E14000682,UKCP18 12km,20191201-20491130,annual,East Worthing and Shoreham,3.1048021528736776
153,154,E14000683,UKCP18 12km,20191201-20491130,annual,East Yorkshire,2.830784249815931
154,155,E14000684,UKCP18 12km,20191201-20491130,annual,Eastbourne,2.7881406834642513
155,156,E14000685,UKCP18 12km,20191201-20491130,annual,Eastleigh,3.275558030483676
156,157,E14000686,UKCP18 12km,20191201-20491130,annual,Eddisbury,3.0511884500186532
157,158,E14000687,UKCP18 12km,20191201-20491130,annual,Edmonton,2.824039478002753
158,159,E14000688,UKCP18 12km,20191201-20491130,annual,Ellesmere Port and Neston,2.771661991401712
159,160,E14000689,UKCP18 12km,20191201-20491130,annual,Elmet and Rothwell,2.9999571924664155
160,161,E14000690,UKCP18 12km,20191201-20491130,annual,Eltham,3.0976869127463544
161,162,E14000691,UKCP18 12km,20191201-20491130,annual,Enfield North,2.824039478002753
162,163,E14000692,UKCP18 12km,20191201-20491130,annual,"Enfield, Southgate",2.824039478002753
163,164,E14000693,UKCP18 12km,20191201-20491130,annual,Epping Forest,3.0104590664775635
164,165,E14000694,UKCP18 12km,20191201-20491130,annual,Epsom and Ewell,3.102089412476729
165,166,E14000695,UKCP18 12km,20191201-20491130,annual,Erewash,3.202134334366941
166,167,E14000696,UKCP18 12km,20191201-20491130,annual,Erith and Thamesmead,3.0976869127463544
167,168,E14000697,UKCP18 12km,20191201-20491130,annual,Esher and Walton,3.225132388087863
168,169,E14000698,UKCP18 12km,20191201-20491130,annual,Exeter,3.139669443750943
169,170,E14000699,UKCP18 12km,20191201-20491130,annual,Fareham,3.275558030483676
170,171,E14000700,UKCP18 12km,20191201-20491130,annual,Faversham and Mid Kent,3.2153050453667507
171,172,E14000701,UKCP18 12km,20191201-20491130,annual,Feltham and Heston,3.025096611439766
172,173,E14000702,UKCP18 12km,20191201-20491130,annual,Filton and Bradley Stoke,2.829096060353848
173,174,E14000703,UKCP18 12km,20191201-20491130,annual,Finchley and Golders Green,2.8813382040596256
174,175,E14000704,UKCP18 12km,20191201-20491130,annual,Folkestone and Hythe,2.958480983667702
175,176,E14000705,UKCP18 12km,20191201-20491130,annual,Forest of Dean,3.3291311546914
176,177,E14000706,UKCP18 12km,20191201-20491130,annual,Fylde,2.614160432451826
177,178,E14000707,UKCP18 12km,20191201-20491130,annual,Gainsborough,3.1185074333275513
178,179,E14000708,UKCP18 12km,20191201-20491130,annual,Garston and Halewood,2.6312478172091027
179,180,E14000709,UKCP18 12km,20191201-20491130,annual,Gateshead,2.371139542723882
180,181,E14000710,UKCP18 12km,20191201-20491130,annual,Gedling,3.25794434580545
181,182,E14000711,UKCP18 12km,20191201-20491130,annual,Gillingham and Rainham,3.1864047957650143
182,183,E14000712,UKCP18 12km,20191201-20491130,annual,Gloucester,3.3811060738821017
183,184,E14000713,UKCP18 12km,20191201-20491130,annual,Gosport,3.244501148528311
184,185,E14000714,UKCP18 12km,20191201-20491130,annual,Grantham and Stamford,3.336674038674235
185,186,E14000715,UKCP18 12km,20191201-20491130,annual,Gravesham,3.096810668785914
186,187,E14000716,UKCP18 12km,20191201-20491130,annual,Great Grimsby,2.798769709803152
187,188,E14000717,UKCP18 12km,20191201-20491130,annual,Great Yarmouth,2.622277961609959
188,189,E14000718,UKCP18 12km,20191201-20491130,annual,Greenwich and Woolwich,3.0976869127463544
189,190,E14000719,UKCP18 12km,20191201-20491130,annual,Guildford,3.4314575420801896
190,191,E14000720,UKCP18 12km,20191201-20491130,annual,Hackney North and Stoke Newington,2.8483993000722188
191,192,E14000721,UKCP18 12km,20191201-20491130,annual,Hackney South and Shoreditch,2.8483993000722188
192,193,E14000722,UKCP18 12km,20191201-20491130,annual,Halesowen and Rowley Regis,3.2228773204645336
193,194,E14000723,UKCP18 12km,20191201-20491130,annual,Halifax,2.898722605327334
194,195,E14000724,UKCP18 12km,20191201-20491130,annual,Haltemprice and Howden,2.915724846694468
195,196,E14000725,UKCP18 12km,20191201-20491130,annual,Halton,2.716077373548277
196,197,E14000726,UKCP18 12km,20191201-20491130,annual,Hammersmith,2.9410001902389755
197,198,E14000727,UKCP18 12km,20191201-20491130,annual,Hampstead and Kilburn,2.8813382040596256
198,199,E14000728,UKCP18 12km,20191201-20491130,annual,Harborough,3.379345435304607
199,200,E14000729,UKCP18 12km,20191201-20491130,annual,Harlow,3.2103138907209967
200,201,E14000730,UKCP18 12km,20191201-20491130,annual,Harrogate and Knaresborough,2.923321153091381
201,202,E14000731,UKCP18 12km,20191201-20491130,annual,Harrow East,2.8813382040596256
202,203,E14000732,UKCP18 12km,20191201-20491130,annual,Harrow West,2.9169582831412755
203,204,E14000733,UKCP18 12km,20191201-20491130,annual,Hartlepool,2.456265056181519
204,205,E14000734,UKCP18 12km,20191201-20491130,annual,Harwich and North Essex,3.1519478388246704
205,206,E14000735,UKCP18 12km,20191201-20491130,annual,Hastings and Rye,2.7102193532438954
206,207,E14000736,UKCP18 12km,20191201-20491130,annual,Havant,3.259232421580112
207,208,E14000737,UKCP18 12km,20191201-20491130,annual,Hayes and Harlington,3.025096611439766
208,209,E14000738,UKCP18 12km,20191201-20491130,annual,Hazel Grove,2.821825462780175
209,210,E14000739,UKCP18 12km,20191201-20491130,annual,Hemel Hempstead,3.077494024119808
210,211,E14000740,UKCP18 12km,20191201-20491130,annual,Hemsworth,3.0652467297722863
211,212,E14000741,UKCP18 12km,20191201-20491130,annual,Hendon,2.8813382040596256
212,213,E14000742,UKCP18 12km,20191201-20491130,annual,Henley,3.391947366890899
213,214,E14000743,UKCP18 12km,20191201-20491130,annual,Hereford and South Herefordshire,3.287560872680038
214,215,E14000744,UKCP18 12km,20191201-20491130,annual,Hertford and Stortford,3.100900383616022
215,216,E14000745,UKCP18 12km,20191201-20491130,annual,Hertsmere,2.8704034462615162
216,217,E14000746,UKCP18 12km,20191201-20491130,annual,Hexham,2.48436377671197
217,218,E14000747,UKCP18 12km,20191201-20491130,annual,Heywood and Middleton,2.7507145449914394
218,219,E14000748,UKCP18 12km,20191201-20491130,annual,High Peak,2.9779137911985294
219,220,E14000749,UKCP18 12km,20191201-20491130,annual,Hitchin and Harpenden,3.077494024119808
220,221,E14000750,UKCP18 12km,20191201-20491130,annual,Holborn and St Pancras,2.8483993000722188
221,222,E14000751,UKCP18 12km,20191201-20491130,annual,Hornchurch and Upminster,3.0449459589910255
222,223,E14000752,UKCP18 12km,20191201-20491130,annual,Hornsey and Wood Green,2.8483993000722188
223,224,E14000753,UKCP18 12km,20191201-20491130,annual,Horsham,3.3576828396247116
224,225,E14000754,UKCP18 12km,20191201-20491130,annual,Houghton and Sunderland South,2.4044342975487347
225,226,E14000755,UKCP18 12km,20191201-20491130,annual,Hove,2.7433413415145522
226,227,E14000756,UKCP18 12km,20191201-20491130,annual,Huddersfield,2.962626841937555
227,228,E14000757,UKCP18 12km,20191201-20491130,annual,Huntingdon,3.4000458693416715
228,229,E14000758,UKCP18 12km,20191201-20491130,annual,Hyndburn,2.665037992875943
229,230,E14000759,UKCP18 12km,20191201-20491130,annual,Ilford North,2.903490145301524
230,231,E14000760,UKCP18 12km,20191201-20491130,annual,Ilford South,2.903490145301524
231,232,E14000761,UKCP18 12km,20191201-20491130,annual,Ipswich,3.1094430524075656
232,233,E14000762,UKCP18 12km,20191201-20491130,annual,Isle of Wight,2.7270109969390384
233,234,E14000763,UKCP18 12km,20191201-20491130,annual,Islington North,2.8483993000722188
234,235,E14000764,UKCP18 12km,20191201-20491130,annual,Islington South and Finsbury,2.8483993000722188
235,236,E14000765,UKCP18 12km,20191201-20491130,annual,Jarrow,2.225458613391518
236,237,E14000766,UKCP18 12km,20191201-20491130,annual,Keighley,2.8022269982968275
237,238,E14000767,UKCP18 12km,20191201-20491130,annual,Kenilworth and Southam,3.3468699162926314
238,239,E14000768,UKCP18 12km,20191201-20491130,annual,Kensington,2.8813382040596256
239,240,E14000769,UKCP18 12km,20191201-20491130,annual,Kettering,3.3906625037376634
240,241,E14000770,UKCP18 12km,20191201-20491130,annual,Kingston and Surbiton,3.102089412476729
241,242,E14000771,UKCP18 12km,20191201-20491130,annual,Kingston upon Hull East,2.777758181944956
242,243,E14000772,UKCP18 12km,20191201-20491130,annual,Kingston upon Hull North,2.760932107322914
243,244,E14000773,UKCP18 12km,20191201-20491130,annual,Kingston upon Hull West and Hessle,2.777758181944956
244,245,E14000774,UKCP18 12km,20191201-20491130,annual,Kingswood,3.232763856667269
245,246,E14000775,UKCP18 12km,20191201-20491130,annual,Knowsley,2.6312478172091027
246,247,E14000776,UKCP18 12km,20191201-20491130,annual,Lancaster and Fleetwood,2.676069965918799
247,248,E14000777,UKCP18 12km,20191201-20491130,annual,Leeds Central,2.9631421454093
248,249,E14000778,UKCP18 12km,20191201-20491130,annual,Leeds East,2.9776388639975218
249,250,E14000779,UKCP18 12km,20191201-20491130,annual,Leeds North East,2.8281149645701213
250,251,E14000780,UKCP18 12km,20191201-20491130,annual,Leeds North West,2.8281149645701213
251,252,E14000781,UKCP18 12km,20191201-20491130,annual,Leeds West,2.8281149645701213
252,253,E14000782,UKCP18 12km,20191201-20491130,annual,Leicester East,3.3331483345707333
253,254,E14000783,UKCP18 12km,20191201-20491130,annual,Leicester South,3.3331483345707333
254,255,E14000784,UKCP18 12km,20191201-20491130,annual,Leicester West,3.3331483345707333
255,256,E14000785,UKCP18 12km,20191201-20491130,annual,Leigh,2.6565938864741514
256,257,E14000786,UKCP18 12km,20191201-20491130,annual,Lewes,3.2338086664414183
257,258,E14000787,UKCP18 12km,20191201-20491130,annual,Lewisham East,2.969439081732452
258,259,E14000788,UKCP18 12km,20191201-20491130,annual,Lewisham West and Penge,2.969439081732452
259,260,E14000789,UKCP18 12km,20191201-20491130,annual,"Lewisham, Deptford",2.969439081732452
260,261,E14000790,UKCP18 12km,20191201-20491130,annual,Leyton and Wanstead,2.8483993000722188
261,262,E14000791,UKCP18 12km,20191201-20491130,annual,Lichfield,3.244288765896583
262,263,E14000792,UKCP18 12km,20191201-20491130,annual,Lincoln,3.2556421521971113
263,264,E14000793,UKCP18 12km,20191201-20491130,annual,"Liverpool, Riverside",2.6312478172091027
264,265,E14000794,UKCP18 12km,20191201-20491130,annual,"Liverpool, Walton",2.6312478172091027
265,266,E14000795,UKCP18 12km,20191201-20491130,annual,"Liverpool, Wavertree",2.6312478172091027
266,267,E14000796,UKCP18 12km,20191201-20491130,annual,"Liverpool, West Derby",2.6312478172091027
267,268,E14000797,UKCP18 12km,20191201-20491130,annual,Loughborough,3.27141063976906
268,269,E14000798,UKCP18 12km,20191201-20491130,annual,Louth and Horncastle,2.949795532546609
269,270,E14000799,UKCP18 12km,20191201-20491130,annual,Ludlow,3.156792105511806
270,271,E14000800,UKCP18 12km,20191201-20491130,annual,Luton North,3.250402096112768
271,272,E14000801,UKCP18 12km,20191201-20491130,annual,Luton South,3.250402096112768
272,273,E14000802,UKCP18 12km,20191201-20491130,annual,Macclesfield,2.977885975427914
273,274,E14000803,UKCP18 12km,20191201-20491130,annual,Maidenhead,3.384689844503764
274,275,E14000804,UKCP18 12km,20191201-20491130,annual,Maidstone and The Weald,3.3660995186602976
275,276,E14000805,UKCP18 12km,20191201-20491130,annual,Makerfield,2.6107942005506657
276,277,E14000806,UKCP18 12km,20191201-20491130,annual,Maldon,3.0492424825227604
277,278,E14000807,UKCP18 12km,20191201-20491130,annual,Manchester Central,2.732160962126809
278,279,E14000808,UKCP18 12km,20191201-20491130,annual,"Manchester, Gorton",2.821825462780175
279,280,E14000809,UKCP18 12km,20191201-20491130,annual,"Manchester, Withington",2.685236166330897
280,281,E14000810,UKCP18 12km,20191201-20491130,annual,Mansfield,3.153639442265814
281,282,E14000811,UKCP18 12km,20191201-20491130,annual,Meon Valley,3.306956475887772
282,283,E14000812,UKCP18 12km,20191201-20491130,annual,Meriden,3.3038321105194206
283,284,E14000813,UKCP18 12km,20191201-20491130,annual,Mid Bedfordshire,3.36210444596383
284,285,E14000814,UKCP18 12km,20191201-20491130,annual,Mid Derbyshire,3.2139412189322236
285,286,E14000815,UKCP18 12km,20191201-20491130,annual,Mid Dorset and North Poole,3.131957022399959
286,287,E14000816,UKCP18 12km,20191201-20491130,annual,Mid Norfolk,3.2066759858553424
287,288,E14000817,UKCP18 12km,20191201-20491130,annual,Mid Sussex,3.348083907977562
288,289,E14000818,UKCP18 12km,20191201-20491130,annual,Mid Worcestershire,3.376241901365735
289,290,E14000819,UKCP18 12km,20191201-20491130,annual,Middlesbrough,2.456265056181519
290,291,E14000820,UKCP18 12km,20191201-20491130,annual,Middlesbrough South and East Cleveland,2.6594269635543846
291,292,E14000821,UKCP18 12km,20191201-20491130,annual,Milton Keynes North,3.417966077846495
292,293,E14000822,UKCP18 12km,20191201-20491130,annual,Milton Keynes South,3.3877878317581263
293,294,E14000823,UKCP18 12km,20191201-20491130,annual,Mitcham and Morden,2.9410001902389755
294,295,E14000824,UKCP18 12km,20191201-20491130,annual,Mole Valley,3.324293339177676
295,296,E14000825,UKCP18 12km,20191201-20491130,annual,Morecambe and Lunesdale,2.5601676184977378
296,297,E14000826,UKCP18 12km,20191201-20491130,annual,Morley and Outwood,2.9631421454093
297,298,E14000827,UKCP18 12km,20191201-20491130,annual,New Forest East,3.2294519490829594
298,299,E14000828,UKCP18 12km,20191201-20491130,annual,New Forest West,3.348097032850055
299,300,E14000829,UKCP18 12km,20191201-20491130,annual,Newark,3.268242692668463
300,301,E14000830,UKCP18 12km,20191201-20491130,annual,Newbury,3.425188618471535
301,302,E14000831,UKCP18 12km,20191201-20491130,annual,Newcastle upon Tyne Central,2.2351596431417176
302,303,E14000832,UKCP18 12km,20191201-20491130,annual,Newcastle upon Tyne East,2.2351596431417176
303,304,E14000833,UKCP18 12km,20191201-20491130,annual,Newcastle upon Tyne North,2.2351596431417176
304,305,E14000834,UKCP18 12km,20191201-20491130,annual,Newcastle-under-Lyme,2.9725747091451376
305,306,E14000835,UKCP18 12km,20191201-20491130,annual,Newton Abbot,3.04960247117529
306,307,E14000836,UKCP18 12km,20191201-20491130,annual,"Normanton, Pontefract and Castleford",3.0374184546109184
307,308,E14000837,UKCP18 12km,20191201-20491130,annual,North Cornwall,2.8651994050231595
308,309,E14000838,UKCP18 12km,20191201-20491130,annual,North Devon,2.9500944187282276
309,310,E14000839,UKCP18 12km,20191201-20491130,annual,North Dorset,3.3178865855229986
310,311,E14000840,UKCP18 12km,20191201-20491130,annual,North Durham,2.5103814440006045
311,312,E14000841,UKCP18 12km,20191201-20491130,annual,North East Bedfordshire,3.42030169664485
312,313,E14000842,UKCP18 12km,20191201-20491130,annual,North East Cambridgeshire,3.4127077670674355
313,314,E14000843,UKCP18 12km,20191201-20491130,annual,North East Derbyshire,3.150511421744757
314,315,E14000844,UKCP18 12km,20191201-20491130,annual,North East Hampshire,3.448460174236262
315,316,E14000845,UKCP18 12km,20191201-20491130,annual,North East Hertfordshire,3.315497436777723
316,317,E14000846,UKCP18 12km,20191201-20491130,annual,North East Somerset,3.285310199894185
317,318,E14000847,UKCP18 12km,20191201-20491130,annual,North Herefordshire,3.2589171009521958
318,319,E14000848,UKCP18 12km,20191201-20491130,annual,North Norfolk,2.7200540958934436
319,320,E14000849,UKCP18 12km,20191201-20491130,annual,North Shropshire,3.138968481574923
320,321,E14000850,UKCP18 12km,20191201-20491130,annual,North Somerset,3.052233014029801
321,322,E14000851,UKCP18 12km,20191201-20491130,annual,North Swindon,3.3597535779638936
322,323,E14000852,UKCP18 12km,20191201-20491130,annual,North Thanet,2.905815377387922
323,324,E14000853,UKCP18 12km,20191201-20491130,annual,North Tyneside,2.2351596431417176
324,325,E14000854,UKCP18 12km,20191201-20491130,annual,North Warwickshire,3.272445654710362
325,326,E14000855,UKCP18 12km,20191201-20491130,annual,North West Cambridgeshire,3.4248414647918306
326,327,E14000856,UKCP18 12km,20191201-20491130,annual,North West Durham,2.508650559367471
327,328,E14000857,UKCP18 12km,20191201-20491130,annual,North West Hampshire,3.479983532099782
328,329,E14000858,UKCP18 12km,20191201-20491130,annual,North West Leicestershire,3.284186680617147
329,330,E14000859,UKCP18 12km,20191201-20491130,annual,North West Norfolk,3.1391821654139918
330,331,E14000860,UKCP18 12km,20191201-20491130,annual,North Wiltshire,3.3721739231578223
331,332,E14000861,UKCP18 12km,20191201-20491130,annual,Northampton North,3.430164259123208
332,333,E14000862,UKCP18 12km,20191201-20491130,annual,Northampton South,3.430164259123208
333,334,E14000863,UKCP18 12km,20191201-20491130,annual,Norwich North,2.91866341657421
334,335,E14000864,UKCP18 12km,20191201-20491130,annual,Norwich South,3.063731906456447
335,336,E14000865,UKCP18 12km,20191201-20491130,annual,Nottingham East,3.25794434580545
336,337,E14000866,UKCP18 12km,20191201-20491130,annual,Nottingham North,3.202134334366941
337,338,E14000867,UKCP18 12km,20191201-20491130,annual,Nottingham South,3.202134334366941
338,339,E14000868,UKCP18 12km,20191201-20491130,annual,Nuneaton,3.2901254380455947
339,340,E14000869,UKCP18 12km,20191201-20491130,annual,Old Bexley and Sidcup,3.0976869127463544
340,341,E14000870,UKCP18 12km,20191201-20491130,annual,Oldham East and Saddleworth,2.9072886960245525
341,342,E14000871,UKCP18 12km,20191201-20491130,annual,Oldham West and Royton,2.732160962126809
342,343,E14000872,UKCP18 12km,20191201-20491130,annual,Orpington,3.2921002041575864
343,344,E14000873,UKCP18 12km,20191201-20491130,annual,Oxford East,3.3583188585156356
344,345,E14000874,UKCP18 12km,20191201-20491130,annual,Oxford West and Abingdon,3.3797173119062425
345,346,E14000875,UKCP18 12km,20191201-20491130,annual,Pendle,2.747141984465468
346,347,E14000876,UKCP18 12km,20191201-20491130,annual,Penistone and Stocksbridge,2.926700466090698
347,348,E14000877,UKCP18 12km,20191201-20491130,annual,Penrith and The Border,2.6019813260200397
348,349,E14000878,UKCP18 12km,20191201-20491130,annual,Peterborough,3.3670906082269805
349,350,E14000879,UKCP18 12km,20191201-20491130,annual,"Plymouth, Moor View",2.849655758167836
350,351,E14000880,UKCP18 12km,20191201-20491130,annual,"Plymouth, Sutton and Devonport",2.7912550852386495
351,352,E14000881,UKCP18 12km,20191201-20491130,annual,Poole,3.027882987924883
352,353,E14000882,UKCP18 12km,20191201-20491130,annual,Poplar and Limehouse,2.8483993000722188
353,354,E14000883,UKCP18 12km,20191201-20491130,annual,Portsmouth North,3.244501148528311
354,355,E14000884,UKCP18 12km,20191201-20491130,annual,Portsmouth South,3.244501148528311
355,356,E14000885,UKCP18 12km,20191201-20491130,annual,Preston,2.5825010433142803
356,357,E14000886,UKCP18 12km,20191201-20491130,annual,Pudsey,2.8281149645701213
357,358,E14000887,UKCP18 12km,20191201-20491130,annual,Putney,2.9410001902389755
358,359,E14000888,UKCP18 12km,20191201-20491130,annual,Rayleigh and Wickford,3.085144562101
359,360,E14000889,UKCP18 12km,20191201-20491130,annual,Reading East,3.3943514901427405
360,361,E14000890,UKCP18 12km,20191201-20491130,annual,Reading West,3.4055821547692076
361,362,E14000891,UKCP18 12km,20191201-20491130,annual,Redcar,2.4810143335825736
362,363,E14000892,UKCP18 12km,20191201-20491130,annual,Redditch,3.3863389512555364
363,364,E14000893,UKCP18 12km,20191201-20491130,annual,Reigate,3.279120997832018
364,365,E14000894,UKCP18 12km,20191201-20491130,annual,Ribble Valley,2.6605733927915622
365,366,E14000895,UKCP18 12km,20191201-20491130,annual,Richmond (Yorks),2.6850869557263772
366,367,E14000896,UKCP18 12km,20191201-20491130,annual,Richmond Park,2.9410001902389755
367,368,E14000897,UKCP18 12km,20191201-20491130,annual,Rochdale,2.7507145449914394
368,369,E14000898,UKCP18 12km,20191201-20491130,annual,Rochester and Strood,2.871648771257245
369,370,E14000899,UKCP18 12km,20191201-20491130,annual,Rochford and Southend East,3.019718108817186
370,371,E14000900,UKCP18 12km,20191201-20491130,annual,Romford,2.903490145301524
371,372,E14000901,UKCP18 12km,20191201-20491130,annual,Romsey and Southampton North,3.416062784471426
372,373,E14000902,UKCP18 12km,20191201-20491130,annual,Rossendale and Darwen,2.665037992875943
373,374,E14000903,UKCP18 12km,20191201-20491130,annual,Rother Valley,3.1478213578150402
374,375,E14000904,UKCP18 12km,20191201-20491130,annual,Rotherham,3.0516161062757257
375,376,E14000905,UKCP18 12km,20191201-20491130,annual,Rugby,3.3474356001036454
376,377,E14000906,UKCP18 12km,20191201-20491130,annual,"Ruislip, Northwood and Pinner",2.9169582831412755
377,378,E14000907,UKCP18 12km,20191201-20491130,annual,Runnymede and Weybridge,3.376710213592663
378,379,E14000908,UKCP18 12km,20191201-20491130,annual,Rushcliffe,3.28418348223849
379,380,E14000909,UKCP18 12km,20191201-20491130,annual,Rutland and Melton,3.3434465615940576
380,381,E14000910,UKCP18 12km,20191201-20491130,annual,Saffron Walden,3.3560611589409284
381,382,E14000911,UKCP18 12km,20191201-20491130,annual,Salford and Eccles,2.620657461302509
382,383,E14000912,UKCP18 12km,20191201-20491130,annual,Salisbury,3.414023788498041
383,384,E14000913,UKCP18 12km,20191201-20491130,annual,Scarborough and Whitby,2.4753723605786093
384,385,E14000914,UKCP18 12km,20191201-20491130,annual,Scunthorpe,3.026928543566864
385,386,E14000915,UKCP18 12km,20191201-20491130,annual,Sedgefield,2.5389643065743734
386,387,E14000916,UKCP18 12km,20191201-20491130,annual,Sefton Central,2.4144667829922732
387,388,E14000917,UKCP18 12km,20191201-20491130,annual,Selby and Ainsty,3.02141164030226
388,389,E14000918,UKCP18 12km,20191201-20491130,annual,Sevenoaks,3.312849215553166
389,390,E14000919,UKCP18 12km,20191201-20491130,annual,Sheffield Central,3.0516161062757257
390,391,E14000920,UKCP18 12km,20191201-20491130,annual,Sheffield South East,3.0516161062757257
391,392,E14000921,UKCP18 12km,20191201-20491130,annual,"Sheffield, Brightside and Hillsborough",3.0516161062757257
392,393,E14000922,UKCP18 12km,20191201-20491130,annual,"Sheffield, Hallam",2.9496800165983177
393,394,E14000923,UKCP18 12km,20191201-20491130,annual,"Sheffield, Heeley",3.1246131260602397
394,395,E14000924,UKCP18 12km,20191201-20491130,annual,Sherwood,3.197504413191723
395,396,E14000925,UKCP18 12km,20191201-20491130,annual,Shipley,2.7372570938013987
396,397,E14000926,UKCP18 12km,20191201-20491130,annual,Shrewsbury and Atcham,3.1385947753015264
397,398,E14000927,UKCP18 12km,20191201-20491130,annual,Sittingbourne and Sheppey,3.138895546271156
398,399,E14000928,UKCP18 12km,20191201-20491130,annual,Skipton and Ripon,2.7301342297404148
399,400,E14000929,UKCP18 12km,20191201-20491130,annual,Sleaford and North Hykeham,3.272423680631913
400,401,E14000930,UKCP18 12km,20191201-20491130,annual,Slough,3.2809181180998994
401,402,E14000931,UKCP18 12km,20191201-20491130,annual,Solihull,3.283716248553519
402,403,E14000932,UKCP18 12km,20191201-20491130,annual,Somerton and Frome,3.3449886899547367
403,404,E14000933,UKCP18 12km,20191201-20491130,annual,South Basildon and East Thurrock,3.0018367293346784
404,405,E14000934,UKCP18 12km,20191201-20491130,annual,South Cambridgeshire,3.3778416802227555
405,406,E14000935,UKCP18 12km,20191201-20491130,annual,South Derbyshire,3.2804594209479037
406,407,E14000936,UKCP18 12km,20191201-20491130,annual,South Dorset,2.9441353890247477
407,408,E14000937,UKCP18 12km,20191201-20491130,annual,South East Cambridgeshire,3.4166747256457897
408,409,E14000938,UKCP18 12km,20191201-20491130,annual,South East Cornwall,2.835509659481439
409,410,E14000939,UKCP18 12km,20191201-20491130,annual,South Holland and The Deepings,3.274021131979488
410,411,E14000940,UKCP18 12km,20191201-20491130,annual,South Leicestershire,3.347993150064516
411,412,E14000941,UKCP18 12km,20191201-20491130,annual,South Norfolk,3.042276675907765
412,413,E14000942,UKCP18 12km,20191201-20491130,annual,South Northamptonshire,3.408097317406688
413,414,E14000943,UKCP18 12km,20191201-20491130,annual,South Ribble,2.5522168216936834
414,415,E14000944,UKCP18 12km,20191201-20491130,annual,South Shields,2.225458613391518
415,416,E14000945,UKCP18 12km,20191201-20491130,annual,South Staffordshire,3.0125993823505564
416,417,E14000946,UKCP18 12km,20191201-20491130,annual,South Suffolk,3.2857834404429243
417,418,E14000947,UKCP18 12km,20191201-20491130,annual,South Swindon,3.3597535779638936
418,419,E14000948,UKCP18 12km,20191201-20491130,annual,South Thanet,2.905815377387922
419,420,E14000949,UKCP18 12km,20191201-20491130,annual,South West Bedfordshire,3.258751830186038
420,421,E14000950,UKCP18 12km,20191201-20491130,annual,South West Devon,2.893211294754216
421,422,E14000951,UKCP18 12km,20191201-20491130,annual,South West Hertfordshire,3.206039993528828
422,423,E14000952,UKCP18 12km,20191201-20491130,annual,South West Norfolk,3.3130197421860106
423,424,E14000953,UKCP18 12km,20191201-20491130,annual,South West Surrey,3.490730611191002
424,425,E14000954,UKCP18 12km,20191201-20491130,annual,South West Wiltshire,3.3744829620894268
425,426,E14000955,UKCP18 12km,20191201-20491130,annual,"Southampton, Itchen",3.275558030483676
426,427,E14000956,UKCP18 12km,20191201-20491130,annual,"Southampton, Test",3.297718178411632
427,428,E14000957,UKCP18 12km,20191201-20491130,annual,Southend West,2.655371074862408
428,429,E14000958,UKCP18 12km,20191201-20491130,annual,Southport,2.3267874933910493
429,430,E14000959,UKCP18 12km,20191201-20491130,annual,Spelthorne,3.025096611439766
430,431,E14000960,UKCP18 12km,20191201-20491130,annual,St Albans,3.077494024119808
431,432,E14000961,UKCP18 12km,20191201-20491130,annual,St Austell and Newquay,2.8107009419368767
432,433,E14000962,UKCP18 12km,20191201-20491130,annual,St Helens North,2.6107942005506657
433,434,E14000963,UKCP18 12km,20191201-20491130,annual,St Helens South and Whiston,2.716077373548277
434,435,E14000964,UKCP18 12km,20191201-20491130,annual,St Ives,2.7075589728402636
435,436,E14000965,UKCP18 12km,20191201-20491130,annual,Stafford,3.160560756285286
436,437,E14000966,UKCP18 12km,20191201-20491130,annual,Staffordshire Moorlands,3.0872093691244262
437,438,E14000967,UKCP18 12km,20191201-20491130,annual,Stalybridge and Hyde,2.9072886960245525
438,439,E14000968,UKCP18 12km,20191201-20491130,annual,Stevenage,3.2388873235197764
439,440,E14000969,UKCP18 12km,20191201-20491130,annual,Stockport,2.821825462780175
440,441,E14000970,UKCP18 12km,20191201-20491130,annual,Stockton North,2.456265056181519
441,442,E14000971,UKCP18 12km,20191201-20491130,annual,Stockton South,2.7211535319127016
442,443,E14000972,UKCP18 12km,20191201-20491130,annual,Stoke-on-Trent Central,3.1004885096802184
443,444,E14000973,UKCP18 12km,20191201-20491130,annual,Stoke-on-Trent North,2.9910903045472437
444,445,E14000974,UKCP18 12km,20191201-20491130,annual,Stoke-on-Trent South,3.1004885096802184
445,446,E14000975,UKCP18 12km,20191201-20491130,annual,Stone,3.184841938919223
446,447,E14000976,UKCP18 12km,20191201-20491130,annual,Stourbridge,3.246883845288329
447,448,E14000977,UKCP18 12km,20191201-20491130,annual,Stratford-on-Avon,3.3527531116738754
448,449,E14000978,UKCP18 12km,20191201-20491130,annual,Streatham,2.969439081732452
449,450,E14000979,UKCP18 12km,20191201-20491130,annual,Stretford and Urmston,2.685236166330897
450,451,E14000980,UKCP18 12km,20191201-20491130,annual,Stroud,3.3412391252888494
451,452,E14000981,UKCP18 12km,20191201-20491130,annual,Suffolk Coastal,2.7426564688475263
452,453,E14000982,UKCP18 12km,20191201-20491130,annual,Sunderland Central,2.225458613391518
453,454,E14000983,UKCP18 12km,20191201-20491130,annual,Surrey Heath,3.376710213592663
454,455,E14000984,UKCP18 12km,20191201-20491130,annual,Sutton and Cheam,3.102089412476729
455,456,E14000985,UKCP18 12km,20191201-20491130,annual,Sutton Coldfield,3.223695414121844
456,457,E14000986,UKCP18 12km,20191201-20491130,annual,Tamworth,3.2392905529601053
457,458,E14000987,UKCP18 12km,20191201-20491130,annual,Tatton,2.8937155045018725
458,459,E14000988,UKCP18 12km,20191201-20491130,annual,Taunton Deane,3.242805201037152
459,460,E14000989,UKCP18 12km,20191201-20491130,annual,Telford,3.212917211190549
460,461,E14000990,UKCP18 12km,20191201-20491130,annual,Tewkesbury,3.3730955715636326
461,462,E14000991,UKCP18 12km,20191201-20491130,annual,The Cotswolds,3.363148363117755
462,463,E14000992,UKCP18 12km,20191201-20491130,annual,The Wrekin,3.211195347379144
463,464,E14000993,UKCP18 12km,20191201-20491130,annual,Thirsk and Malton,2.800035091085051
464,465,E14000994,UKCP18 12km,20191201-20491130,annual,Thornbury and Yate,3.288412869843457
465,466,E14000995,UKCP18 12km,20191201-20491130,annual,Thurrock,3.156201053843222
466,467,E14000996,UKCP18 12km,20191201-20491130,annual,Tiverton and Honiton,3.1681954286852103
467,468,E14000997,UKCP18 12km,20191201-20491130,annual,Tonbridge and Malling,3.3717519650127272
468,469,E14000998,UKCP18 12km,20191201-20491130,annual,Tooting,2.9410001902389755
469,470,E14000999,UKCP18 12km,20191201-20491130,annual,Torbay,2.8258571774390524
470,471,E14001000,UKCP18 12km,20191201-20491130,annual,Torridge and West Devon,2.975587612182079
471,472,E14001001,UKCP18 12km,20191201-20491130,annual,Totnes,2.8305832808903655
472,473,E14001002,UKCP18 12km,20191201-20491130,annual,Tottenham,2.8483993000722188
473,474,E14001003,UKCP18 12km,20191201-20491130,annual,Truro and Falmouth,2.7666050935973936
474,475,E14001004,UKCP18 12km,20191201-20491130,annual,Tunbridge Wells,3.408535018758959
475,476,E14001005,UKCP18 12km,20191201-20491130,annual,Twickenham,3.025096611439766
476,477,E14001006,UKCP18 12km,20191201-20491130,annual,Tynemouth,2.2351596431417176
477,478,E14001007,UKCP18 12km,20191201-20491130,annual,Uxbridge and South Ruislip,2.9169582831412755
478,479,E14001008,UKCP18 12km,20191201-20491130,annual,Vauxhall,2.969439081732452
479,480,E14001009,UKCP18 12km,20191201-20491130,annual,Wakefield,3.022466048576861
480,481,E14001010,UKCP18 12km,20191201-20491130,annual,Wallasey,2.3837948174670873
481,482,E14001011,UKCP18 12km,20191201-20491130,annual,Walsall North,3.0815424544047993
482,483,E14001012,UKCP18 12km,20191201-20491130,annual,Walsall South,3.075554174097229
483,484,E14001013,UKCP18 12km,20191201-20491130,annual,Walthamstow,2.8483993000722188
484,485,E14001014,UKCP18 12km,20191201-20491130,annual,Wansbeck,2.111844347116674
485,486,E14001015,UKCP18 12km,20191201-20491130,annual,Wantage,3.38103215995298
486,487,E14001016,UKCP18 12km,20191201-20491130,annual,Warley,3.2228773204645336
487,488,E14001017,UKCP18 12km,20191201-20491130,annual,Warrington North,2.906692432086453
488,489,E14001018,UKCP18 12km,20191201-20491130,annual,Warrington South,2.906692432086453
489,490,E14001019,UKCP18 12km,20191201-20491130,annual,Warwick and Leamington,3.353391537436952
490,491,E14001020,UKCP18 12km,20191201-20491130,annual,Washington and Sunderland West,2.225458613391518
491,492,E14001021,UKCP18 12km,20191201-20491130,annual,Watford,2.9150744918576676
492,493,E14001022,UKCP18 12km,20191201-20491130,annual,Waveney,2.6690020128769225
493,494,E14001023,UKCP18 12km,20191201-20491130,annual,Wealden,3.3528256144951367
494,495,E14001024,UKCP18 12km,20191201-20491130,annual,Weaver Vale,2.9509248106690222
495,496,E14001025,UKCP18 12km,20191201-20491130,annual,Wellingborough,3.420795731892268
496,497,E14001026,UKCP18 12km,20191201-20491130,annual,Wells,3.308684024055376
497,498,E14001027,UKCP18 12km,20191201-20491130,annual,Welwyn Hatfield,3.046954322438508
498,499,E14001028,UKCP18 12km,20191201-20491130,annual,Wentworth and Dearne,3.105925491942132
499,500,E14001029,UKCP18 12km,20191201-20491130,annual,West Bromwich East,3.075554174097229
500,501,E14001030,UKCP18 12km,20191201-20491130,annual,West Bromwich West,3.075554174097229
501,502,E14001031,UKCP18 12km,20191201-20491130,annual,West Dorset,3.1682797516457577
502,503,E14001032,UKCP18 12km,20191201-20491130,annual,West Ham,2.8483993000722188
503,504,E14001033,UKCP18 12km,20191201-20491130,annual,West Lancashire,2.643804972963597
504,505,E14001034,UKCP18 12km,20191201-20491130,annual,West Suffolk,3.375023985583365
505,506,E14001035,UKCP18 12km,20191201-20491130,annual,West Worcestershire,3.3537098004168584
506,507,E14001036,UKCP18 12km,20191201-20491130,annual,Westminster North,2.8813382040596256
507,508,E14001037,UKCP18 12km,20191201-20491130,annual,Westmorland and Lonsdale,2.55324922310066
508,509,E14001038,UKCP18 12km,20191201-20491130,annual,Weston-Super-Mare,3.22260556639393
509,510,E14001039,UKCP18 12km,20191201-20491130,annual,Wigan,2.6107942005506657
510,511,E14001040,UKCP18 12km,20191201-20491130,annual,Wimbledon,2.9410001902389755
511,512,E14001041,UKCP18 12km,20191201-20491130,annual,Winchester,3.426385798717111
512,513,E14001042,UKCP18 12km,20191201-20491130,annual,Windsor,3.310904701933648
513,514,E14001043,UKCP18 12km,20191201-20491130,annual,Wirral South,2.771661991401712
514,515,E14001044,UKCP18 12km,20191201-20491130,annual,Wirral West,2.3837948174670873
515,516,E14001045,UKCP18 12km,20191201-20491130,annual,Witham,3.3132216110131254
516,517,E14001046,UKCP18 12km,20191201-20491130,annual,Witney,3.3708576856695527
517,518,E14001047,UKCP18 12km,20191201-20491130,annual,Woking,3.376710213592663
518,519,E14001048,UKCP18 12km,20191201-20491130,annual,Wokingham,3.4195421217956032
519,520,E14001049,UKCP18 12km,20191201-20491130,annual,Wolverhampton North East,2.9744868192607767
520,521,E14001050,UKCP18 12km,20191201-20491130,annual,Wolverhampton South East,3.050711945440336
521,522,E14001051,UKCP18 12km,20191201-20491130,annual,Wolverhampton South West,3.050711945440336
522,523,E14001052,UKCP18 12km,20191201-20491130,annual,Worcester,3.38498658445519
523,524,E14001053,UKCP18 12km,20191201-20491130,annual,Workington,2.4272030183400326
524,525,E14001054,UKCP18 12km,20191201-20491130,annual,Worsley and Eccles South,2.620657461302509
525,526,E14001055,UKCP18 12km,20191201-20491130,annual,Worthing West,3.195861132808965
526,527,E14001056,UKCP18 12km,20191201-20491130,annual,Wycombe,3.312130078229567
527,528,E14001057,UKCP18 12km,20191201-20491130,annual,Wyre and Preston North,2.5728945057218557
528,529,E14001058,UKCP18 12km,20191201-20491130,annual,Wyre Forest,3.2905306659787037
529,530,E14001059,UKCP18 12km,20191201-20491130,annual,Wythenshawe and Sale East,2.685236166330897
530,531,E14001060,UKCP18 12km,20191201-20491130,annual,Yeovil,3.2959720402498456
531,532,E14001061,UKCP18 12km,20191201-20491130,annual,York Central,2.9876749616286347
532,533,E14001062,UKCP18 12km,20191201-20491130,annual,York Outer,2.954029879718605
533,534,N06000001,UKCP18 12km,20191201-20491130,annual,Belfast East,2.028482673664826
534,535,N06000002,UKCP18 12km,20191201-20491130,annual,Belfast North,2.028482673664826
535,536,N06000003,UKCP18 12km,20191201-20491130,annual,Belfast South,2.1459901682182076
536,537,N06000004,UKCP18 12km,20191201-20491130,annual,Belfast West,2.1993403673176304
537,538,N06000005,UKCP18 12km,20191201-20491130,annual,East Antrim,1.9447552788481912
538,539,N06000006,UKCP18 12km,20191201-20491130,annual,East Londonderry,2.137170716781051
539,540,N06000007,UKCP18 12km,20191201-20491130,annual,Fermanagh and South Tyrone,2.2561959019529803
540,541,N06000008,UKCP18 12km,20191201-20491130,annual,Foyle,2.0454667391265544
541,542,N06000009,UKCP18 12km,20191201-20491130,annual,Lagan Valley,2.3041260731386504
542,543,N06000010,UKCP18 12km,20191201-20491130,annual,Mid Ulster,2.1777054125034954
543,544,N06000011,UKCP18 12km,20191201-20491130,annual,Newry and Armagh,2.3236756946597907
544,545,N06000012,UKCP18 12km,20191201-20491130,annual,North Antrim,2.1058376531559215
545,546,N06000013,UKCP18 12km,20191201-20491130,annual,North Down,1.8717267430589057
546,547,N06000014,UKCP18 12km,20191201-20491130,annual,South Antrim,2.073805195042296
547,548,N06000015,UKCP18 12km,20191201-20491130,annual,South Down,2.184788984665628
548,549,N06000016,UKCP18 12km,20191201-20491130,annual,Strangford,2.013415174660457
549,550,N06000017,UKCP18 12km,20191201-20491130,annual,Upper Bann,2.3020289276814965
550,551,N06000018,UKCP18 12km,20191201-20491130,annual,West Tyrone,2.2680408273043025
551,552,S14000001,UKCP18 12km,20191201-20491130,annual,Aberdeen North,1.875482373278916
552,553,S14000002,UKCP18 12km,20191201-20491130,annual,Aberdeen South,1.8638681174430491
553,554,S14000003,UKCP18 12km,20191201-20491130,annual,Airdrie and Shotts,2.36723040145698
554,555,S14000004,UKCP18 12km,20191201-20491130,annual,Angus,2.3038465477452417
555,556,S14000005,UKCP18 12km,20191201-20491130,annual,Argyll and Bute,2.104466187696469
556,557,S14000006,UKCP18 12km,20191201-20491130,annual,"Ayr, Carrick and Cumnock",2.2254461634147416
557,558,S14000007,UKCP18 12km,20191201-20491130,annual,Banff and Buchan,2.0482319409014336
558,559,S14000008,UKCP18 12km,20191201-20491130,annual,"Berwickshire, Roxburgh and Selkirk",2.4789019260365346
559,560,S14000009,UKCP18 12km,20191201-20491130,annual,"Caithness, Sutherland and Easter Ross",1.915403320026884
560,561,S14000010,UKCP18 12km,20191201-20491130,annual,Central Ayrshire,2.290167739470275
561,562,S14000011,UKCP18 12km,20191201-20491130,annual,"Coatbridge, Chryston and Bellshill",2.31815164250791
562,563,S14000012,UKCP18 12km,20191201-20491130,annual,"Cumbernauld, Kilsyth and Kirkintilloch East",2.3452168693603905
563,564,S14000013,UKCP18 12km,20191201-20491130,annual,Dumfries and Galloway,2.3310836476883403
564,565,S14000014,UKCP18 12km,20191201-20491130,annual,"Dumfriesshire, Clydesdale and Tweeddale",2.4612319704180208
565,566,S14000015,UKCP18 12km,20191201-20491130,annual,Dundee East,2.1270233727151324
566,567,S14000016,UKCP18 12km,20191201-20491130,annual,Dundee West,2.294878290325395
567,568,S14000017,UKCP18 12km,20191201-20491130,annual,Dunfermline and West Fife,2.3065309386055812
568,569,S14000018,UKCP18 12km,20191201-20491130,annual,East Dunbartonshire,2.3355288332093007
569,570,S14000019,UKCP18 12km,20191201-20491130,annual,"East Kilbride, Strathaven and Lesmahagow",2.336839632620116
570,571,S14000020,UKCP18 12km,20191201-20491130,annual,East Lothian,2.399597977790809
571,572,S14000021,UKCP18 12km,20191201-20491130,annual,East Renfrewshire,2.37117104675851
572,573,S14000022,UKCP18 12km,20191201-20491130,annual,Edinburgh East,2.339988645005099
573,574,S14000023,UKCP18 12km,20191201-20491130,annual,Edinburgh North and Leith,2.137412398072651
574,575,S14000024,UKCP18 12km,20191201-20491130,annual,Edinburgh South,2.339988645005099
575,576,S14000025,UKCP18 12km,20191201-20491130,annual,Edinburgh South West,2.3430259444412287
576,577,S14000026,UKCP18 12km,20191201-20491130,annual,Edinburgh West,2.137412398072651
577,578,S14000027,UKCP18 12km,20191201-20491130,annual,Na h-Eileanan an Iar,1.726111661575364
578,579,S14000028,UKCP18 12km,20191201-20491130,annual,Falkirk,2.3406395968108153
579,580,S14000029,UKCP18 12km,20191201-20491130,annual,Glasgow Central,2.3107066033959756
580,581,S14000030,UKCP18 12km,20191201-20491130,annual,Glasgow East,2.31815164250791
581,582,S14000031,UKCP18 12km,20191201-20491130,annual,Glasgow North,2.3107066033959756
582,583,S14000032,UKCP18 12km,20191201-20491130,annual,Glasgow North East,2.3107066033959756
583,584,S14000033,UKCP18 12km,20191201-20491130,annual,Glasgow North West,2.3107066033959756
584,585,S14000034,UKCP18 12km,20191201-20491130,annual,Glasgow South,2.3107066033959756
585,586,S14000035,UKCP18 12km,20191201-20491130,annual,Glasgow South West,2.3107066033959756
586,587,S14000036,UKCP18 12km,20191201-20491130,annual,Glenrothes,2.401861340482263
587,588,S14000037,UKCP18 12km,20191201-20491130,annual,Gordon,2.1254924344896025
588,589,S14000038,UKCP18 12km,20191201-20491130,annual,Inverclyde,2.3205227917856157
589,590,S14000039,UKCP18 12km,20191201-20491130,annual,"Inverness, Nairn, Badenoch and Strathspey",2.27309514199983
590,591,S14000040,UKCP18 12km,20191201-20491130,annual,Kilmarnock and Loudoun,2.3038452704160584
591,592,S14000041,UKCP18 12km,20191201-20491130,annual,Kirkcaldy and Cowdenbeath,2.21196230262817
592,593,S14000042,UKCP18 12km,20191201-20491130,annual,Lanark and Hamilton East,2.356838375640887
593,594,S14000043,UKCP18 12km,20191201-20491130,annual,Linlithgow and East Falkirk,2.290388295608149
594,595,S14000044,UKCP18 12km,20191201-20491130,annual,Livingston,2.276274338888626
595,596,S14000045,UKCP18 12km,20191201-20491130,annual,Midlothian,2.4419131705982657
596,597,S14000046,UKCP18 12km,20191201-20491130,annual,Moray,2.2730112132764093
597,598,S14000047,UKCP18 12km,20191201-20491130,annual,Motherwell and Wishaw,2.3972558280213803
598,599,S14000048,UKCP18 12km,20191201-20491130,annual,North Ayrshire and Arran,2.1319103959524095
599,600,S14000049,UKCP18 12km,20191201-20491130,annual,North East Fife,2.281376342266358
600,601,S14000050,UKCP18 12km,20191201-20491130,annual,Ochil and South Perthshire,2.4791252190067143
601,602,S14000051,UKCP18 12km,20191201-20491130,annual,Orkney and Shetland,1.5606448798013695
602,603,S14000052,UKCP18 12km,20191201-20491130,annual,Paisley and Renfrewshire North,2.3283436558571426
603,604,S14000053,UKCP18 12km,20191201-20491130,annual,Paisley and Renfrewshire South,2.3205227917856157
604,605,S14000054,UKCP18 12km,20191201-20491130,annual,Perth and North Perthshire,2.490616599882038
605,606,S14000055,UKCP18 12km,20191201-20491130,annual,"Ross, Skye and Lochaber",2.040991431142969
606,607,S14000056,UKCP18 12km,20191201-20491130,annual,Rutherglen and Hamilton West,2.3506190728867966
607,608,S14000057,UKCP18 12km,20191201-20491130,annual,Stirling,2.363026907622983
608,609,S14000058,UKCP18 12km,20191201-20491130,annual,West Aberdeenshire and Kincardine,2.2674390837806255
609,610,S14000059,UKCP18 12km,20191201-20491130,annual,West Dunbartonshire,2.3295123794878685
610,611,W07000041,UKCP18 12km,20191201-20491130,annual,Ynys Mon,2.172666168351129
611,612,W07000042,UKCP18 12km,20191201-20491130,annual,Delyn,2.817192545388282
612,613,W07000043,UKCP18 12km,20191201-20491130,annual,Alyn and Deeside,2.890272592992789
613,614,W07000044,UKCP18 12km,20191201-20491130,annual,Wrexham,3.00497009456204
614,615,W07000045,UKCP18 12km,20191201-20491130,annual,Llanelli,2.797126601283002
615,616,W07000046,UKCP18 12km,20191201-20491130,annual,Gower,2.7920376585808966
616,617,W07000047,UKCP18 12km,20191201-20491130,annual,Swansea West,2.7920376585808966
617,618,W07000048,UKCP18 12km,20191201-20491130,annual,Swansea East,2.7115796843128472
618,619,W07000049,UKCP18 12km,20191201-20491130,annual,Aberavon,2.9990541510698328
619,620,W07000050,UKCP18 12km,20191201-20491130,annual,Cardiff Central,2.6583819294519926
620,621,W07000051,UKCP18 12km,20191201-20491130,annual,Cardiff North,3.060017609948114
621,622,W07000052,UKCP18 12km,20191201-20491130,annual,Rhondda,2.888090228649162
622,623,W07000053,UKCP18 12km,20191201-20491130,annual,Torfaen,3.107492326012291
623,624,W07000054,UKCP18 12km,20191201-20491130,annual,Monmouth,3.2372763880296476
624,625,W07000055,UKCP18 12km,20191201-20491130,annual,Newport East,2.8304703437359215
625,626,W07000056,UKCP18 12km,20191201-20491130,annual,Newport West,2.8304703437359215
626,627,W07000057,UKCP18 12km,20191201-20491130,annual,Arfon,2.4803300915234368
627,628,W07000058,UKCP18 12km,20191201-20491130,annual,Aberconwy,2.51161494556023
628,629,W07000059,UKCP18 12km,20191201-20491130,annual,Clwyd West,2.6301744237602223
629,630,W07000060,UKCP18 12km,20191201-20491130,annual,Vale of Clwyd,2.7174302171267226
630,631,W07000061,UKCP18 12km,20191201-20491130,annual,Dwyfor Meirionnydd,2.5298773365036027
631,632,W07000062,UKCP18 12km,20191201-20491130,annual,Clwyd South,2.8646321990767523
632,633,W07000063,UKCP18 12km,20191201-20491130,annual,Montgomeryshire,2.8336578769936374
633,634,W07000064,UKCP18 12km,20191201-20491130,annual,Ceredigion,2.7046368085123564
634,635,W07000065,UKCP18 12km,20191201-20491130,annual,Preseli Pembrokeshire,2.7628012618394133
635,636,W07000066,UKCP18 12km,20191201-20491130,annual,Carmarthen West and South Pembrokeshire,2.7238769794641264
636,637,W07000067,UKCP18 12km,20191201-20491130,annual,Carmarthen East and Dinefwr,2.8160046668283134
637,638,W07000068,UKCP18 12km,20191201-20491130,annual,Brecon and Radnorshire,2.9258437667181845
638,639,W07000069,UKCP18 12km,20191201-20491130,annual,Neath,2.844494340141164
639,640,W07000070,UKCP18 12km,20191201-20491130,annual,Cynon Valley,2.9406141082112858
640,641,W07000071,UKCP18 12km,20191201-20491130,annual,Merthyr Tydfil and Rhymney,2.903249305421672
641,642,W07000072,UKCP18 12km,20191201-20491130,annual,Blaenau Gwent,3.037644167774591
642,643,W07000073,UKCP18 12km,20191201-20491130,annual,Bridgend,2.9990541510698328
643,644,W07000074,UKCP18 12km,20191201-20491130,annual,Ogmore,3.0214135661485018
644,645,W07000075,UKCP18 12km,20191201-20491130,annual,Pontypridd,3.11998822558339
645,646,W07000076,UKCP18 12km,20191201-20491130,annual,Caerphilly,3.060017609948114
646,647,W07000077,UKCP18 12km,20191201-20491130,annual,Islwyn,3.0669808070490845
647,648,W07000078,UKCP18 12km,20191201-20491130,annual,Vale of Glamorgan,2.971202669333387
648,649,W07000079,UKCP18 12km,20191201-20491130,annual,Cardiff West,2.6583819294519926
649,650,W07000080,UKCP18 12km,20191201-20491130,annual,Cardiff South and Penarth,2.6583819294519926
