,period,season,ensemble,region,constituency,value
0,19801201-20101130,annual,UKCP18 12km,E14000530,E14000530,29.572067725574417
1,19801201-20101130,annual,UKCP18 12km,E14000531,E14000531,28.821025561558887
2,19801201-20101130,annual,UKCP18 12km,E14000532,E14000532,27.98190767923887
3,19801201-20101130,annual,UKCP18 12km,E14000533,E14000533,28.049160016803267
4,19801201-20101130,annual,UKCP18 12km,E14000534,E14000534,28.33330935291645
5,19801201-20101130,annual,UKCP18 12km,E14000535,E14000535,28.65074629244495
6,19801201-20101130,annual,UKCP18 12km,E14000536,E14000536,29.091165123759463
7,19801201-20101130,annual,UKCP18 12km,E14000537,E14000537,27.159059714606105
8,19801201-20101130,annual,UKCP18 12km,E14000538,E14000538,28.804044559151542
9,19801201-20101130,annual,UKCP18 12km,E14000539,E14000539,29.00408605924713
10,19801201-20101130,annual,UKCP18 12km,E14000540,E14000540,29.660931350325114
11,19801201-20101130,annual,UKCP18 12km,E14000541,E14000541,28.363544684857185
12,19801201-20101130,annual,UKCP18 12km,E14000542,E14000542,28.133162490299927
13,19801201-20101130,annual,UKCP18 12km,E14000543,E14000543,25.351450265264535
14,19801201-20101130,annual,UKCP18 12km,E14000544,E14000544,28.839030915379595
15,19801201-20101130,annual,UKCP18 12km,E14000545,E14000545,28.818374016302524
16,19801201-20101130,annual,UKCP18 12km,E14000546,E14000546,29.002268824021495
17,19801201-20101130,annual,UKCP18 12km,E14000547,E14000547,28.485330997960702
18,19801201-20101130,annual,UKCP18 12km,E14000548,E14000548,27.6665674361
19,19801201-20101130,annual,UKCP18 12km,E14000549,E14000549,30.529342325940046
20,19801201-20101130,annual,UKCP18 12km,E14000550,E14000550,29.345612833111915
21,19801201-20101130,annual,UKCP18 12km,E14000551,E14000551,29.420399119906634
22,19801201-20101130,annual,UKCP18 12km,E14000552,E14000552,29.25444595317569
23,19801201-20101130,annual,UKCP18 12km,E14000553,E14000553,30.290214646404
24,19801201-20101130,annual,UKCP18 12km,E14000554,E14000554,24.741642990570025
25,19801201-20101130,annual,UKCP18 12km,E14000555,E14000555,30.765774015954378
26,19801201-20101130,annual,UKCP18 12km,E14000556,E14000556,27.44465246322096
27,19801201-20101130,annual,UKCP18 12km,E14000557,E14000557,28.070487602058407
28,19801201-20101130,annual,UKCP18 12km,E14000558,E14000558,29.963201435691175
29,19801201-20101130,annual,UKCP18 12km,E14000559,E14000559,24.201833687051874
30,19801201-20101130,annual,UKCP18 12km,E14000560,E14000560,28.78370320891793
31,19801201-20101130,annual,UKCP18 12km,E14000561,E14000561,28.894053624408183
32,19801201-20101130,annual,UKCP18 12km,E14000562,E14000562,28.86638375619211
33,19801201-20101130,annual,UKCP18 12km,E14000563,E14000563,28.86638375619211
34,19801201-20101130,annual,UKCP18 12km,E14000564,E14000564,28.78370320891793
35,19801201-20101130,annual,UKCP18 12km,E14000565,E14000565,28.78370320891793
36,19801201-20101130,annual,UKCP18 12km,E14000566,E14000566,28.96408822753369
37,19801201-20101130,annual,UKCP18 12km,E14000567,E14000567,28.78370320891793
38,19801201-20101130,annual,UKCP18 12km,E14000568,E14000568,28.86638375619211
39,19801201-20101130,annual,UKCP18 12km,E14000569,E14000569,24.59270779525494
40,19801201-20101130,annual,UKCP18 12km,E14000570,E14000570,26.496300959839658
41,19801201-20101130,annual,UKCP18 12km,E14000571,E14000571,27.159059714606105
42,19801201-20101130,annual,UKCP18 12km,E14000572,E14000572,26.675737751525688
43,19801201-20101130,annual,UKCP18 12km,E14000573,E14000573,26.675737751525688
44,19801201-20101130,annual,UKCP18 12km,E14000574,E14000574,26.40004228329493
45,19801201-20101130,annual,UKCP18 12km,E14000575,E14000575,26.614386311037432
46,19801201-20101130,annual,UKCP18 12km,E14000576,E14000576,25.577671615625125
47,19801201-20101130,annual,UKCP18 12km,E14000577,E14000577,28.541852314092537
48,19801201-20101130,annual,UKCP18 12km,E14000578,E14000578,27.019271117327236
49,19801201-20101130,annual,UKCP18 12km,E14000579,E14000579,27.82062091403961
50,19801201-20101130,annual,UKCP18 12km,E14000580,E14000580,27.106810370331065
51,19801201-20101130,annual,UKCP18 12km,E14000581,E14000581,24.407887528272415
52,19801201-20101130,annual,UKCP18 12km,E14000582,E14000582,28.016081430022027
53,19801201-20101130,annual,UKCP18 12km,E14000583,E14000583,28.843411181653607
54,19801201-20101130,annual,UKCP18 12km,E14000584,E14000584,28.25372052031604
55,19801201-20101130,annual,UKCP18 12km,E14000585,E14000585,26.913402936475148
56,19801201-20101130,annual,UKCP18 12km,E14000586,E14000586,29.749727398117823
57,19801201-20101130,annual,UKCP18 12km,E14000587,E14000587,27.206090424155473
58,19801201-20101130,annual,UKCP18 12km,E14000588,E14000588,26.883102751446955
59,19801201-20101130,annual,UKCP18 12km,E14000589,E14000589,27.206090424155473
60,19801201-20101130,annual,UKCP18 12km,E14000590,E14000590,28.961481010538545
61,19801201-20101130,annual,UKCP18 12km,E14000591,E14000591,31.065021760307374
62,19801201-20101130,annual,UKCP18 12km,E14000592,E14000592,31.065021760307374
63,19801201-20101130,annual,UKCP18 12km,E14000593,E14000593,30.529342325940046
64,19801201-20101130,annual,UKCP18 12km,E14000594,E14000594,28.978123608973448
65,19801201-20101130,annual,UKCP18 12km,E14000595,E14000595,27.469468834922708
66,19801201-20101130,annual,UKCP18 12km,E14000596,E14000596,28.938795318062056
67,19801201-20101130,annual,UKCP18 12km,E14000597,E14000597,25.815102344779906
68,19801201-20101130,annual,UKCP18 12km,E14000598,E14000598,28.94812308054311
69,19801201-20101130,annual,UKCP18 12km,E14000599,E14000599,28.651633575822956
70,19801201-20101130,annual,UKCP18 12km,E14000600,E14000600,28.083304916076358
71,19801201-20101130,annual,UKCP18 12km,E14000601,E14000601,28.083304916076358
72,19801201-20101130,annual,UKCP18 12km,E14000602,E14000602,28.083304916076358
73,19801201-20101130,annual,UKCP18 12km,E14000603,E14000603,28.60534779609029
74,19801201-20101130,annual,UKCP18 12km,E14000604,E14000604,29.963201435691175
75,19801201-20101130,annual,UKCP18 12km,E14000605,E14000605,28.956361043674267
76,19801201-20101130,annual,UKCP18 12km,E14000606,E14000606,29.360473065159752
77,19801201-20101130,annual,UKCP18 12km,E14000607,E14000607,28.789807863052364
78,19801201-20101130,annual,UKCP18 12km,E14000608,E14000608,28.96866396279068
79,19801201-20101130,annual,UKCP18 12km,E14000609,E14000609,25.807102725560757
80,19801201-20101130,annual,UKCP18 12km,E14000610,E14000610,28.435628009937147
81,19801201-20101130,annual,UKCP18 12km,E14000611,E14000611,27.019271117327236
82,19801201-20101130,annual,UKCP18 12km,E14000612,E14000612,27.82062091403961
83,19801201-20101130,annual,UKCP18 12km,E14000613,E14000613,28.824771644484883
84,19801201-20101130,annual,UKCP18 12km,E14000614,E14000614,26.284203222285328
85,19801201-20101130,annual,UKCP18 12km,E14000615,E14000615,30.290214646404
86,19801201-20101130,annual,UKCP18 12km,E14000616,E14000616,24.328773436876396
87,19801201-20101130,annual,UKCP18 12km,E14000617,E14000617,29.50106737382251
88,19801201-20101130,annual,UKCP18 12km,E14000618,E14000618,28.754524188335353
89,19801201-20101130,annual,UKCP18 12km,E14000619,E14000619,27.908709710731806
90,19801201-20101130,annual,UKCP18 12km,E14000620,E14000620,25.960023077985696
91,19801201-20101130,annual,UKCP18 12km,E14000621,E14000621,29.420399119906634
92,19801201-20101130,annual,UKCP18 12km,E14000622,E14000622,25.737054865981253
93,19801201-20101130,annual,UKCP18 12km,E14000623,E14000623,26.870360578176008
94,19801201-20101130,annual,UKCP18 12km,E14000624,E14000624,28.448337375180586
95,19801201-20101130,annual,UKCP18 12km,E14000625,E14000625,28.778698625924147
96,19801201-20101130,annual,UKCP18 12km,E14000626,E14000626,29.465764947428625
97,19801201-20101130,annual,UKCP18 12km,E14000627,E14000627,27.094070598006237
98,19801201-20101130,annual,UKCP18 12km,E14000628,E14000628,28.802949831745934
99,19801201-20101130,annual,UKCP18 12km,E14000629,E14000629,30.529342325940046
100,19801201-20101130,annual,UKCP18 12km,E14000630,E14000630,28.719710834786028
101,19801201-20101130,annual,UKCP18 12km,E14000631,E14000631,28.979074234468712
102,19801201-20101130,annual,UKCP18 12km,E14000632,E14000632,27.57512245102184
103,19801201-20101130,annual,UKCP18 12km,E14000633,E14000633,27.64457945633686
104,19801201-20101130,annual,UKCP18 12km,E14000634,E14000634,30.39812201248824
105,19801201-20101130,annual,UKCP18 12km,E14000635,E14000635,28.571612487227497
106,19801201-20101130,annual,UKCP18 12km,E14000636,E14000636,30.41808124174857
107,19801201-20101130,annual,UKCP18 12km,E14000637,E14000637,27.2254555186023
108,19801201-20101130,annual,UKCP18 12km,E14000638,E14000638,28.25372052031604
109,19801201-20101130,annual,UKCP18 12km,E14000639,E14000639,30.765774015954378
110,19801201-20101130,annual,UKCP18 12km,E14000640,E14000640,27.44588937562484
111,19801201-20101130,annual,UKCP18 12km,E14000641,E14000641,26.517276747016
112,19801201-20101130,annual,UKCP18 12km,E14000642,E14000642,27.81037836730337
113,19801201-20101130,annual,UKCP18 12km,E14000643,E14000643,28.626802196580243
114,19801201-20101130,annual,UKCP18 12km,E14000644,E14000644,29.075635225614977
115,19801201-20101130,annual,UKCP18 12km,E14000645,E14000645,25.93086050039496
116,19801201-20101130,annual,UKCP18 12km,E14000646,E14000646,27.514160764730374
117,19801201-20101130,annual,UKCP18 12km,E14000647,E14000647,24.23442594787363
118,19801201-20101130,annual,UKCP18 12km,E14000648,E14000648,29.124438790374754
119,19801201-20101130,annual,UKCP18 12km,E14000649,E14000649,29.198185815111014
120,19801201-20101130,annual,UKCP18 12km,E14000650,E14000650,29.085723806297295
121,19801201-20101130,annual,UKCP18 12km,E14000651,E14000651,29.198185815111014
122,19801201-20101130,annual,UKCP18 12km,E14000652,E14000652,28.86252036718824
123,19801201-20101130,annual,UKCP18 12km,E14000653,E14000653,27.70928468942669
124,19801201-20101130,annual,UKCP18 12km,E14000654,E14000654,29.420399119906634
125,19801201-20101130,annual,UKCP18 12km,E14000655,E14000655,30.290214646404
126,19801201-20101130,annual,UKCP18 12km,E14000656,E14000656,29.420399119906634
127,19801201-20101130,annual,UKCP18 12km,E14000657,E14000657,29.660931350325114
128,19801201-20101130,annual,UKCP18 12km,E14000658,E14000658,26.948957319246187
129,19801201-20101130,annual,UKCP18 12km,E14000659,E14000659,29.560739001795287
130,19801201-20101130,annual,UKCP18 12km,E14000660,E14000660,28.701321821828994
131,19801201-20101130,annual,UKCP18 12km,E14000661,E14000661,27.094070598006237
132,19801201-20101130,annual,UKCP18 12km,E14000662,E14000662,28.51764786655224
133,19801201-20101130,annual,UKCP18 12km,E14000663,E14000663,28.84951750452075
134,19801201-20101130,annual,UKCP18 12km,E14000664,E14000664,26.87529629232378
135,19801201-20101130,annual,UKCP18 12km,E14000665,E14000665,28.624053688742016
136,19801201-20101130,annual,UKCP18 12km,E14000666,E14000666,27.156813753915028
137,19801201-20101130,annual,UKCP18 12km,E14000667,E14000667,29.168022282677075
138,19801201-20101130,annual,UKCP18 12km,E14000668,E14000668,29.168022282677075
139,19801201-20101130,annual,UKCP18 12km,E14000669,E14000669,28.912315977852945
140,19801201-20101130,annual,UKCP18 12km,E14000670,E14000670,28.96926740577497
141,19801201-20101130,annual,UKCP18 12km,E14000671,E14000671,28.972141667600415
142,19801201-20101130,annual,UKCP18 12km,E14000672,E14000672,28.972141667600415
143,19801201-20101130,annual,UKCP18 12km,E14000673,E14000673,30.290214646404
144,19801201-20101130,annual,UKCP18 12km,E14000674,E14000674,31.065021760307374
145,19801201-20101130,annual,UKCP18 12km,E14000675,E14000675,30.496650984723516
146,19801201-20101130,annual,UKCP18 12km,E14000676,E14000676,30.198453746148203
147,19801201-20101130,annual,UKCP18 12km,E14000677,E14000677,26.152715846404337
148,19801201-20101130,annual,UKCP18 12km,E14000678,E14000678,25.315221861024668
149,19801201-20101130,annual,UKCP18 12km,E14000679,E14000679,29.660931350325114
150,19801201-20101130,annual,UKCP18 12km,E14000680,E14000680,28.763691900650596
151,19801201-20101130,annual,UKCP18 12km,E14000681,E14000681,28.873560405841644
152,19801201-20101130,annual,UKCP18 12km,E14000682,E14000682,27.834565119123994
153,19801201-20101130,annual,UKCP18 12km,E14000683,E14000683,27.7612000077999
154,19801201-20101130,annual,UKCP18 12km,E14000684,E14000684,27.070248348263977
155,19801201-20101130,annual,UKCP18 12km,E14000685,E14000685,28.526348921633573
156,19801201-20101130,annual,UKCP18 12km,E14000686,E14000686,27.789382648859736
157,19801201-20101130,annual,UKCP18 12km,E14000687,E14000687,30.39812201248824
158,19801201-20101130,annual,UKCP18 12km,E14000688,E14000688,27.289007488463813
159,19801201-20101130,annual,UKCP18 12km,E14000689,E14000689,28.221352147249
160,19801201-20101130,annual,UKCP18 12km,E14000690,E14000690,29.963201435691175
161,19801201-20101130,annual,UKCP18 12km,E14000691,E14000691,30.39812201248824
162,19801201-20101130,annual,UKCP18 12km,E14000692,E14000692,30.39812201248824
163,19801201-20101130,annual,UKCP18 12km,E14000693,E14000693,29.632724165268183
164,19801201-20101130,annual,UKCP18 12km,E14000694,E14000694,29.60407345955744
165,19801201-20101130,annual,UKCP18 12km,E14000695,E14000695,28.789807863052364
166,19801201-20101130,annual,UKCP18 12km,E14000696,E14000696,29.963201435691175
167,19801201-20101130,annual,UKCP18 12km,E14000697,E14000697,29.647505617407404
168,19801201-20101130,annual,UKCP18 12km,E14000698,E14000698,27.47253105817045
169,19801201-20101130,annual,UKCP18 12km,E14000699,E14000699,28.526348921633573
170,19801201-20101130,annual,UKCP18 12km,E14000700,E14000700,29.421036134985513
171,19801201-20101130,annual,UKCP18 12km,E14000701,E14000701,30.198453746148203
172,19801201-20101130,annual,UKCP18 12km,E14000702,E14000702,27.008426294605897
173,19801201-20101130,annual,UKCP18 12km,E14000703,E14000703,31.065021760307374
174,19801201-20101130,annual,UKCP18 12km,E14000704,E14000704,27.28258653380355
175,19801201-20101130,annual,UKCP18 12km,E14000705,E14000705,28.673056883717948
176,19801201-20101130,annual,UKCP18 12km,E14000706,E14000706,26.675737751525688
177,19801201-20101130,annual,UKCP18 12km,E14000707,E14000707,28.847766413469117
178,19801201-20101130,annual,UKCP18 12km,E14000708,E14000708,27.636195851633058
179,19801201-20101130,annual,UKCP18 12km,E14000709,E14000709,26.63509899843425
180,19801201-20101130,annual,UKCP18 12km,E14000710,E14000710,28.850868097916962
181,19801201-20101130,annual,UKCP18 12km,E14000711,E14000711,29.529038568307566
182,19801201-20101130,annual,UKCP18 12km,E14000712,E14000712,28.76069500840474
183,19801201-20101130,annual,UKCP18 12km,E14000713,E14000713,28.438580358306012
184,19801201-20101130,annual,UKCP18 12km,E14000714,E14000714,28.648362757227382
185,19801201-20101130,annual,UKCP18 12km,E14000715,E14000715,29.370877624519323
186,19801201-20101130,annual,UKCP18 12km,E14000716,E14000716,28.61091402696384
187,19801201-20101130,annual,UKCP18 12km,E14000717,E14000717,26.854220925622766
188,19801201-20101130,annual,UKCP18 12km,E14000718,E14000718,29.963201435691175
189,19801201-20101130,annual,UKCP18 12km,E14000719,E14000719,29.219102054222844
190,19801201-20101130,annual,UKCP18 12km,E14000720,E14000720,30.765774015954378
191,19801201-20101130,annual,UKCP18 12km,E14000721,E14000721,30.765774015954378
192,19801201-20101130,annual,UKCP18 12km,E14000722,E14000722,28.78370320891793
193,19801201-20101130,annual,UKCP18 12km,E14000723,E14000723,26.883102751446955
194,19801201-20101130,annual,UKCP18 12km,E14000724,E14000724,27.84376198561544
195,19801201-20101130,annual,UKCP18 12km,E14000725,E14000725,27.49816432030687
196,19801201-20101130,annual,UKCP18 12km,E14000726,E14000726,30.529342325940046
197,19801201-20101130,annual,UKCP18 12km,E14000727,E14000727,31.065021760307374
198,19801201-20101130,annual,UKCP18 12km,E14000728,E14000728,28.72699112922236
199,19801201-20101130,annual,UKCP18 12km,E14000729,E14000729,29.191916302553818
200,19801201-20101130,annual,UKCP18 12km,E14000730,E14000730,27.476233067075658
201,19801201-20101130,annual,UKCP18 12km,E14000731,E14000731,31.065021760307374
202,19801201-20101130,annual,UKCP18 12km,E14000732,E14000732,30.496650984723516
203,19801201-20101130,annual,UKCP18 12km,E14000733,E14000733,25.358234542065446
204,19801201-20101130,annual,UKCP18 12km,E14000734,E14000734,29.07407011226778
205,19801201-20101130,annual,UKCP18 12km,E14000735,E14000735,24.903116481151674
206,19801201-20101130,annual,UKCP18 12km,E14000736,E14000736,27.985228479463405
207,19801201-20101130,annual,UKCP18 12km,E14000737,E14000737,30.198453746148203
208,19801201-20101130,annual,UKCP18 12km,E14000738,E14000738,27.094070598006237
209,19801201-20101130,annual,UKCP18 12km,E14000739,E14000739,29.207572190876842
210,19801201-20101130,annual,UKCP18 12km,E14000740,E14000740,28.595877389166894
211,19801201-20101130,annual,UKCP18 12km,E14000741,E14000741,31.065021760307374
212,19801201-20101130,annual,UKCP18 12km,E14000742,E14000742,29.20346857425009
213,19801201-20101130,annual,UKCP18 12km,E14000743,E14000743,28.063499834886223
214,19801201-20101130,annual,UKCP18 12km,E14000744,E14000744,29.360473065159752
215,19801201-20101130,annual,UKCP18 12km,E14000745,E14000745,30.41808124174857
216,19801201-20101130,annual,UKCP18 12km,E14000746,E14000746,24.76847918948263
217,19801201-20101130,annual,UKCP18 12km,E14000747,E14000747,26.51384458841405
218,19801201-20101130,annual,UKCP18 12km,E14000748,E14000748,25.647501386381943
219,19801201-20101130,annual,UKCP18 12km,E14000749,E14000749,29.207572190876842
220,19801201-20101130,annual,UKCP18 12km,E14000750,E14000750,30.765774015954378
221,19801201-20101130,annual,UKCP18 12km,E14000751,E14000751,28.97498619006858
222,19801201-20101130,annual,UKCP18 12km,E14000752,E14000752,30.765774015954378
223,19801201-20101130,annual,UKCP18 12km,E14000753,E14000753,28.86670184923247
224,19801201-20101130,annual,UKCP18 12km,E14000754,E14000754,26.152715846404337
225,19801201-20101130,annual,UKCP18 12km,E14000755,E14000755,25.815102344779906
226,19801201-20101130,annual,UKCP18 12km,E14000756,E14000756,26.18850173132265
227,19801201-20101130,annual,UKCP18 12km,E14000757,E14000757,29.38495545783505
228,19801201-20101130,annual,UKCP18 12km,E14000758,E14000758,26.174472290464365
229,19801201-20101130,annual,UKCP18 12km,E14000759,E14000759,29.660931350325114
230,19801201-20101130,annual,UKCP18 12km,E14000760,E14000760,29.660931350325114
231,19801201-20101130,annual,UKCP18 12km,E14000761,E14000761,28.64973088317741
232,19801201-20101130,annual,UKCP18 12km,E14000762,E14000762,24.693981945997024
233,19801201-20101130,annual,UKCP18 12km,E14000763,E14000763,30.765774015954378
234,19801201-20101130,annual,UKCP18 12km,E14000764,E14000764,30.765774015954378
235,19801201-20101130,annual,UKCP18 12km,E14000765,E14000765,24.30411315201326
236,19801201-20101130,annual,UKCP18 12km,E14000766,E14000766,26.219138748545223
237,19801201-20101130,annual,UKCP18 12km,E14000767,E14000767,29.135962448914864
238,19801201-20101130,annual,UKCP18 12km,E14000768,E14000768,31.065021760307374
239,19801201-20101130,annual,UKCP18 12km,E14000769,E14000769,29.1515413994692
240,19801201-20101130,annual,UKCP18 12km,E14000770,E14000770,29.60407345955744
241,19801201-20101130,annual,UKCP18 12km,E14000771,E14000771,28.040512625785908
242,19801201-20101130,annual,UKCP18 12km,E14000772,E14000772,28.002840814560113
243,19801201-20101130,annual,UKCP18 12km,E14000773,E14000773,28.040512625785908
244,19801201-20101130,annual,UKCP18 12km,E14000774,E14000774,28.651633575822956
245,19801201-20101130,annual,UKCP18 12km,E14000775,E14000775,27.636195851633058
246,19801201-20101130,annual,UKCP18 12km,E14000776,E14000776,25.72071606881092
247,19801201-20101130,annual,UKCP18 12km,E14000777,E14000777,27.6665674361
248,19801201-20101130,annual,UKCP18 12km,E14000778,E14000778,28.145836895815478
249,19801201-20101130,annual,UKCP18 12km,E14000779,E14000779,27.75694095037149
250,19801201-20101130,annual,UKCP18 12km,E14000780,E14000780,27.75694095037149
251,19801201-20101130,annual,UKCP18 12km,E14000781,E14000781,27.75694095037149
252,19801201-20101130,annual,UKCP18 12km,E14000782,E14000782,28.61350310563064
253,19801201-20101130,annual,UKCP18 12km,E14000783,E14000783,28.61350310563064
254,19801201-20101130,annual,UKCP18 12km,E14000784,E14000784,28.61350310563064
255,19801201-20101130,annual,UKCP18 12km,E14000785,E14000785,27.415128216007655
256,19801201-20101130,annual,UKCP18 12km,E14000786,E14000786,28.663510578183992
257,19801201-20101130,annual,UKCP18 12km,E14000787,E14000787,30.290214646404
258,19801201-20101130,annual,UKCP18 12km,E14000788,E14000788,30.290214646404
259,19801201-20101130,annual,UKCP18 12km,E14000789,E14000789,30.290214646404
260,19801201-20101130,annual,UKCP18 12km,E14000790,E14000790,30.765774015954378
261,19801201-20101130,annual,UKCP18 12km,E14000791,E14000791,28.982579264140707
262,19801201-20101130,annual,UKCP18 12km,E14000792,E14000792,28.835757425786813
263,19801201-20101130,annual,UKCP18 12km,E14000793,E14000793,27.636195851633058
264,19801201-20101130,annual,UKCP18 12km,E14000794,E14000794,27.636195851633058
265,19801201-20101130,annual,UKCP18 12km,E14000795,E14000795,27.636195851633058
266,19801201-20101130,annual,UKCP18 12km,E14000796,E14000796,27.636195851633058
267,19801201-20101130,annual,UKCP18 12km,E14000797,E14000797,28.87481965358997
268,19801201-20101130,annual,UKCP18 12km,E14000798,E14000798,27.878748342367512
269,19801201-20101130,annual,UKCP18 12km,E14000799,E14000799,27.29910635173784
270,19801201-20101130,annual,UKCP18 12km,E14000800,E14000800,29.016731553609716
271,19801201-20101130,annual,UKCP18 12km,E14000801,E14000801,29.016731553609716
272,19801201-20101130,annual,UKCP18 12km,E14000802,E14000802,26.84016670306674
273,19801201-20101130,annual,UKCP18 12km,E14000803,E14000803,29.614510144208705
274,19801201-20101130,annual,UKCP18 12km,E14000804,E14000804,29.031817033294846
275,19801201-20101130,annual,UKCP18 12km,E14000805,E14000805,27.361156833556333
276,19801201-20101130,annual,UKCP18 12km,E14000806,E14000806,28.185522238569025
277,19801201-20101130,annual,UKCP18 12km,E14000807,E14000807,27.159059714606105
278,19801201-20101130,annual,UKCP18 12km,E14000808,E14000808,27.094070598006237
279,19801201-20101130,annual,UKCP18 12km,E14000809,E14000809,27.98190767923887
280,19801201-20101130,annual,UKCP18 12km,E14000810,E14000810,28.581261296722076
281,19801201-20101130,annual,UKCP18 12km,E14000811,E14000811,28.331901320927965
282,19801201-20101130,annual,UKCP18 12km,E14000812,E14000812,29.085723806297295
283,19801201-20101130,annual,UKCP18 12km,E14000813,E14000813,29.07507853009218
284,19801201-20101130,annual,UKCP18 12km,E14000814,E14000814,28.51764786655224
285,19801201-20101130,annual,UKCP18 12km,E14000815,E14000815,27.278835320448483
286,19801201-20101130,annual,UKCP18 12km,E14000816,E14000816,28.668317903066338
287,19801201-20101130,annual,UKCP18 12km,E14000817,E14000817,29.08603573837482
288,19801201-20101130,annual,UKCP18 12km,E14000818,E14000818,29.05934109544525
289,19801201-20101130,annual,UKCP18 12km,E14000819,E14000819,25.358234542065446
290,19801201-20101130,annual,UKCP18 12km,E14000820,E14000820,26.185692587367512
291,19801201-20101130,annual,UKCP18 12km,E14000821,E14000821,29.097260622239855
292,19801201-20101130,annual,UKCP18 12km,E14000822,E14000822,28.988653461729317
293,19801201-20101130,annual,UKCP18 12km,E14000823,E14000823,30.529342325940046
294,19801201-20101130,annual,UKCP18 12km,E14000824,E14000824,29.27442267088309
295,19801201-20101130,annual,UKCP18 12km,E14000825,E14000825,24.967710192789603
296,19801201-20101130,annual,UKCP18 12km,E14000826,E14000826,27.6665674361
297,19801201-20101130,annual,UKCP18 12km,E14000827,E14000827,27.230407340697557
298,19801201-20101130,annual,UKCP18 12km,E14000828,E14000828,28.27144174322914
299,19801201-20101130,annual,UKCP18 12km,E14000829,E14000829,28.835674331104013
300,19801201-20101130,annual,UKCP18 12km,E14000830,E14000830,28.864753155830886
301,19801201-20101130,annual,UKCP18 12km,E14000831,E14000831,26.832843167729155
302,19801201-20101130,annual,UKCP18 12km,E14000832,E14000832,26.832843167729155
303,19801201-20101130,annual,UKCP18 12km,E14000833,E14000833,26.832843167729155
304,19801201-20101130,annual,UKCP18 12km,E14000834,E14000834,27.468198084332997
305,19801201-20101130,annual,UKCP18 12km,E14000835,E14000835,26.49563738023292
306,19801201-20101130,annual,UKCP18 12km,E14000836,E14000836,28.65324853994203
307,19801201-20101130,annual,UKCP18 12km,E14000837,E14000837,26.543083234825026
308,19801201-20101130,annual,UKCP18 12km,E14000838,E14000838,26.85485108957457
309,19801201-20101130,annual,UKCP18 12km,E14000839,E14000839,28.204579831542624
310,19801201-20101130,annual,UKCP18 12km,E14000840,E14000840,26.517276747016
311,19801201-20101130,annual,UKCP18 12km,E14000841,E14000841,29.302739756942984
312,19801201-20101130,annual,UKCP18 12km,E14000842,E14000842,29.467329769762294
313,19801201-20101130,annual,UKCP18 12km,E14000843,E14000843,27.62273581781195
314,19801201-20101130,annual,UKCP18 12km,E14000844,E14000844,29.13853207921143
315,19801201-20101130,annual,UKCP18 12km,E14000845,E14000845,29.20152112495714
316,19801201-20101130,annual,UKCP18 12km,E14000846,E14000846,28.43419214180606
317,19801201-20101130,annual,UKCP18 12km,E14000847,E14000847,27.9315781430093
318,19801201-20101130,annual,UKCP18 12km,E14000848,E14000848,27.3943795949971
319,19801201-20101130,annual,UKCP18 12km,E14000849,E14000849,27.971357272681484
320,19801201-20101130,annual,UKCP18 12km,E14000850,E14000850,27.479193125864324
321,19801201-20101130,annual,UKCP18 12km,E14000851,E14000851,28.752876386732925
322,19801201-20101130,annual,UKCP18 12km,E14000852,E14000852,27.970080135203016
323,19801201-20101130,annual,UKCP18 12km,E14000853,E14000853,26.832843167729155
324,19801201-20101130,annual,UKCP18 12km,E14000854,E14000854,28.94368456157826
325,19801201-20101130,annual,UKCP18 12km,E14000855,E14000855,29.318998573623446
326,19801201-20101130,annual,UKCP18 12km,E14000856,E14000856,24.586047250099597
327,19801201-20101130,annual,UKCP18 12km,E14000857,E14000857,28.722203868860095
328,19801201-20101130,annual,UKCP18 12km,E14000858,E14000858,28.960293183821083
329,19801201-20101130,annual,UKCP18 12km,E14000859,E14000859,28.464548652692162
330,19801201-20101130,annual,UKCP18 12km,E14000860,E14000860,28.610477181818315
331,19801201-20101130,annual,UKCP18 12km,E14000861,E14000861,28.86196927164689
332,19801201-20101130,annual,UKCP18 12km,E14000862,E14000862,28.86196927164689
333,19801201-20101130,annual,UKCP18 12km,E14000863,E14000863,28.65776958862727
334,19801201-20101130,annual,UKCP18 12km,E14000864,E14000864,28.81955173598165
335,19801201-20101130,annual,UKCP18 12km,E14000865,E14000865,28.850868097916962
336,19801201-20101130,annual,UKCP18 12km,E14000866,E14000866,28.789807863052364
337,19801201-20101130,annual,UKCP18 12km,E14000867,E14000867,28.789807863052364
338,19801201-20101130,annual,UKCP18 12km,E14000868,E14000868,29.06123155955615
339,19801201-20101130,annual,UKCP18 12km,E14000869,E14000869,29.963201435691175
340,19801201-20101130,annual,UKCP18 12km,E14000870,E14000870,25.894593962557483
341,19801201-20101130,annual,UKCP18 12km,E14000871,E14000871,27.159059714606105
342,19801201-20101130,annual,UKCP18 12km,E14000872,E14000872,29.36585869475016
343,19801201-20101130,annual,UKCP18 12km,E14000873,E14000873,29.408957178486805
344,19801201-20101130,annual,UKCP18 12km,E14000874,E14000874,29.40953330588582
345,19801201-20101130,annual,UKCP18 12km,E14000875,E14000875,25.64799201437576
346,19801201-20101130,annual,UKCP18 12km,E14000876,E14000876,26.016827371447523
347,19801201-20101130,annual,UKCP18 12km,E14000877,E14000877,24.75119280375523
348,19801201-20101130,annual,UKCP18 12km,E14000878,E14000878,29.13444213113156
349,19801201-20101130,annual,UKCP18 12km,E14000879,E14000879,26.706399611714076
350,19801201-20101130,annual,UKCP18 12km,E14000880,E14000880,25.481989900677405
351,19801201-20101130,annual,UKCP18 12km,E14000881,E14000881,26.913402936475148
352,19801201-20101130,annual,UKCP18 12km,E14000882,E14000882,30.765774015954378
353,19801201-20101130,annual,UKCP18 12km,E14000883,E14000883,28.438580358306012
354,19801201-20101130,annual,UKCP18 12km,E14000884,E14000884,28.438580358306012
355,19801201-20101130,annual,UKCP18 12km,E14000885,E14000885,26.763470552547926
356,19801201-20101130,annual,UKCP18 12km,E14000886,E14000886,27.75694095037149
357,19801201-20101130,annual,UKCP18 12km,E14000887,E14000887,30.529342325940046
358,19801201-20101130,annual,UKCP18 12km,E14000888,E14000888,28.187538617449572
359,19801201-20101130,annual,UKCP18 12km,E14000889,E14000889,29.424382271041054
360,19801201-20101130,annual,UKCP18 12km,E14000890,E14000890,29.132730539653423
361,19801201-20101130,annual,UKCP18 12km,E14000891,E14000891,25.519260875527277
362,19801201-20101130,annual,UKCP18 12km,E14000892,E14000892,29.20299181667657
363,19801201-20101130,annual,UKCP18 12km,E14000893,E14000893,29.02958120503402
364,19801201-20101130,annual,UKCP18 12km,E14000894,E14000894,25.720918529934934
365,19801201-20101130,annual,UKCP18 12km,E14000895,E14000895,25.84532507361616
366,19801201-20101130,annual,UKCP18 12km,E14000896,E14000896,30.529342325940046
367,19801201-20101130,annual,UKCP18 12km,E14000897,E14000897,26.51384458841405
368,19801201-20101130,annual,UKCP18 12km,E14000898,E14000898,27.312504146690234
369,19801201-20101130,annual,UKCP18 12km,E14000899,E14000899,27.529997182877917
370,19801201-20101130,annual,UKCP18 12km,E14000900,E14000900,29.660931350325114
371,19801201-20101130,annual,UKCP18 12km,E14000901,E14000901,28.68678158218236
372,19801201-20101130,annual,UKCP18 12km,E14000902,E14000902,26.174472290464365
373,19801201-20101130,annual,UKCP18 12km,E14000903,E14000903,28.549893564528972
374,19801201-20101130,annual,UKCP18 12km,E14000904,E14000904,27.7700266521875
375,19801201-20101130,annual,UKCP18 12km,E14000905,E14000905,28.92108626392415
376,19801201-20101130,annual,UKCP18 12km,E14000906,E14000906,30.496650984723516
377,19801201-20101130,annual,UKCP18 12km,E14000907,E14000907,29.70731758642785
378,19801201-20101130,annual,UKCP18 12km,E14000908,E14000908,28.849076916956186
379,19801201-20101130,annual,UKCP18 12km,E14000909,E14000909,28.51167518433651
380,19801201-20101130,annual,UKCP18 12km,E14000910,E14000910,28.95655471252511
381,19801201-20101130,annual,UKCP18 12km,E14000911,E14000911,27.82062091403961
382,19801201-20101130,annual,UKCP18 12km,E14000912,E14000912,28.41771536287136
383,19801201-20101130,annual,UKCP18 12km,E14000913,E14000913,25.896727164652567
384,19801201-20101130,annual,UKCP18 12km,E14000914,E14000914,28.930875223110643
385,19801201-20101130,annual,UKCP18 12km,E14000915,E14000915,26.904807413040242
386,19801201-20101130,annual,UKCP18 12km,E14000916,E14000916,24.407887528272415
387,19801201-20101130,annual,UKCP18 12km,E14000917,E14000917,28.35522800047801
388,19801201-20101130,annual,UKCP18 12km,E14000918,E14000918,29.182503978522575
389,19801201-20101130,annual,UKCP18 12km,E14000919,E14000919,27.7700266521875
390,19801201-20101130,annual,UKCP18 12km,E14000920,E14000920,27.7700266521875
391,19801201-20101130,annual,UKCP18 12km,E14000921,E14000921,27.7700266521875
392,19801201-20101130,annual,UKCP18 12km,E14000922,E14000922,26.498196409951444
393,19801201-20101130,annual,UKCP18 12km,E14000923,E14000923,27.57512245102184
394,19801201-20101130,annual,UKCP18 12km,E14000924,E14000924,28.89182522030256
395,19801201-20101130,annual,UKCP18 12km,E14000925,E14000925,27.206090424155473
396,19801201-20101130,annual,UKCP18 12km,E14000926,E14000926,27.682513808899323
397,19801201-20101130,annual,UKCP18 12km,E14000927,E14000927,29.44283969901498
398,19801201-20101130,annual,UKCP18 12km,E14000928,E14000928,25.70544425224559
399,19801201-20101130,annual,UKCP18 12km,E14000929,E14000929,28.750358745697184
400,19801201-20101130,annual,UKCP18 12km,E14000930,E14000930,29.524222428896326
401,19801201-20101130,annual,UKCP18 12km,E14000931,E14000931,28.86638375619211
402,19801201-20101130,annual,UKCP18 12km,E14000932,E14000932,28.40497115928788
403,19801201-20101130,annual,UKCP18 12km,E14000933,E14000933,29.04494244923725
404,19801201-20101130,annual,UKCP18 12km,E14000934,E14000934,29.529185013209656
405,19801201-20101130,annual,UKCP18 12km,E14000935,E14000935,28.859803220637147
406,19801201-20101130,annual,UKCP18 12km,E14000936,E14000936,25.91082692143626
407,19801201-20101130,annual,UKCP18 12km,E14000937,E14000937,29.27671566936498
408,19801201-20101130,annual,UKCP18 12km,E14000938,E14000938,25.845566266766507
409,19801201-20101130,annual,UKCP18 12km,E14000939,E14000939,28.883466409895444
410,19801201-20101130,annual,UKCP18 12km,E14000940,E14000940,28.715191069665337
411,19801201-20101130,annual,UKCP18 12km,E14000941,E14000941,28.666505252829307
412,19801201-20101130,annual,UKCP18 12km,E14000942,E14000942,28.942856891651104
413,19801201-20101130,annual,UKCP18 12km,E14000943,E14000943,26.626974001243326
414,19801201-20101130,annual,UKCP18 12km,E14000944,E14000944,24.30411315201326
415,19801201-20101130,annual,UKCP18 12km,E14000945,E14000945,28.830338630288043
416,19801201-20101130,annual,UKCP18 12km,E14000946,E14000946,28.930669134661834
417,19801201-20101130,annual,UKCP18 12km,E14000947,E14000947,28.752876386732925
418,19801201-20101130,annual,UKCP18 12km,E14000948,E14000948,27.970080135203016
419,19801201-20101130,annual,UKCP18 12km,E14000949,E14000949,28.790513883285143
420,19801201-20101130,annual,UKCP18 12km,E14000950,E14000950,25.996783339535153
421,19801201-20101130,annual,UKCP18 12km,E14000951,E14000951,28.816060125279066
422,19801201-20101130,annual,UKCP18 12km,E14000952,E14000952,29.391500692184422
423,19801201-20101130,annual,UKCP18 12km,E14000953,E14000953,29.067368088724084
424,19801201-20101130,annual,UKCP18 12km,E14000954,E14000954,28.279320901229347
425,19801201-20101130,annual,UKCP18 12km,E14000955,E14000955,28.526348921633573
426,19801201-20101130,annual,UKCP18 12km,E14000956,E14000956,28.41573906582336
427,19801201-20101130,annual,UKCP18 12km,E14000957,E14000957,25.737054865981253
428,19801201-20101130,annual,UKCP18 12km,E14000958,E14000958,23.416865115608022
429,19801201-20101130,annual,UKCP18 12km,E14000959,E14000959,30.198453746148203
430,19801201-20101130,annual,UKCP18 12km,E14000960,E14000960,29.207572190876842
431,19801201-20101130,annual,UKCP18 12km,E14000961,E14000961,25.676728466898272
432,19801201-20101130,annual,UKCP18 12km,E14000962,E14000962,27.361156833556333
433,19801201-20101130,annual,UKCP18 12km,E14000963,E14000963,27.49816432030687
434,19801201-20101130,annual,UKCP18 12km,E14000964,E14000964,24.468041060815565
435,19801201-20101130,annual,UKCP18 12km,E14000965,E14000965,28.1354964122999
436,19801201-20101130,annual,UKCP18 12km,E14000966,E14000966,26.605623375721436
437,19801201-20101130,annual,UKCP18 12km,E14000967,E14000967,25.894593962557483
438,19801201-20101130,annual,UKCP18 12km,E14000968,E14000968,29.27883843160929
439,19801201-20101130,annual,UKCP18 12km,E14000969,E14000969,27.094070598006237
440,19801201-20101130,annual,UKCP18 12km,E14000970,E14000970,25.358234542065446
441,19801201-20101130,annual,UKCP18 12km,E14000971,E14000971,27.210578088862945
442,19801201-20101130,annual,UKCP18 12km,E14000972,E14000972,27.452301767778064
443,19801201-20101130,annual,UKCP18 12km,E14000973,E14000973,27.08537794767538
444,19801201-20101130,annual,UKCP18 12km,E14000974,E14000974,27.452301767778064
445,19801201-20101130,annual,UKCP18 12km,E14000975,E14000975,27.88047392244392
446,19801201-20101130,annual,UKCP18 12km,E14000976,E14000976,28.73573434652376
447,19801201-20101130,annual,UKCP18 12km,E14000977,E14000977,29.077600592022552
448,19801201-20101130,annual,UKCP18 12km,E14000978,E14000978,30.290214646404
449,19801201-20101130,annual,UKCP18 12km,E14000979,E14000979,27.98190767923887
450,19801201-20101130,annual,UKCP18 12km,E14000980,E14000980,28.598862731369003
451,19801201-20101130,annual,UKCP18 12km,E14000981,E14000981,26.83919307590059
452,19801201-20101130,annual,UKCP18 12km,E14000982,E14000982,24.30411315201326
453,19801201-20101130,annual,UKCP18 12km,E14000983,E14000983,29.70731758642785
454,19801201-20101130,annual,UKCP18 12km,E14000984,E14000984,29.60407345955744
455,19801201-20101130,annual,UKCP18 12km,E14000985,E14000985,28.894053624408183
456,19801201-20101130,annual,UKCP18 12km,E14000986,E14000986,28.797129162886964
457,19801201-20101130,annual,UKCP18 12km,E14000987,E14000987,27.676121655856587
458,19801201-20101130,annual,UKCP18 12km,E14000988,E14000988,27.568494168922456
459,19801201-20101130,annual,UKCP18 12km,E14000989,E14000989,28.23025945678522
460,19801201-20101130,annual,UKCP18 12km,E14000990,E14000990,28.773202913007733
461,19801201-20101130,annual,UKCP18 12km,E14000991,E14000991,28.51145049623708
462,19801201-20101130,annual,UKCP18 12km,E14000992,E14000992,28.454619526986388
463,19801201-20101130,annual,UKCP18 12km,E14000993,E14000993,27.002652098473718
464,19801201-20101130,annual,UKCP18 12km,E14000994,E14000994,28.546210142092036
465,19801201-20101130,annual,UKCP18 12km,E14000995,E14000995,29.560739001795287
466,19801201-20101130,annual,UKCP18 12km,E14000996,E14000996,27.18294967863349
467,19801201-20101130,annual,UKCP18 12km,E14000997,E14000997,28.82273087559565
468,19801201-20101130,annual,UKCP18 12km,E14000998,E14000998,30.529342325940046
469,19801201-20101130,annual,UKCP18 12km,E14000999,E14000999,24.821206054944067
470,19801201-20101130,annual,UKCP18 12km,E14001000,E14001000,27.230983819391177
471,19801201-20101130,annual,UKCP18 12km,E14001001,E14001001,25.123698282926288
472,19801201-20101130,annual,UKCP18 12km,E14001002,E14001002,30.765774015954378
473,19801201-20101130,annual,UKCP18 12km,E14001003,E14001003,25.102172106348025
474,19801201-20101130,annual,UKCP18 12km,E14001004,E14001004,28.88023381420347
475,19801201-20101130,annual,UKCP18 12km,E14001005,E14001005,30.198453746148203
476,19801201-20101130,annual,UKCP18 12km,E14001006,E14001006,26.832843167729155
477,19801201-20101130,annual,UKCP18 12km,E14001007,E14001007,30.496650984723516
478,19801201-20101130,annual,UKCP18 12km,E14001008,E14001008,30.290214646404
479,19801201-20101130,annual,UKCP18 12km,E14001009,E14001009,27.156813753915028
480,19801201-20101130,annual,UKCP18 12km,E14001010,E14001010,24.201833687051874
481,19801201-20101130,annual,UKCP18 12km,E14001011,E14001011,28.821025561558887
482,19801201-20101130,annual,UKCP18 12km,E14001012,E14001012,28.96408822753369
483,19801201-20101130,annual,UKCP18 12km,E14001013,E14001013,30.765774015954378
484,19801201-20101130,annual,UKCP18 12km,E14001014,E14001014,26.614386311037432
485,19801201-20101130,annual,UKCP18 12km,E14001015,E14001015,29.074825966122386
486,19801201-20101130,annual,UKCP18 12km,E14001016,E14001016,28.78370320891793
487,19801201-20101130,annual,UKCP18 12km,E14001017,E14001017,27.689801915884427
488,19801201-20101130,annual,UKCP18 12km,E14001018,E14001018,27.689801915884427
489,19801201-20101130,annual,UKCP18 12km,E14001019,E14001019,29.320223110131764
490,19801201-20101130,annual,UKCP18 12km,E14001020,E14001020,24.30411315201326
491,19801201-20101130,annual,UKCP18 12km,E14001021,E14001021,29.854230896394245
492,19801201-20101130,annual,UKCP18 12km,E14001022,E14001022,26.28551724197412
493,19801201-20101130,annual,UKCP18 12km,E14001023,E14001023,28.79991968899226
494,19801201-20101130,annual,UKCP18 12km,E14001024,E14001024,27.84454018129009
495,19801201-20101130,annual,UKCP18 12km,E14001025,E14001025,29.017752435469404
496,19801201-20101130,annual,UKCP18 12km,E14001026,E14001026,28.325214567416552
497,19801201-20101130,annual,UKCP18 12km,E14001027,E14001027,29.435847702300922
498,19801201-20101130,annual,UKCP18 12km,E14001028,E14001028,28.871288834308093
499,19801201-20101130,annual,UKCP18 12km,E14001029,E14001029,28.96408822753369
500,19801201-20101130,annual,UKCP18 12km,E14001030,E14001030,28.96408822753369
501,19801201-20101130,annual,UKCP18 12km,E14001031,E14001031,27.505567146624625
502,19801201-20101130,annual,UKCP18 12km,E14001032,E14001032,30.765774015954378
503,19801201-20101130,annual,UKCP18 12km,E14001033,E14001033,27.264126041148945
504,19801201-20101130,annual,UKCP18 12km,E14001034,E14001034,29.247052037712336
505,19801201-20101130,annual,UKCP18 12km,E14001035,E14001035,28.66807219505032
506,19801201-20101130,annual,UKCP18 12km,E14001036,E14001036,31.065021760307374
507,19801201-20101130,annual,UKCP18 12km,E14001037,E14001037,24.67923251237522
508,19801201-20101130,annual,UKCP18 12km,E14001038,E14001038,28.490371576606808
509,19801201-20101130,annual,UKCP18 12km,E14001039,E14001039,27.361156833556333
510,19801201-20101130,annual,UKCP18 12km,E14001040,E14001040,30.529342325940046
511,19801201-20101130,annual,UKCP18 12km,E14001041,E14001041,28.700008134266366
512,19801201-20101130,annual,UKCP18 12km,E14001042,E14001042,29.675083377265274
513,19801201-20101130,annual,UKCP18 12km,E14001043,E14001043,27.289007488463813
514,19801201-20101130,annual,UKCP18 12km,E14001044,E14001044,24.201833687051874
515,19801201-20101130,annual,UKCP18 12km,E14001045,E14001045,28.904251934868388
516,19801201-20101130,annual,UKCP18 12km,E14001046,E14001046,29.002449408615977
517,19801201-20101130,annual,UKCP18 12km,E14001047,E14001047,29.70731758642785
518,19801201-20101130,annual,UKCP18 12km,E14001048,E14001048,29.412945433733835
519,19801201-20101130,annual,UKCP18 12km,E14001049,E14001049,28.688535592975672
520,19801201-20101130,annual,UKCP18 12km,E14001050,E14001050,28.972141667600415
521,19801201-20101130,annual,UKCP18 12km,E14001051,E14001051,28.972141667600415
522,19801201-20101130,annual,UKCP18 12km,E14001052,E14001052,29.040641951431493
523,19801201-20101130,annual,UKCP18 12km,E14001053,E14001053,24.68274219004934
524,19801201-20101130,annual,UKCP18 12km,E14001054,E14001054,27.82062091403961
525,19801201-20101130,annual,UKCP18 12km,E14001055,E14001055,28.424646977368464
526,19801201-20101130,annual,UKCP18 12km,E14001056,E14001056,29.167003237327506
527,19801201-20101130,annual,UKCP18 12km,E14001057,E14001057,26.415069813165967
528,19801201-20101130,annual,UKCP18 12km,E14001058,E14001058,28.612408366831097
529,19801201-20101130,annual,UKCP18 12km,E14001059,E14001059,27.98190767923887
530,19801201-20101130,annual,UKCP18 12km,E14001060,E14001060,28.186208549343505
531,19801201-20101130,annual,UKCP18 12km,E14001061,E14001061,28.407943097942027
532,19801201-20101130,annual,UKCP18 12km,E14001062,E14001062,28.343169674241423
533,19801201-20101130,annual,UKCP18 12km,N06000001,N06000001,23.71314457955224
534,19801201-20101130,annual,UKCP18 12km,N06000002,N06000002,23.71314457955224
535,19801201-20101130,annual,UKCP18 12km,N06000003,N06000003,23.810725280115985
536,19801201-20101130,annual,UKCP18 12km,N06000004,N06000004,24.084074466578457
537,19801201-20101130,annual,UKCP18 12km,N06000005,N06000005,22.371849274580153
538,19801201-20101130,annual,UKCP18 12km,N06000006,N06000006,23.543630842218825
539,19801201-20101130,annual,UKCP18 12km,N06000007,N06000007,24.160890585184337
540,19801201-20101130,annual,UKCP18 12km,N06000008,N06000008,22.95236047022124
541,19801201-20101130,annual,UKCP18 12km,N06000009,N06000009,24.253606117185544
542,19801201-20101130,annual,UKCP18 12km,N06000010,N06000010,23.19882939130618
543,19801201-20101130,annual,UKCP18 12km,N06000011,N06000011,24.331689284504975
544,19801201-20101130,annual,UKCP18 12km,N06000012,N06000012,23.237934683796794
545,19801201-20101130,annual,UKCP18 12km,N06000013,N06000013,21.489709208587538
546,19801201-20101130,annual,UKCP18 12km,N06000014,N06000014,22.655187442073974
547,19801201-20101130,annual,UKCP18 12km,N06000015,N06000015,22.862648665544892
548,19801201-20101130,annual,UKCP18 12km,N06000016,N06000016,22.471363152766735
549,19801201-20101130,annual,UKCP18 12km,N06000017,N06000017,24.657927638535657
550,19801201-20101130,annual,UKCP18 12km,N06000018,N06000018,23.97571868984312
551,19801201-20101130,annual,UKCP18 12km,S14000001,S14000001,23.585396931274058
552,19801201-20101130,annual,UKCP18 12km,S14000002,S14000002,21.81431014357601
553,19801201-20101130,annual,UKCP18 12km,S14000003,S14000003,24.380930266715033
554,19801201-20101130,annual,UKCP18 12km,S14000004,S14000004,22.806182696261324
555,19801201-20101130,annual,UKCP18 12km,S14000005,S14000005,22.007860691138557
556,19801201-20101130,annual,UKCP18 12km,S14000006,S14000006,23.063016556715827
557,19801201-20101130,annual,UKCP18 12km,S14000007,S14000007,23.72509992035082
558,19801201-20101130,annual,UKCP18 12km,S14000008,S14000008,24.429393192244742
559,19801201-20101130,annual,UKCP18 12km,S14000009,S14000009,21.984475012100912
560,19801201-20101130,annual,UKCP18 12km,S14000010,S14000010,24.19250274391791
561,19801201-20101130,annual,UKCP18 12km,S14000011,S14000011,24.430532848151728
562,19801201-20101130,annual,UKCP18 12km,S14000012,S14000012,24.36220229129213
563,19801201-20101130,annual,UKCP18 12km,S14000013,S14000013,23.656280800753592
564,19801201-20101130,annual,UKCP18 12km,S14000014,S14000014,23.63142096023929
565,19801201-20101130,annual,UKCP18 12km,S14000015,S14000015,22.319380240112057
566,19801201-20101130,annual,UKCP18 12km,S14000016,S14000016,23.686666658331475
567,19801201-20101130,annual,UKCP18 12km,S14000017,S14000017,23.73297042841778
568,19801201-20101130,annual,UKCP18 12km,S14000018,S14000018,24.508592139461758
569,19801201-20101130,annual,UKCP18 12km,S14000019,S14000019,23.967315309853422
570,19801201-20101130,annual,UKCP18 12km,S14000020,S14000020,24.5009257044346
571,19801201-20101130,annual,UKCP18 12km,S14000021,S14000021,23.98141352916816
572,19801201-20101130,annual,UKCP18 12km,S14000022,S14000022,24.349605774716377
573,19801201-20101130,annual,UKCP18 12km,S14000023,S14000023,22.93486707713293
574,19801201-20101130,annual,UKCP18 12km,S14000024,S14000024,24.349605774716377
575,19801201-20101130,annual,UKCP18 12km,S14000025,S14000025,24.684018073524552
576,19801201-20101130,annual,UKCP18 12km,S14000026,S14000026,22.93486707713293
577,19801201-20101130,annual,UKCP18 12km,S14000027,S14000027,20.357453194746974
578,19801201-20101130,annual,UKCP18 12km,S14000028,S14000028,24.199587497617415
579,19801201-20101130,annual,UKCP18 12km,S14000029,S14000029,24.586979968008276
580,19801201-20101130,annual,UKCP18 12km,S14000030,S14000030,24.430532848151728
581,19801201-20101130,annual,UKCP18 12km,S14000031,S14000031,24.586979968008276
582,19801201-20101130,annual,UKCP18 12km,S14000032,S14000032,24.586979968008276
583,19801201-20101130,annual,UKCP18 12km,S14000033,S14000033,24.586979968008276
584,19801201-20101130,annual,UKCP18 12km,S14000034,S14000034,24.586979968008276
585,19801201-20101130,annual,UKCP18 12km,S14000035,S14000035,24.586979968008276
586,19801201-20101130,annual,UKCP18 12km,S14000036,S14000036,24.577992888458354
587,19801201-20101130,annual,UKCP18 12km,S14000037,S14000037,23.377440244439242
588,19801201-20101130,annual,UKCP18 12km,S14000038,S14000038,23.863334963117126
589,19801201-20101130,annual,UKCP18 12km,S14000039,S14000039,22.3628655186244
590,19801201-20101130,annual,UKCP18 12km,S14000040,S14000040,23.64327736065909
591,19801201-20101130,annual,UKCP18 12km,S14000041,S14000041,22.5750599831175
592,19801201-20101130,annual,UKCP18 12km,S14000042,S14000042,24.09850169557968
593,19801201-20101130,annual,UKCP18 12km,S14000043,S14000043,24.24946286477092
594,19801201-20101130,annual,UKCP18 12km,S14000044,S14000044,24.18556897440509
595,19801201-20101130,annual,UKCP18 12km,S14000045,S14000045,24.20002851344159
596,19801201-20101130,annual,UKCP18 12km,S14000046,S14000046,23.64642421954027
597,19801201-20101130,annual,UKCP18 12km,S14000047,S14000047,24.439028361604404
598,19801201-20101130,annual,UKCP18 12km,S14000048,S14000048,22.77827788671795
599,19801201-20101130,annual,UKCP18 12km,S14000049,S14000049,23.28312654368547
600,19801201-20101130,annual,UKCP18 12km,S14000050,S14000050,23.493512623993354
601,19801201-20101130,annual,UKCP18 12km,S14000051,S14000051,18.069907445614913
602,19801201-20101130,annual,UKCP18 12km,S14000052,S14000052,24.345313298572222
603,19801201-20101130,annual,UKCP18 12km,S14000053,S14000053,23.863334963117126
604,19801201-20101130,annual,UKCP18 12km,S14000054,S14000054,22.30724519125348
605,19801201-20101130,annual,UKCP18 12km,S14000055,S14000055,21.804406319078446
606,19801201-20101130,annual,UKCP18 12km,S14000056,S14000056,24.311015466017974
607,19801201-20101130,annual,UKCP18 12km,S14000057,S14000057,22.76606233324532
608,19801201-20101130,annual,UKCP18 12km,S14000058,S14000058,22.541200196758037
609,19801201-20101130,annual,UKCP18 12km,S14000059,S14000059,24.556981091775395
610,19801201-20101130,annual,UKCP18 12km,W07000041,W07000041,23.587683153114735
611,19801201-20101130,annual,UKCP18 12km,W07000042,W07000042,26.525616053885457
612,19801201-20101130,annual,UKCP18 12km,W07000043,W07000043,26.866867354071058
613,19801201-20101130,annual,UKCP18 12km,W07000044,W07000044,27.354383788520707
614,19801201-20101130,annual,UKCP18 12km,W07000045,W07000045,27.3333149135144
615,19801201-20101130,annual,UKCP18 12km,W07000046,W07000046,27.36400451514709
616,19801201-20101130,annual,UKCP18 12km,W07000047,W07000047,27.36400451514709
617,19801201-20101130,annual,UKCP18 12km,W07000048,W07000048,26.89017722262196
618,19801201-20101130,annual,UKCP18 12km,W07000049,W07000049,27.347445601403162
619,19801201-20101130,annual,UKCP18 12km,W07000050,W07000050,24.6458803395585
620,19801201-20101130,annual,UKCP18 12km,W07000051,W07000051,27.337758415772182
621,19801201-20101130,annual,UKCP18 12km,W07000052,W07000052,26.415352196204395
622,19801201-20101130,annual,UKCP18 12km,W07000053,W07000053,27.625555967854908
623,19801201-20101130,annual,UKCP18 12km,W07000054,W07000054,27.635012945182883
624,19801201-20101130,annual,UKCP18 12km,W07000055,W07000055,25.931500541967917
625,19801201-20101130,annual,UKCP18 12km,W07000056,W07000056,25.931500541967917
626,19801201-20101130,annual,UKCP18 12km,W07000057,W07000057,25.460146979336482
627,19801201-20101130,annual,UKCP18 12km,W07000058,W07000058,25.021655109629783
628,19801201-20101130,annual,UKCP18 12km,W07000059,W07000059,25.085352359406123
629,19801201-20101130,annual,UKCP18 12km,W07000060,W07000060,25.76549384471891
630,19801201-20101130,annual,UKCP18 12km,W07000061,W07000061,24.665159113312093
631,19801201-20101130,annual,UKCP18 12km,W07000062,W07000062,26.225967280271156
632,19801201-20101130,annual,UKCP18 12km,W07000063,W07000063,25.94121733931746
633,19801201-20101130,annual,UKCP18 12km,W07000064,W07000064,26.110058675828625
634,19801201-20101130,annual,UKCP18 12km,W07000065,W07000065,26.026809319145478
635,19801201-20101130,annual,UKCP18 12km,W07000066,W07000066,25.72726585022632
636,19801201-20101130,annual,UKCP18 12km,W07000067,W07000067,26.601483704771425
637,19801201-20101130,annual,UKCP18 12km,W07000068,W07000068,25.993003588806022
638,19801201-20101130,annual,UKCP18 12km,W07000069,W07000069,26.721304618433724
639,19801201-20101130,annual,UKCP18 12km,W07000070,W07000070,26.46965672782274
640,19801201-20101130,annual,UKCP18 12km,W07000071,W07000071,25.82665170709988
641,19801201-20101130,annual,UKCP18 12km,W07000072,W07000072,26.381776298565445
642,19801201-20101130,annual,UKCP18 12km,W07000073,W07000073,27.347445601403162
643,19801201-20101130,annual,UKCP18 12km,W07000074,W07000074,27.29337839213915
644,19801201-20101130,annual,UKCP18 12km,W07000075,W07000075,27.501151830648535
645,19801201-20101130,annual,UKCP18 12km,W07000076,W07000076,27.337758415772182
646,19801201-20101130,annual,UKCP18 12km,W07000077,W07000077,27.0796456272935
647,19801201-20101130,annual,UKCP18 12km,W07000078,W07000078,27.287808581103207
648,19801201-20101130,annual,UKCP18 12km,W07000079,W07000079,24.6458803395585
649,19801201-20101130,annual,UKCP18 12km,W07000080,W07000080,24.6458803395585
