,region,constituency,ensemble,period,season,name,ndhi_baseline
0,1,E14000530,UKCP18 12km,19801201-20101130,annual,Aldershot,2.3312693212686457
1,2,E14000531,UKCP18 12km,19801201-20101130,annual,Aldridge-Brownhills,1.1888104807906792
2,3,E14000532,UKCP18 12km,19801201-20101130,annual,Altrincham and Sale West,0.7751206496020284
3,4,E14000533,UKCP18 12km,19801201-20101130,annual,Amber Valley,1.071285265548927
4,5,E14000534,UKCP18 12km,19801201-20101130,annual,Arundel and South Downs,1.5791819856700127
5,6,E14000535,UKCP18 12km,19801201-20101130,annual,Ashfield,1.225652988477919
6,7,E14000536,UKCP18 12km,19801201-20101130,annual,Ashford,1.9995984853999964
7,8,E14000537,UKCP18 12km,19801201-20101130,annual,Ashton-under-Lyne,0.48717307532940285
8,9,E14000538,UKCP18 12km,19801201-20101130,annual,Aylesbury,1.4973934019985924
9,10,E14000539,UKCP18 12km,19801201-20101130,annual,Banbury,1.7472810298442816
10,11,E14000540,UKCP18 12km,19801201-20101130,annual,Barking,1.659949514848434
11,12,E14000541,UKCP18 12km,19801201-20101130,annual,Barnsley Central,1.132523238082164
12,13,E14000542,UKCP18 12km,19801201-20101130,annual,Barnsley East,0.9575952294272065
13,14,E14000543,UKCP18 12km,19801201-20101130,annual,Barrow and Furness,0.1867074538475347
14,15,E14000544,UKCP18 12km,19801201-20101130,annual,Basildon and Billericay,1.4418489914803854
15,16,E14000545,UKCP18 12km,19801201-20101130,annual,Basingstoke,1.8336611624194863
16,17,E14000546,UKCP18 12km,19801201-20101130,annual,Bassetlaw,1.6126673115324452
17,18,E14000547,UKCP18 12km,19801201-20101130,annual,Bath,1.616548178357845
18,19,E14000548,UKCP18 12km,19801201-20101130,annual,Batley and Spen,0.8264462014661068
19,20,E14000549,UKCP18 12km,19801201-20101130,annual,Battersea,2.1802446380612537
20,21,E14000550,UKCP18 12km,19801201-20101130,annual,Beaconsfield,1.863688110991589
21,22,E14000551,UKCP18 12km,19801201-20101130,annual,Beckenham,1.8715247613981265
22,23,E14000552,UKCP18 12km,19801201-20101130,annual,Bedford,2.041919227149405
23,24,E14000553,UKCP18 12km,19801201-20101130,annual,Bermondsey and Old Southwark,2.0364429433496096
24,25,E14000554,UKCP18 12km,19801201-20101130,annual,Berwick-upon-Tweed,0.20837513767765303
25,26,E14000555,UKCP18 12km,19801201-20101130,annual,Bethnal Green and Bow,2.2211034994153285
26,27,E14000556,UKCP18 12km,19801201-20101130,annual,Beverley and Holderness,0.8021567439339519
27,28,E14000557,UKCP18 12km,19801201-20101130,annual,Bexhill and Battle,1.7696659598965667
28,29,E14000558,UKCP18 12km,19801201-20101130,annual,Bexleyheath and Crayford,2.069767772553171
29,30,E14000559,UKCP18 12km,19801201-20101130,annual,Birkenhead,0.7242269886313674
30,31,E14000560,UKCP18 12km,19801201-20101130,annual,"Birmingham, Edgbaston",1.2808024263801852
31,32,E14000561,UKCP18 12km,19801201-20101130,annual,"Birmingham, Erdington",1.384861083290698
32,33,E14000562,UKCP18 12km,19801201-20101130,annual,"Birmingham, Hall Green",1.4390104845085372
33,34,E14000563,UKCP18 12km,19801201-20101130,annual,"Birmingham, Hodge Hill",1.4390104845085372
34,35,E14000564,UKCP18 12km,19801201-20101130,annual,"Birmingham, Ladywood",1.2808024263801852
35,36,E14000565,UKCP18 12km,19801201-20101130,annual,"Birmingham, Northfield",1.2808024263801852
36,37,E14000566,UKCP18 12km,19801201-20101130,annual,"Birmingham, Perry Barr",1.162912296254173
37,38,E14000567,UKCP18 12km,19801201-20101130,annual,"Birmingham, Selly Oak",1.2808024263801852
38,39,E14000568,UKCP18 12km,19801201-20101130,annual,"Birmingham, Yardley",1.4390104845085372
39,40,E14000569,UKCP18 12km,19801201-20101130,annual,Bishop Auckland,0.2030599912606761
40,41,E14000570,UKCP18 12km,19801201-20101130,annual,Blackburn,0.374143977851173
41,42,E14000571,UKCP18 12km,19801201-20101130,annual,Blackley and Broughton,0.48717307532940285
42,43,E14000572,UKCP18 12km,19801201-20101130,annual,Blackpool North and Cleveleys,0.463905892074715
43,44,E14000573,UKCP18 12km,19801201-20101130,annual,Blackpool South,0.463905892074715
44,45,E14000574,UKCP18 12km,19801201-20101130,annual,Blaydon,0.33764655600682675
45,46,E14000575,UKCP18 12km,19801201-20101130,annual,Blyth Valley,0.28728098724817547
46,47,E14000576,UKCP18 12km,19801201-20101130,annual,Bognor Regis and Littlehampton,1.1261047101479786
47,48,E14000577,UKCP18 12km,19801201-20101130,annual,Bolsover,1.2721683690380041
48,49,E14000578,UKCP18 12km,19801201-20101130,annual,Bolton North East,0.41152021623692536
49,50,E14000579,UKCP18 12km,19801201-20101130,annual,Bolton South East,0.5874480396233491
50,51,E14000580,UKCP18 12km,19801201-20101130,annual,Bolton West,0.46983548229455147
51,52,E14000581,UKCP18 12km,19801201-20101130,annual,Bootle,0.6692509534599549
52,53,E14000582,UKCP18 12km,19801201-20101130,annual,Boston and Skegness,1.3721465144282532
53,54,E14000583,UKCP18 12km,19801201-20101130,annual,Bosworth,1.467433259813069
54,55,E14000584,UKCP18 12km,19801201-20101130,annual,Bournemouth East,1.1476983407144652
55,56,E14000585,UKCP18 12km,19801201-20101130,annual,Bournemouth West,0.9949207391877648
56,57,E14000586,UKCP18 12km,19801201-20101130,annual,Bracknell,2.3723835980005115
57,58,E14000587,UKCP18 12km,19801201-20101130,annual,Bradford East,0.5356972955819427
58,59,E14000588,UKCP18 12km,19801201-20101130,annual,Bradford South,0.5498814709151544
59,60,E14000589,UKCP18 12km,19801201-20101130,annual,Bradford West,0.5356972955819427
60,61,E14000590,UKCP18 12km,19801201-20101130,annual,Braintree,1.965757052509324
61,62,E14000591,UKCP18 12km,19801201-20101130,annual,Brent Central,2.409546616666522
62,63,E14000592,UKCP18 12km,19801201-20101130,annual,Brent North,2.409546616666522
63,64,E14000593,UKCP18 12km,19801201-20101130,annual,Brentford and Isleworth,2.1802446380612537
64,65,E14000594,UKCP18 12km,19801201-20101130,annual,Brentwood and Ongar,1.6975138785761854
65,66,E14000595,UKCP18 12km,19801201-20101130,annual,Bridgwater and West Somerset,1.226280760743506
66,67,E14000596,UKCP18 12km,19801201-20101130,annual,Brigg and Goole,1.5395171008726047
67,68,E14000597,UKCP18 12km,19801201-20101130,annual,"Brighton, Kemptown",1.4719638575214524
68,69,E14000598,UKCP18 12km,19801201-20101130,annual,"Brighton, Pavilion",1.7431148704835369
69,70,E14000599,UKCP18 12km,19801201-20101130,annual,Bristol East,1.5150151072317417
70,71,E14000600,UKCP18 12km,19801201-20101130,annual,Bristol North West,1.4654841271687005
71,72,E14000601,UKCP18 12km,19801201-20101130,annual,Bristol South,1.4654841271687005
72,73,E14000602,UKCP18 12km,19801201-20101130,annual,Bristol West,1.4654841271687005
73,74,E14000603,UKCP18 12km,19801201-20101130,annual,Broadland,1.33304150906454
74,75,E14000604,UKCP18 12km,19801201-20101130,annual,Bromley and Chislehurst,2.069767772553171
75,76,E14000605,UKCP18 12km,19801201-20101130,annual,Bromsgrove,1.6173745675439288
76,77,E14000606,UKCP18 12km,19801201-20101130,annual,Broxbourne,1.8492436363297917
77,78,E14000607,UKCP18 12km,19801201-20101130,annual,Broxtowe,1.3534570877547643
78,79,E14000608,UKCP18 12km,19801201-20101130,annual,Buckingham,1.8114930553131425
79,80,E14000609,UKCP18 12km,19801201-20101130,annual,Burnley,0.3123435420934538
80,81,E14000610,UKCP18 12km,19801201-20101130,annual,Burton,1.3199306574974143
81,82,E14000611,UKCP18 12km,19801201-20101130,annual,Bury North,0.41152021623692536
82,83,E14000612,UKCP18 12km,19801201-20101130,annual,Bury South,0.5874480396233491
83,84,E14000613,UKCP18 12km,19801201-20101130,annual,Bury St Edmunds,1.8361648196866127
84,85,E14000614,UKCP18 12km,19801201-20101130,annual,Calder Valley,0.4152095435759109
85,86,E14000615,UKCP18 12km,19801201-20101130,annual,Camberwell and Peckham,2.0364429433496096
86,87,E14000616,UKCP18 12km,19801201-20101130,annual,Camborne and Redruth,0.34106298244991484
87,88,E14000617,UKCP18 12km,19801201-20101130,annual,Cambridge,2.1953389566890005
88,89,E14000618,UKCP18 12km,19801201-20101130,annual,Cannock Chase,1.2570625928403518
89,90,E14000619,UKCP18 12km,19801201-20101130,annual,Canterbury,1.8456576563987004
90,91,E14000620,UKCP18 12km,19801201-20101130,annual,Carlisle,0.3268933120564836
91,92,E14000621,UKCP18 12km,19801201-20101130,annual,Carshalton and Wallington,1.8715247613981265
92,93,E14000622,UKCP18 12km,19801201-20101130,annual,Castle Point,1.3780949014084918
93,94,E14000623,UKCP18 12km,19801201-20101130,annual,Central Devon,0.7866801745171157
94,95,E14000624,UKCP18 12km,19801201-20101130,annual,Central Suffolk and North Ipswich,1.4650298823630021
95,96,E14000625,UKCP18 12km,19801201-20101130,annual,Charnwood,1.4390793871779974
96,97,E14000626,UKCP18 12km,19801201-20101130,annual,Chatham and Aylesford,2.038248682009974
97,98,E14000627,UKCP18 12km,19801201-20101130,annual,Cheadle,0.5713899345826966
98,99,E14000628,UKCP18 12km,19801201-20101130,annual,Chelmsford,1.6197356937263938
99,100,E14000629,UKCP18 12km,19801201-20101130,annual,Chelsea and Fulham,2.1802446380612537
100,101,E14000630,UKCP18 12km,19801201-20101130,annual,Cheltenham,1.5922256854342838
101,102,E14000631,UKCP18 12km,19801201-20101130,annual,Chesham and Amersham,1.5133862371137756
102,103,E14000632,UKCP18 12km,19801201-20101130,annual,Chesterfield,0.8821723805869958
103,104,E14000633,UKCP18 12km,19801201-20101130,annual,Chichester,1.5392382733862486
104,105,E14000634,UKCP18 12km,19801201-20101130,annual,Chingford and Woodford Green,2.0754095345183194
105,106,E14000635,UKCP18 12km,19801201-20101130,annual,Chippenham,1.6961482594769597
106,107,E14000636,UKCP18 12km,19801201-20101130,annual,Chipping Barnet,2.089225294871822
107,108,E14000637,UKCP18 12km,19801201-20101130,annual,Chorley,0.542527068948153
108,109,E14000638,UKCP18 12km,19801201-20101130,annual,Christchurch,1.1476983407144652
109,110,E14000639,UKCP18 12km,19801201-20101130,annual,Cities of London and Westminster,2.2211034994153285
110,111,E14000640,UKCP18 12km,19801201-20101130,annual,City of Chester,0.940599050472042
111,112,E14000641,UKCP18 12km,19801201-20101130,annual,City of Durham,0.38060530423846206
112,113,E14000642,UKCP18 12km,19801201-20101130,annual,Clacton,1.3967776813084747
113,114,E14000643,UKCP18 12km,19801201-20101130,annual,Cleethorpes,1.1002699148311652
114,115,E14000644,UKCP18 12km,19801201-20101130,annual,Colchester,2.078938492545543
115,116,E14000645,UKCP18 12km,19801201-20101130,annual,Colne Valley,0.3557624686274599
116,117,E14000646,UKCP18 12km,19801201-20101130,annual,Congleton,0.817557139974614
117,118,E14000647,UKCP18 12km,19801201-20101130,annual,Copeland,0.14159939487887752
118,119,E14000648,UKCP18 12km,19801201-20101130,annual,Corby,1.8963958740227467
119,120,E14000649,UKCP18 12km,19801201-20101130,annual,Coventry North East,1.6700447500238027
120,121,E14000650,UKCP18 12km,19801201-20101130,annual,Coventry North West,1.6243753443788111
121,122,E14000651,UKCP18 12km,19801201-20101130,annual,Coventry South,1.6700447500238027
122,123,E14000652,UKCP18 12km,19801201-20101130,annual,Crawley,1.820499509679211
123,124,E14000653,UKCP18 12km,19801201-20101130,annual,Crewe and Nantwich,0.9352938801617838
124,125,E14000654,UKCP18 12km,19801201-20101130,annual,Croydon Central,1.8715247613981265
125,126,E14000655,UKCP18 12km,19801201-20101130,annual,Croydon North,2.0364429433496096
126,127,E14000656,UKCP18 12km,19801201-20101130,annual,Croydon South,1.8715247613981265
127,128,E14000657,UKCP18 12km,19801201-20101130,annual,Dagenham and Rainham,1.659949514848434
128,129,E14000658,UKCP18 12km,19801201-20101130,annual,Darlington,0.6704954175997888
129,130,E14000659,UKCP18 12km,19801201-20101130,annual,Dartford,1.9422654718164534
130,131,E14000660,UKCP18 12km,19801201-20101130,annual,Daventry,1.5026672113064736
131,132,E14000661,UKCP18 12km,19801201-20101130,annual,Denton and Reddish,0.5713899345826966
132,133,E14000662,UKCP18 12km,19801201-20101130,annual,Derby North,1.2444423851295856
133,134,E14000663,UKCP18 12km,19801201-20101130,annual,Derby South,1.4768238611403188
134,135,E14000664,UKCP18 12km,19801201-20101130,annual,Derbyshire Dales,0.7168632976671958
135,136,E14000665,UKCP18 12km,19801201-20101130,annual,Devizes,1.6310238181079455
136,137,E14000666,UKCP18 12km,19801201-20101130,annual,Dewsbury,0.7455313491233584
137,138,E14000667,UKCP18 12km,19801201-20101130,annual,Don Valley,1.7244027277329923
138,139,E14000668,UKCP18 12km,19801201-20101130,annual,Doncaster Central,1.7244027277329923
139,140,E14000669,UKCP18 12km,19801201-20101130,annual,Doncaster North,1.5258795460843657
140,141,E14000670,UKCP18 12km,19801201-20101130,annual,Dover,1.5079219588652428
141,142,E14000671,UKCP18 12km,19801201-20101130,annual,Dudley North,1.1682405084321295
142,143,E14000672,UKCP18 12km,19801201-20101130,annual,Dudley South,1.1682405084321295
143,144,E14000673,UKCP18 12km,19801201-20101130,annual,Dulwich and West Norwood,2.0364429433496096
144,145,E14000674,UKCP18 12km,19801201-20101130,annual,Ealing Central and Acton,2.409546616666522
145,146,E14000675,UKCP18 12km,19801201-20101130,annual,Ealing North,2.091570919077761
146,147,E14000676,UKCP18 12km,19801201-20101130,annual,"Ealing, Southall",2.1232523783857578
147,148,E14000677,UKCP18 12km,19801201-20101130,annual,Easington,0.3884649797299698
148,149,E14000678,UKCP18 12km,19801201-20101130,annual,East Devon,0.8970665057102375
149,150,E14000679,UKCP18 12km,19801201-20101130,annual,East Ham,1.659949514848434
150,151,E14000680,UKCP18 12km,19801201-20101130,annual,East Hampshire,1.7665621811819603
151,152,E14000681,UKCP18 12km,19801201-20101130,annual,East Surrey,1.8201116390255094
152,153,E14000682,UKCP18 12km,19801201-20101130,annual,East Worthing and Shoreham,1.5665505232649515
153,154,E14000683,UKCP18 12km,19801201-20101130,annual,East Yorkshire,0.83998508308325
154,155,E14000684,UKCP18 12km,19801201-20101130,annual,Eastbourne,0.8536978949646171
155,156,E14000685,UKCP18 12km,19801201-20101130,annual,Eastleigh,1.2956508189592644
156,157,E14000686,UKCP18 12km,19801201-20101130,annual,Eddisbury,1.0620839154095438
157,158,E14000687,UKCP18 12km,19801201-20101130,annual,Edmonton,2.0754095345183194
158,159,E14000688,UKCP18 12km,19801201-20101130,annual,Ellesmere Port and Neston,0.7693426527911265
159,160,E14000689,UKCP18 12km,19801201-20101130,annual,Elmet and Rothwell,1.0698910167817086
160,161,E14000690,UKCP18 12km,19801201-20101130,annual,Eltham,2.069767772553171
161,162,E14000691,UKCP18 12km,19801201-20101130,annual,Enfield North,2.0754095345183194
162,163,E14000692,UKCP18 12km,19801201-20101130,annual,"Enfield, Southgate",2.0754095345183194
163,164,E14000693,UKCP18 12km,19801201-20101130,annual,Epping Forest,1.8104857570567496
164,165,E14000694,UKCP18 12km,19801201-20101130,annual,Epsom and Ewell,1.8783683555182928
165,166,E14000695,UKCP18 12km,19801201-20101130,annual,Erewash,1.3534570877547643
166,167,E14000696,UKCP18 12km,19801201-20101130,annual,Erith and Thamesmead,2.069767772553171
167,168,E14000697,UKCP18 12km,19801201-20101130,annual,Esher and Walton,2.095049156113469
168,169,E14000698,UKCP18 12km,19801201-20101130,annual,Exeter,0.885308607802604
169,170,E14000699,UKCP18 12km,19801201-20101130,annual,Fareham,1.2956508189592644
170,171,E14000700,UKCP18 12km,19801201-20101130,annual,Faversham and Mid Kent,2.002344707961331
171,172,E14000701,UKCP18 12km,19801201-20101130,annual,Feltham and Heston,2.1232523783857578
172,173,E14000702,UKCP18 12km,19801201-20101130,annual,Filton and Bradley Stoke,1.431607150394747
173,174,E14000703,UKCP18 12km,19801201-20101130,annual,Finchley and Golders Green,2.409546616666522
174,175,E14000704,UKCP18 12km,19801201-20101130,annual,Folkestone and Hythe,1.771697283541976
175,176,E14000705,UKCP18 12km,19801201-20101130,annual,Forest of Dean,1.7553134917175173
176,177,E14000706,UKCP18 12km,19801201-20101130,annual,Fylde,0.463905892074715
177,178,E14000707,UKCP18 12km,19801201-20101130,annual,Gainsborough,1.4775354430687133
178,179,E14000708,UKCP18 12km,19801201-20101130,annual,Garston and Halewood,0.7069971544703334
179,180,E14000709,UKCP18 12km,19801201-20101130,annual,Gateshead,0.3448905307979624
180,181,E14000710,UKCP18 12km,19801201-20101130,annual,Gedling,1.4918765942043202
181,182,E14000711,UKCP18 12km,19801201-20101130,annual,Gillingham and Rainham,2.1493747897080286
182,183,E14000712,UKCP18 12km,19801201-20101130,annual,Gloucester,1.7460242431124318
183,184,E14000713,UKCP18 12km,19801201-20101130,annual,Gosport,1.1497838150755795
184,185,E14000714,UKCP18 12km,19801201-20101130,annual,Grantham and Stamford,1.4702002810809944
185,186,E14000715,UKCP18 12km,19801201-20101130,annual,Gravesham,1.672598582688024
186,187,E14000716,UKCP18 12km,19801201-20101130,annual,Great Grimsby,0.994965501508842
187,188,E14000717,UKCP18 12km,19801201-20101130,annual,Great Yarmouth,0.8466816657765969
188,189,E14000718,UKCP18 12km,19801201-20101130,annual,Greenwich and Woolwich,2.069767772553171
189,190,E14000719,UKCP18 12km,19801201-20101130,annual,Guildford,2.185063291555415
190,191,E14000720,UKCP18 12km,19801201-20101130,annual,Hackney North and Stoke Newington,2.2211034994153285
191,192,E14000721,UKCP18 12km,19801201-20101130,annual,Hackney South and Shoreditch,2.2211034994153285
192,193,E14000722,UKCP18 12km,19801201-20101130,annual,Halesowen and Rowley Regis,1.2808024263801852
193,194,E14000723,UKCP18 12km,19801201-20101130,annual,Halifax,0.5498814709151544
194,195,E14000724,UKCP18 12km,19801201-20101130,annual,Haltemprice and Howden,0.9278489678020744
195,196,E14000725,UKCP18 12km,19801201-20101130,annual,Halton,0.729088089281555
196,197,E14000726,UKCP18 12km,19801201-20101130,annual,Hammersmith,2.1802446380612537
197,198,E14000727,UKCP18 12km,19801201-20101130,annual,Hampstead and Kilburn,2.409546616666522
198,199,E14000728,UKCP18 12km,19801201-20101130,annual,Harborough,1.502559281253646
199,200,E14000729,UKCP18 12km,19801201-20101130,annual,Harlow,1.805217693420124
200,201,E14000730,UKCP18 12km,19801201-20101130,annual,Harrogate and Knaresborough,0.9351267794726783
201,202,E14000731,UKCP18 12km,19801201-20101130,annual,Harrow East,2.409546616666522
202,203,E14000732,UKCP18 12km,19801201-20101130,annual,Harrow West,2.091570919077761
203,204,E14000733,UKCP18 12km,19801201-20101130,annual,Hartlepool,0.5271325203094581
204,205,E14000734,UKCP18 12km,19801201-20101130,annual,Harwich and North Essex,1.866261875804897
205,206,E14000735,UKCP18 12km,19801201-20101130,annual,Hastings and Rye,1.702466553432668
206,207,E14000736,UKCP18 12km,19801201-20101130,annual,Havant,1.2687438290059747
207,208,E14000737,UKCP18 12km,19801201-20101130,annual,Hayes and Harlington,2.1232523783857578
208,209,E14000738,UKCP18 12km,19801201-20101130,annual,Hazel Grove,0.5713899345826966
209,210,E14000739,UKCP18 12km,19801201-20101130,annual,Hemel Hempstead,1.5798834526410044
210,211,E14000740,UKCP18 12km,19801201-20101130,annual,Hemsworth,1.280657019959845
211,212,E14000741,UKCP18 12km,19801201-20101130,annual,Hendon,2.409546616666522
212,213,E14000742,UKCP18 12km,19801201-20101130,annual,Henley,1.9466266699787345
213,214,E14000743,UKCP18 12km,19801201-20101130,annual,Hereford and South Herefordshire,1.4513259439856394
214,215,E14000744,UKCP18 12km,19801201-20101130,annual,Hertford and Stortford,1.8492436363297917
215,216,E14000745,UKCP18 12km,19801201-20101130,annual,Hertsmere,2.089225294871822
216,217,E14000746,UKCP18 12km,19801201-20101130,annual,Hexham,0.1986684223207133
217,218,E14000747,UKCP18 12km,19801201-20101130,annual,Heywood and Middleton,0.37013504474157505
218,219,E14000748,UKCP18 12km,19801201-20101130,annual,High Peak,0.3551178173581156
219,220,E14000749,UKCP18 12km,19801201-20101130,annual,Hitchin and Harpenden,1.5798834526410044
220,221,E14000750,UKCP18 12km,19801201-20101130,annual,Holborn and St Pancras,2.2211034994153285
221,222,E14000751,UKCP18 12km,19801201-20101130,annual,Hornchurch and Upminster,1.436706367745425
222,223,E14000752,UKCP18 12km,19801201-20101130,annual,Hornsey and Wood Green,2.2211034994153285
223,224,E14000753,UKCP18 12km,19801201-20101130,annual,Horsham,1.8748214407128891
224,225,E14000754,UKCP18 12km,19801201-20101130,annual,Houghton and Sunderland South,0.3884649797299698
225,226,E14000755,UKCP18 12km,19801201-20101130,annual,Hove,1.4719638575214524
226,227,E14000756,UKCP18 12km,19801201-20101130,annual,Huddersfield,0.46336834123012166
227,228,E14000757,UKCP18 12km,19801201-20101130,annual,Huntingdon,2.1575322132265593
228,229,E14000758,UKCP18 12km,19801201-20101130,annual,Hyndburn,0.3240962213866101
229,230,E14000759,UKCP18 12km,19801201-20101130,annual,Ilford North,1.659949514848434
230,231,E14000760,UKCP18 12km,19801201-20101130,annual,Ilford South,1.659949514848434
231,232,E14000761,UKCP18 12km,19801201-20101130,annual,Ipswich,1.5737580485650995
232,233,E14000762,UKCP18 12km,19801201-20101130,annual,Isle of Wight,1.0702161428829033
233,234,E14000763,UKCP18 12km,19801201-20101130,annual,Islington North,2.2211034994153285
234,235,E14000764,UKCP18 12km,19801201-20101130,annual,Islington South and Finsbury,2.2211034994153285
235,236,E14000765,UKCP18 12km,19801201-20101130,annual,Jarrow,0.32355412435544073
236,237,E14000766,UKCP18 12km,19801201-20101130,annual,Keighley,0.4258826550162966
237,238,E14000767,UKCP18 12km,19801201-20101130,annual,Kenilworth and Southam,1.7478101377303872
238,239,E14000768,UKCP18 12km,19801201-20101130,annual,Kensington,2.409546616666522
239,240,E14000769,UKCP18 12km,19801201-20101130,annual,Kettering,1.7860880003894442
240,241,E14000770,UKCP18 12km,19801201-20101130,annual,Kingston and Surbiton,1.8783683555182928
241,242,E14000771,UKCP18 12km,19801201-20101130,annual,Kingston upon Hull East,0.8800937643351009
242,243,E14000772,UKCP18 12km,19801201-20101130,annual,Kingston upon Hull North,0.7869360371427354
243,244,E14000773,UKCP18 12km,19801201-20101130,annual,Kingston upon Hull West and Hessle,0.8800937643351009
244,245,E14000774,UKCP18 12km,19801201-20101130,annual,Kingswood,1.5150151072317417
245,246,E14000775,UKCP18 12km,19801201-20101130,annual,Knowsley,0.7069971544703334
246,247,E14000776,UKCP18 12km,19801201-20101130,annual,Lancaster and Fleetwood,0.2911024626708776
247,248,E14000777,UKCP18 12km,19801201-20101130,annual,Leeds Central,0.8264462014661068
248,249,E14000778,UKCP18 12km,19801201-20101130,annual,Leeds East,1.0383247033281042
249,250,E14000779,UKCP18 12km,19801201-20101130,annual,Leeds North East,0.742125724331272
250,251,E14000780,UKCP18 12km,19801201-20101130,annual,Leeds North West,0.742125724331272
251,252,E14000781,UKCP18 12km,19801201-20101130,annual,Leeds West,0.742125724331272
252,253,E14000782,UKCP18 12km,19801201-20101130,annual,Leicester East,1.4067665627480717
253,254,E14000783,UKCP18 12km,19801201-20101130,annual,Leicester South,1.4067665627480717
254,255,E14000784,UKCP18 12km,19801201-20101130,annual,Leicester West,1.4067665627480717
255,256,E14000785,UKCP18 12km,19801201-20101130,annual,Leigh,0.5859741744376471
256,257,E14000786,UKCP18 12km,19801201-20101130,annual,Lewes,1.6621604025132555
257,258,E14000787,UKCP18 12km,19801201-20101130,annual,Lewisham East,2.0364429433496096
258,259,E14000788,UKCP18 12km,19801201-20101130,annual,Lewisham West and Penge,2.0364429433496096
259,260,E14000789,UKCP18 12km,19801201-20101130,annual,"Lewisham, Deptford",2.0364429433496096
260,261,E14000790,UKCP18 12km,19801201-20101130,annual,Leyton and Wanstead,2.2211034994153285
261,262,E14000791,UKCP18 12km,19801201-20101130,annual,Lichfield,1.5713468314085393
262,263,E14000792,UKCP18 12km,19801201-20101130,annual,Lincoln,1.5532735470751466
263,264,E14000793,UKCP18 12km,19801201-20101130,annual,"Liverpool, Riverside",0.7069971544703334
264,265,E14000794,UKCP18 12km,19801201-20101130,annual,"Liverpool, Walton",0.7069971544703334
265,266,E14000795,UKCP18 12km,19801201-20101130,annual,"Liverpool, Wavertree",0.7069971544703334
266,267,E14000796,UKCP18 12km,19801201-20101130,annual,"Liverpool, West Derby",0.7069971544703334
267,268,E14000797,UKCP18 12km,19801201-20101130,annual,Loughborough,1.4467241080065454
268,269,E14000798,UKCP18 12km,19801201-20101130,annual,Louth and Horncastle,1.0804482640583493
269,270,E14000799,UKCP18 12km,19801201-20101130,annual,Ludlow,0.9496892099851284
270,271,E14000800,UKCP18 12km,19801201-20101130,annual,Luton North,1.682454795892247
271,272,E14000801,UKCP18 12km,19801201-20101130,annual,Luton South,1.682454795892247
272,273,E14000802,UKCP18 12km,19801201-20101130,annual,Macclesfield,0.5808797660623637
273,274,E14000803,UKCP18 12km,19801201-20101130,annual,Maidenhead,2.2755361289928455
274,275,E14000804,UKCP18 12km,19801201-20101130,annual,Maidstone and The Weald,2.010310329667772
275,276,E14000805,UKCP18 12km,19801201-20101130,annual,Makerfield,0.5803435038986574
276,277,E14000806,UKCP18 12km,19801201-20101130,annual,Maldon,1.2272960374735131
277,278,E14000807,UKCP18 12km,19801201-20101130,annual,Manchester Central,0.48717307532940285
278,279,E14000808,UKCP18 12km,19801201-20101130,annual,"Manchester, Gorton",0.5713899345826966
279,280,E14000809,UKCP18 12km,19801201-20101130,annual,"Manchester, Withington",0.7751206496020284
280,281,E14000810,UKCP18 12km,19801201-20101130,annual,Mansfield,1.2499689078625187
281,282,E14000811,UKCP18 12km,19801201-20101130,annual,Meon Valley,1.3089603664300988
282,283,E14000812,UKCP18 12km,19801201-20101130,annual,Meriden,1.6243753443788111
283,284,E14000813,UKCP18 12km,19801201-20101130,annual,Mid Bedfordshire,1.836715974598626
284,285,E14000814,UKCP18 12km,19801201-20101130,annual,Mid Derbyshire,1.2444423851295856
285,286,E14000815,UKCP18 12km,19801201-20101130,annual,Mid Dorset and North Poole,1.2169917742547076
286,287,E14000816,UKCP18 12km,19801201-20101130,annual,Mid Norfolk,1.608136342686467
287,288,E14000817,UKCP18 12km,19801201-20101130,annual,Mid Sussex,1.995254359228649
288,289,E14000818,UKCP18 12km,19801201-20101130,annual,Mid Worcestershire,1.8259214161898059
289,290,E14000819,UKCP18 12km,19801201-20101130,annual,Middlesbrough,0.5271325203094581
290,291,E14000820,UKCP18 12km,19801201-20101130,annual,Middlesbrough South and East Cleveland,0.3865226546574843
291,292,E14000821,UKCP18 12km,19801201-20101130,annual,Milton Keynes North,1.8922870338931206
292,293,E14000822,UKCP18 12km,19801201-20101130,annual,Milton Keynes South,1.7740811318799723
293,294,E14000823,UKCP18 12km,19801201-20101130,annual,Mitcham and Morden,2.1802446380612537
294,295,E14000824,UKCP18 12km,19801201-20101130,annual,Mole Valley,2.0558162947976637
295,296,E14000825,UKCP18 12km,19801201-20101130,annual,Morecambe and Lunesdale,0.3319139746005776
296,297,E14000826,UKCP18 12km,19801201-20101130,annual,Morley and Outwood,0.8264462014661068
297,298,E14000827,UKCP18 12km,19801201-20101130,annual,New Forest East,1.2697110400802647
298,299,E14000828,UKCP18 12km,19801201-20101130,annual,New Forest West,1.3246866090835254
299,300,E14000829,UKCP18 12km,19801201-20101130,annual,Newark,1.5588035264666462
300,301,E14000830,UKCP18 12km,19801201-20101130,annual,Newbury,1.7539944625327786
301,302,E14000831,UKCP18 12km,19801201-20101130,annual,Newcastle upon Tyne Central,0.3111094161925547
302,303,E14000832,UKCP18 12km,19801201-20101130,annual,Newcastle upon Tyne East,0.3111094161925547
303,304,E14000833,UKCP18 12km,19801201-20101130,annual,Newcastle upon Tyne North,0.3111094161925547
304,305,E14000834,UKCP18 12km,19801201-20101130,annual,Newcastle-under-Lyme,0.813149483596915
305,306,E14000835,UKCP18 12km,19801201-20101130,annual,Newton Abbot,0.47673020209265704
306,307,E14000836,UKCP18 12km,19801201-20101130,annual,"Normanton, Pontefract and Castleford",1.3339148306196877
307,308,E14000837,UKCP18 12km,19801201-20101130,annual,North Cornwall,0.8152893451681642
308,309,E14000838,UKCP18 12km,19801201-20101130,annual,North Devon,0.9162525308902044
309,310,E14000839,UKCP18 12km,19801201-20101130,annual,North Dorset,1.370697029651613
310,311,E14000840,UKCP18 12km,19801201-20101130,annual,North Durham,0.38060530423846206
311,312,E14000841,UKCP18 12km,19801201-20101130,annual,North East Bedfordshire,2.0721340106879134
312,313,E14000842,UKCP18 12km,19801201-20101130,annual,North East Cambridgeshire,2.216902573979322
313,314,E14000843,UKCP18 12km,19801201-20101130,annual,North East Derbyshire,0.9227001690614851
314,315,E14000844,UKCP18 12km,19801201-20101130,annual,North East Hampshire,2.0135016325059705
315,316,E14000845,UKCP18 12km,19801201-20101130,annual,North East Hertfordshire,1.9446784160877497
316,317,E14000846,UKCP18 12km,19801201-20101130,annual,North East Somerset,1.532247478308771
317,318,E14000847,UKCP18 12km,19801201-20101130,annual,North Herefordshire,1.3214455783565997
318,319,E14000848,UKCP18 12km,19801201-20101130,annual,North Norfolk,1.3309010395682512
319,320,E14000849,UKCP18 12km,19801201-20101130,annual,North Shropshire,1.1926682524273684
320,321,E14000850,UKCP18 12km,19801201-20101130,annual,North Somerset,1.4425843098753868
321,322,E14000851,UKCP18 12km,19801201-20101130,annual,North Swindon,1.6483148693025618
322,323,E14000852,UKCP18 12km,19801201-20101130,annual,North Thanet,1.5743514402588954
323,324,E14000853,UKCP18 12km,19801201-20101130,annual,North Tyneside,0.3111094161925547
324,325,E14000854,UKCP18 12km,19801201-20101130,annual,North Warwickshire,1.5125096686819415
325,326,E14000855,UKCP18 12km,19801201-20101130,annual,North West Cambridgeshire,2.072106864342342
326,327,E14000856,UKCP18 12km,19801201-20101130,annual,North West Durham,0.17011508929974806
327,328,E14000857,UKCP18 12km,19801201-20101130,annual,North West Hampshire,1.7416675293960984
328,329,E14000858,UKCP18 12km,19801201-20101130,annual,North West Leicestershire,1.545359819930295
329,330,E14000859,UKCP18 12km,19801201-20101130,annual,North West Norfolk,1.6815428118811209
330,331,E14000860,UKCP18 12km,19801201-20101130,annual,North Wiltshire,1.6048685023664864
331,332,E14000861,UKCP18 12km,19801201-20101130,annual,Northampton North,1.7118720003590162
332,333,E14000862,UKCP18 12km,19801201-20101130,annual,Northampton South,1.7118720003590162
333,334,E14000863,UKCP18 12km,19801201-20101130,annual,Norwich North,1.4732677628307407
334,335,E14000864,UKCP18 12km,19801201-20101130,annual,Norwich South,1.6228236859806449
335,336,E14000865,UKCP18 12km,19801201-20101130,annual,Nottingham East,1.4918765942043202
336,337,E14000866,UKCP18 12km,19801201-20101130,annual,Nottingham North,1.3534570877547643
337,338,E14000867,UKCP18 12km,19801201-20101130,annual,Nottingham South,1.3534570877547643
338,339,E14000868,UKCP18 12km,19801201-20101130,annual,Nuneaton,1.5972093472708329
339,340,E14000869,UKCP18 12km,19801201-20101130,annual,Old Bexley and Sidcup,2.069767772553171
340,341,E14000870,UKCP18 12km,19801201-20101130,annual,Oldham East and Saddleworth,0.36485736809627384
341,342,E14000871,UKCP18 12km,19801201-20101130,annual,Oldham West and Royton,0.48717307532940285
342,343,E14000872,UKCP18 12km,19801201-20101130,annual,Orpington,2.0373644580178887
343,344,E14000873,UKCP18 12km,19801201-20101130,annual,Oxford East,2.0661866331031447
344,345,E14000874,UKCP18 12km,19801201-20101130,annual,Oxford West and Abingdon,2.1052596763713076
345,346,E14000875,UKCP18 12km,19801201-20101130,annual,Pendle,0.3397610665941569
346,347,E14000876,UKCP18 12km,19801201-20101130,annual,Penistone and Stocksbridge,0.42668786946923565
347,348,E14000877,UKCP18 12km,19801201-20101130,annual,Penrith and The Border,0.197241295254473
348,349,E14000878,UKCP18 12km,19801201-20101130,annual,Peterborough,1.841420819140792
349,350,E14000879,UKCP18 12km,19801201-20101130,annual,"Plymouth, Moor View",0.4662938307885789
350,351,E14000880,UKCP18 12km,19801201-20101130,annual,"Plymouth, Sutton and Devonport",0.4483288694338247
351,352,E14000881,UKCP18 12km,19801201-20101130,annual,Poole,0.9949207391877648
352,353,E14000882,UKCP18 12km,19801201-20101130,annual,Poplar and Limehouse,2.2211034994153285
353,354,E14000883,UKCP18 12km,19801201-20101130,annual,Portsmouth North,1.1497838150755795
354,355,E14000884,UKCP18 12km,19801201-20101130,annual,Portsmouth South,1.1497838150755795
355,356,E14000885,UKCP18 12km,19801201-20101130,annual,Preston,0.4422450001143598
356,357,E14000886,UKCP18 12km,19801201-20101130,annual,Pudsey,0.742125724331272
357,358,E14000887,UKCP18 12km,19801201-20101130,annual,Putney,2.1802446380612537
358,359,E14000888,UKCP18 12km,19801201-20101130,annual,Rayleigh and Wickford,1.0934552056499032
359,360,E14000889,UKCP18 12km,19801201-20101130,annual,Reading East,2.107100636090367
360,361,E14000890,UKCP18 12km,19801201-20101130,annual,Reading West,1.9401260079991338
361,362,E14000891,UKCP18 12km,19801201-20101130,annual,Redcar,0.48044093252627773
362,363,E14000892,UKCP18 12km,19801201-20101130,annual,Redditch,1.9105604036725499
363,364,E14000893,UKCP18 12km,19801201-20101130,annual,Reigate,1.7820232753532323
364,365,E14000894,UKCP18 12km,19801201-20101130,annual,Ribble Valley,0.3036017888986154
365,366,E14000895,UKCP18 12km,19801201-20101130,annual,Richmond (Yorks),0.4424116221221513
366,367,E14000896,UKCP18 12km,19801201-20101130,annual,Richmond Park,2.1802446380612537
367,368,E14000897,UKCP18 12km,19801201-20101130,annual,Rochdale,0.37013504474157505
368,369,E14000898,UKCP18 12km,19801201-20101130,annual,Rochester and Strood,1.493673884573689
369,370,E14000899,UKCP18 12km,19801201-20101130,annual,Rochford and Southend East,1.1465839152902506
370,371,E14000900,UKCP18 12km,19801201-20101130,annual,Romford,1.659949514848434
371,372,E14000901,UKCP18 12km,19801201-20101130,annual,Romsey and Southampton North,1.6906284503748317
372,373,E14000902,UKCP18 12km,19801201-20101130,annual,Rossendale and Darwen,0.3240962213866101
373,374,E14000903,UKCP18 12km,19801201-20101130,annual,Rother Valley,1.2920277865657501
374,375,E14000904,UKCP18 12km,19801201-20101130,annual,Rotherham,0.8775631565980664
375,376,E14000905,UKCP18 12km,19801201-20101130,annual,Rugby,1.5781512666944912
376,377,E14000906,UKCP18 12km,19801201-20101130,annual,"Ruislip, Northwood and Pinner",2.091570919077761
377,378,E14000907,UKCP18 12km,19801201-20101130,annual,Runnymede and Weybridge,2.3231930160658254
378,379,E14000908,UKCP18 12km,19801201-20101130,annual,Rushcliffe,1.4970632303201286
379,380,E14000909,UKCP18 12km,19801201-20101130,annual,Rutland and Melton,1.385291118886973
380,381,E14000910,UKCP18 12km,19801201-20101130,annual,Saffron Walden,1.8398731677056812
381,382,E14000911,UKCP18 12km,19801201-20101130,annual,Salford and Eccles,0.5874480396233491
382,383,E14000912,UKCP18 12km,19801201-20101130,annual,Salisbury,1.5976668963351532
383,384,E14000913,UKCP18 12km,19801201-20101130,annual,Scarborough and Whitby,0.4475946589531531
384,385,E14000914,UKCP18 12km,19801201-20101130,annual,Scunthorpe,1.47289718736496
385,386,E14000915,UKCP18 12km,19801201-20101130,annual,Sedgefield,0.49053124014971305
386,387,E14000916,UKCP18 12km,19801201-20101130,annual,Sefton Central,0.6692509534599549
387,388,E14000917,UKCP18 12km,19801201-20101130,annual,Selby and Ainsty,1.2613610542630735
388,389,E14000918,UKCP18 12km,19801201-20101130,annual,Sevenoaks,1.974828657949606
389,390,E14000919,UKCP18 12km,19801201-20101130,annual,Sheffield Central,0.8775631565980664
390,391,E14000920,UKCP18 12km,19801201-20101130,annual,Sheffield South East,0.8775631565980664
391,392,E14000921,UKCP18 12km,19801201-20101130,annual,"Sheffield, Brightside and Hillsborough",0.8775631565980664
392,393,E14000922,UKCP18 12km,19801201-20101130,annual,"Sheffield, Hallam",0.47351350595450153
393,394,E14000923,UKCP18 12km,19801201-20101130,annual,"Sheffield, Heeley",0.8821723805869958
394,395,E14000924,UKCP18 12km,19801201-20101130,annual,Sherwood,1.562945932230197
395,396,E14000925,UKCP18 12km,19801201-20101130,annual,Shipley,0.5356972955819427
396,397,E14000926,UKCP18 12km,19801201-20101130,annual,Shrewsbury and Atcham,1.0852941898510498
397,398,E14000927,UKCP18 12km,19801201-20101130,annual,Sittingbourne and Sheppey,1.8943101329033363
398,399,E14000928,UKCP18 12km,19801201-20101130,annual,Skipton and Ripon,0.4015603811441516
399,400,E14000929,UKCP18 12km,19801201-20101130,annual,Sleaford and North Hykeham,1.511313801241411
400,401,E14000930,UKCP18 12km,19801201-20101130,annual,Slough,1.9596759887494446
401,402,E14000931,UKCP18 12km,19801201-20101130,annual,Solihull,1.4390104845085372
402,403,E14000932,UKCP18 12km,19801201-20101130,annual,Somerton and Frome,1.6333061720832212
403,404,E14000933,UKCP18 12km,19801201-20101130,annual,South Basildon and East Thurrock,1.4127958471578237
404,405,E14000934,UKCP18 12km,19801201-20101130,annual,South Cambridgeshire,2.2668553538410943
405,406,E14000935,UKCP18 12km,19801201-20101130,annual,South Derbyshire,1.5094609625901487
406,407,E14000936,UKCP18 12km,19801201-20101130,annual,South Dorset,0.8775052484651057
407,408,E14000937,UKCP18 12km,19801201-20101130,annual,South East Cambridgeshire,2.1470052376083126
408,409,E14000938,UKCP18 12km,19801201-20101130,annual,South East Cornwall,0.589535061335206
409,410,E14000939,UKCP18 12km,19801201-20101130,annual,South Holland and The Deepings,1.7756205885269882
410,411,E14000940,UKCP18 12km,19801201-20101130,annual,South Leicestershire,1.4581811832907041
411,412,E14000941,UKCP18 12km,19801201-20101130,annual,South Norfolk,1.5698140718649933
412,413,E14000942,UKCP18 12km,19801201-20101130,annual,South Northamptonshire,1.7643996638755381
413,414,E14000943,UKCP18 12km,19801201-20101130,annual,South Ribble,0.4709694522475324
414,415,E14000944,UKCP18 12km,19801201-20101130,annual,South Shields,0.32355412435544073
415,416,E14000945,UKCP18 12km,19801201-20101130,annual,South Staffordshire,1.1517023180522803
416,417,E14000946,UKCP18 12km,19801201-20101130,annual,South Suffolk,1.92878342293827
417,418,E14000947,UKCP18 12km,19801201-20101130,annual,South Swindon,1.6483148693025618
418,419,E14000948,UKCP18 12km,19801201-20101130,annual,South Thanet,1.5743514402588954
419,420,E14000949,UKCP18 12km,19801201-20101130,annual,South West Bedfordshire,1.4890816830820557
420,421,E14000950,UKCP18 12km,19801201-20101130,annual,South West Devon,0.418979581065772
421,422,E14000951,UKCP18 12km,19801201-20101130,annual,South West Hertfordshire,1.3935980679043325
422,423,E14000952,UKCP18 12km,19801201-20101130,annual,South West Norfolk,2.146699426083257
423,424,E14000953,UKCP18 12km,19801201-20101130,annual,South West Surrey,2.157532872501431
424,425,E14000954,UKCP18 12km,19801201-20101130,annual,South West Wiltshire,1.4868584067588084
425,426,E14000955,UKCP18 12km,19801201-20101130,annual,"Southampton, Itchen",1.2956508189592644
426,427,E14000956,UKCP18 12km,19801201-20101130,annual,"Southampton, Test",1.3561132015085298
427,428,E14000957,UKCP18 12km,19801201-20101130,annual,Southend West,1.3780949014084918
428,429,E14000958,UKCP18 12km,19801201-20101130,annual,Southport,0.6843750712772211
429,430,E14000959,UKCP18 12km,19801201-20101130,annual,Spelthorne,2.1232523783857578
430,431,E14000960,UKCP18 12km,19801201-20101130,annual,St Albans,1.5798834526410044
431,432,E14000961,UKCP18 12km,19801201-20101130,annual,St Austell and Newquay,0.5168421173286002
432,433,E14000962,UKCP18 12km,19801201-20101130,annual,St Helens North,0.5803435038986574
433,434,E14000963,UKCP18 12km,19801201-20101130,annual,St Helens South and Whiston,0.729088089281555
434,435,E14000964,UKCP18 12km,19801201-20101130,annual,St Ives,0.2971601875379069
435,436,E14000965,UKCP18 12km,19801201-20101130,annual,Stafford,1.1294838584686473
436,437,E14000966,UKCP18 12km,19801201-20101130,annual,Staffordshire Moorlands,0.576228420234712
437,438,E14000967,UKCP18 12km,19801201-20101130,annual,Stalybridge and Hyde,0.36485736809627384
438,439,E14000968,UKCP18 12km,19801201-20101130,annual,Stevenage,1.9111742846629467
439,440,E14000969,UKCP18 12km,19801201-20101130,annual,Stockport,0.5713899345826966
440,441,E14000970,UKCP18 12km,19801201-20101130,annual,Stockton North,0.5271325203094581
441,442,E14000971,UKCP18 12km,19801201-20101130,annual,Stockton South,0.7222473973839585
442,443,E14000972,UKCP18 12km,19801201-20101130,annual,Stoke-on-Trent Central,0.8218406721917811
443,444,E14000973,UKCP18 12km,19801201-20101130,annual,Stoke-on-Trent North,0.6296383313984338
444,445,E14000974,UKCP18 12km,19801201-20101130,annual,Stoke-on-Trent South,0.8218406721917811
445,446,E14000975,UKCP18 12km,19801201-20101130,annual,Stone,1.065247464871065
446,447,E14000976,UKCP18 12km,19801201-20101130,annual,Stourbridge,1.3648131577976443
447,448,E14000977,UKCP18 12km,19801201-20101130,annual,Stratford-on-Avon,1.7447900111924444
448,449,E14000978,UKCP18 12km,19801201-20101130,annual,Streatham,2.0364429433496096
449,450,E14000979,UKCP18 12km,19801201-20101130,annual,Stretford and Urmston,0.7751206496020284
450,451,E14000980,UKCP18 12km,19801201-20101130,annual,Stroud,1.6410401770653418
451,452,E14000981,UKCP18 12km,19801201-20101130,annual,Suffolk Coastal,1.066297243102285
452,453,E14000982,UKCP18 12km,19801201-20101130,annual,Sunderland Central,0.32355412435544073
453,454,E14000983,UKCP18 12km,19801201-20101130,annual,Surrey Heath,2.3231930160658254
454,455,E14000984,UKCP18 12km,19801201-20101130,annual,Sutton and Cheam,1.8783683555182928
455,456,E14000985,UKCP18 12km,19801201-20101130,annual,Sutton Coldfield,1.384861083290698
456,457,E14000986,UKCP18 12km,19801201-20101130,annual,Tamworth,1.429161562184586
457,458,E14000987,UKCP18 12km,19801201-20101130,annual,Tatton,0.8999713586374408
458,459,E14000988,UKCP18 12km,19801201-20101130,annual,Taunton Deane,1.1349819161528765
459,460,E14000989,UKCP18 12km,19801201-20101130,annual,Telford,1.2796404303354352
460,461,E14000990,UKCP18 12km,19801201-20101130,annual,Tewkesbury,1.6475704870200374
461,462,E14000991,UKCP18 12km,19801201-20101130,annual,The Cotswolds,1.4812018587338487
462,463,E14000992,UKCP18 12km,19801201-20101130,annual,The Wrekin,1.3522360683915473
463,464,E14000993,UKCP18 12km,19801201-20101130,annual,Thirsk and Malton,0.7037418953473937
464,465,E14000994,UKCP18 12km,19801201-20101130,annual,Thornbury and Yate,1.5423080559452098
465,466,E14000995,UKCP18 12km,19801201-20101130,annual,Thurrock,1.9422654718164534
466,467,E14000996,UKCP18 12km,19801201-20101130,annual,Tiverton and Honiton,0.8499570351307036
467,468,E14000997,UKCP18 12km,19801201-20101130,annual,Tonbridge and Malling,1.856187691122478
468,469,E14000998,UKCP18 12km,19801201-20101130,annual,Tooting,2.1802446380612537
469,470,E14000999,UKCP18 12km,19801201-20101130,annual,Torbay,0.3725967290098156
470,471,E14001000,UKCP18 12km,19801201-20101130,annual,Torridge and West Devon,0.901658926494903
471,472,E14001001,UKCP18 12km,19801201-20101130,annual,Totnes,0.3414342575629881
472,473,E14001002,UKCP18 12km,19801201-20101130,annual,Tottenham,2.2211034994153285
473,474,E14001003,UKCP18 12km,19801201-20101130,annual,Truro and Falmouth,0.301483776672214
474,475,E14001004,UKCP18 12km,19801201-20101130,annual,Tunbridge Wells,1.983478458321776
475,476,E14001005,UKCP18 12km,19801201-20101130,annual,Twickenham,2.1232523783857578
476,477,E14001006,UKCP18 12km,19801201-20101130,annual,Tynemouth,0.3111094161925547
477,478,E14001007,UKCP18 12km,19801201-20101130,annual,Uxbridge and South Ruislip,2.091570919077761
478,479,E14001008,UKCP18 12km,19801201-20101130,annual,Vauxhall,2.0364429433496096
479,480,E14001009,UKCP18 12km,19801201-20101130,annual,Wakefield,0.7455313491233584
480,481,E14001010,UKCP18 12km,19801201-20101130,annual,Wallasey,0.7242269886313674
481,482,E14001011,UKCP18 12km,19801201-20101130,annual,Walsall North,1.1888104807906792
482,483,E14001012,UKCP18 12km,19801201-20101130,annual,Walsall South,1.162912296254173
483,484,E14001013,UKCP18 12km,19801201-20101130,annual,Walthamstow,2.2211034994153285
484,485,E14001014,UKCP18 12km,19801201-20101130,annual,Wansbeck,0.28728098724817547
485,486,E14001015,UKCP18 12km,19801201-20101130,annual,Wantage,1.8860432238829579
486,487,E14001016,UKCP18 12km,19801201-20101130,annual,Warley,1.2808024263801852
487,488,E14001017,UKCP18 12km,19801201-20101130,annual,Warrington North,0.8701559355889662
488,489,E14001018,UKCP18 12km,19801201-20101130,annual,Warrington South,0.8701559355889662
489,490,E14001019,UKCP18 12km,19801201-20101130,annual,Warwick and Leamington,1.8758437546336204
490,491,E14001020,UKCP18 12km,19801201-20101130,annual,Washington and Sunderland West,0.32355412435544073
491,492,E14001021,UKCP18 12km,19801201-20101130,annual,Watford,1.7390370401416153
492,493,E14001022,UKCP18 12km,19801201-20101130,annual,Waveney,1.1914973561423607
493,494,E14001023,UKCP18 12km,19801201-20101130,annual,Wealden,1.8723332370993548
494,495,E14001024,UKCP18 12km,19801201-20101130,annual,Weaver Vale,1.0009152846410527
495,496,E14001025,UKCP18 12km,19801201-20101130,annual,Wellingborough,1.7713172066707372
496,497,E14001026,UKCP18 12km,19801201-20101130,annual,Wells,1.5360899248406115
497,498,E14001027,UKCP18 12km,19801201-20101130,annual,Welwyn Hatfield,1.8056389585916301
498,499,E14001028,UKCP18 12km,19801201-20101130,annual,Wentworth and Dearne,1.4184494884404435
499,500,E14001029,UKCP18 12km,19801201-20101130,annual,West Bromwich East,1.162912296254173
500,501,E14001030,UKCP18 12km,19801201-20101130,annual,West Bromwich West,1.162912296254173
501,502,E14001031,UKCP18 12km,19801201-20101130,annual,West Dorset,1.0908235178364076
502,503,E14001032,UKCP18 12km,19801201-20101130,annual,West Ham,2.2211034994153285
503,504,E14001033,UKCP18 12km,19801201-20101130,annual,West Lancashire,0.5907312982498288
504,505,E14001034,UKCP18 12km,19801201-20101130,annual,West Suffolk,2.150662679693599
505,506,E14001035,UKCP18 12km,19801201-20101130,annual,West Worcestershire,1.6403669292015606
506,507,E14001036,UKCP18 12km,19801201-20101130,annual,Westminster North,2.409546616666522
507,508,E14001037,UKCP18 12km,19801201-20101130,annual,Westmorland and Lonsdale,0.1637608588243833
508,509,E14001038,UKCP18 12km,19801201-20101130,annual,Weston-Super-Mare,1.5255714957075466
509,510,E14001039,UKCP18 12km,19801201-20101130,annual,Wigan,0.5803435038986574
510,511,E14001040,UKCP18 12km,19801201-20101130,annual,Wimbledon,2.1802446380612537
511,512,E14001041,UKCP18 12km,19801201-20101130,annual,Winchester,1.6852019892859467
512,513,E14001042,UKCP18 12km,19801201-20101130,annual,Windsor,2.2240381536136082
513,514,E14001043,UKCP18 12km,19801201-20101130,annual,Wirral South,0.7693426527911265
514,515,E14001044,UKCP18 12km,19801201-20101130,annual,Wirral West,0.7242269886313674
515,516,E14001045,UKCP18 12km,19801201-20101130,annual,Witham,1.9384998716255093
516,517,E14001046,UKCP18 12km,19801201-20101130,annual,Witney,1.7809581091551487
517,518,E14001047,UKCP18 12km,19801201-20101130,annual,Woking,2.3231930160658254
518,519,E14001048,UKCP18 12km,19801201-20101130,annual,Wokingham,2.1552294469374402
519,520,E14001049,UKCP18 12km,19801201-20101130,annual,Wolverhampton North East,1.1351641276724311
520,521,E14001050,UKCP18 12km,19801201-20101130,annual,Wolverhampton South East,1.1682405084321295
521,522,E14001051,UKCP18 12km,19801201-20101130,annual,Wolverhampton South West,1.1682405084321295
522,523,E14001052,UKCP18 12km,19801201-20101130,annual,Worcester,1.8143230527406011
523,524,E14001053,UKCP18 12km,19801201-20101130,annual,Workington,0.2609151452786222
524,525,E14001054,UKCP18 12km,19801201-20101130,annual,Worsley and Eccles South,0.5874480396233491
525,526,E14001055,UKCP18 12km,19801201-20101130,annual,Worthing West,1.3962896689948143
526,527,E14001056,UKCP18 12km,19801201-20101130,annual,Wycombe,1.7677002332337333
527,528,E14001057,UKCP18 12km,19801201-20101130,annual,Wyre and Preston North,0.3900648837065812
528,529,E14001058,UKCP18 12km,19801201-20101130,annual,Wyre Forest,1.488269617732949
529,530,E14001059,UKCP18 12km,19801201-20101130,annual,Wythenshawe and Sale East,0.7751206496020284
530,531,E14001060,UKCP18 12km,19801201-20101130,annual,Yeovil,1.5040504689799516
531,532,E14001061,UKCP18 12km,19801201-20101130,annual,York Central,1.2901030087328251
532,533,E14001062,UKCP18 12km,19801201-20101130,annual,York Outer,1.2460128846654532
533,534,N06000001,UKCP18 12km,19801201-20101130,annual,Belfast East,0.05423221207215897
534,535,N06000002,UKCP18 12km,19801201-20101130,annual,Belfast North,0.05423221207215897
535,536,N06000003,UKCP18 12km,19801201-20101130,annual,Belfast South,0.06461621042277062
536,537,N06000004,UKCP18 12km,19801201-20101130,annual,Belfast West,0.059077026903200804
537,538,N06000005,UKCP18 12km,19801201-20101130,annual,East Antrim,0.03795329230915782
538,539,N06000006,UKCP18 12km,19801201-20101130,annual,East Londonderry,0.08034066898208299
539,540,N06000007,UKCP18 12km,19801201-20101130,annual,Fermanagh and South Tyrone,0.09856488459818527
540,541,N06000008,UKCP18 12km,19801201-20101130,annual,Foyle,0.09710770158498354
541,542,N06000009,UKCP18 12km,19801201-20101130,annual,Lagan Valley,0.09711469393346181
542,543,N06000010,UKCP18 12km,19801201-20101130,annual,Mid Ulster,0.06190762994824531
543,544,N06000011,UKCP18 12km,19801201-20101130,annual,Newry and Armagh,0.1098741555613804
544,545,N06000012,UKCP18 12km,19801201-20101130,annual,North Antrim,0.05735141848550554
545,546,N06000013,UKCP18 12km,19801201-20101130,annual,North Down,0.0143553644265877
546,547,N06000014,UKCP18 12km,19801201-20101130,annual,South Antrim,0.0538659130699017
547,548,N06000015,UKCP18 12km,19801201-20101130,annual,South Down,0.050587391192427104
548,549,N06000016,UKCP18 12km,19801201-20101130,annual,Strangford,0.038716682029683834
549,550,N06000017,UKCP18 12km,19801201-20101130,annual,Upper Bann,0.13713448854744356
550,551,N06000018,UKCP18 12km,19801201-20101130,annual,West Tyrone,0.09178597888773855
551,552,S14000001,UKCP18 12km,19801201-20101130,annual,Aberdeen North,0.0441713145602338
552,553,S14000002,UKCP18 12km,19801201-20101130,annual,Aberdeen South,0.039688880579148815
553,554,S14000003,UKCP18 12km,19801201-20101130,annual,Airdrie and Shotts,0.1015055916640292
554,555,S14000004,UKCP18 12km,19801201-20101130,annual,Angus,0.04362281946776857
555,556,S14000005,UKCP18 12km,19801201-20101130,annual,Argyll and Bute,0.016046397544137753
556,557,S14000006,UKCP18 12km,19801201-20101130,annual,"Ayr, Carrick and Cumnock",0.050810180240451024
557,558,S14000007,UKCP18 12km,19801201-20101130,annual,Banff and Buchan,0.05537486562564896
558,559,S14000008,UKCP18 12km,19801201-20101130,annual,"Berwickshire, Roxburgh and Selkirk",0.15415809081256085
559,560,S14000009,UKCP18 12km,19801201-20101130,annual,"Caithness, Sutherland and Easter Ross",0.01729219180331112
560,561,S14000010,UKCP18 12km,19801201-20101130,annual,Central Ayrshire,0.1110427136059342
561,562,S14000011,UKCP18 12km,19801201-20101130,annual,"Coatbridge, Chryston and Bellshill",0.0821039311922729
562,563,S14000012,UKCP18 12km,19801201-20101130,annual,"Cumbernauld, Kilsyth and Kirkintilloch East",0.0710864127037977
563,564,S14000013,UKCP18 12km,19801201-20101130,annual,Dumfries and Galloway,0.08935600021664271
564,565,S14000014,UKCP18 12km,19801201-20101130,annual,"Dumfriesshire, Clydesdale and Tweeddale",0.09391907001938796
565,566,S14000015,UKCP18 12km,19801201-20101130,annual,Dundee East,0.050689542118438284
566,567,S14000016,UKCP18 12km,19801201-20101130,annual,Dundee West,0.05734864400998425
567,568,S14000017,UKCP18 12km,19801201-20101130,annual,Dunfermline and West Fife,0.057551277853914146
568,569,S14000018,UKCP18 12km,19801201-20101130,annual,East Dunbartonshire,0.0653864143625124
569,570,S14000019,UKCP18 12km,19801201-20101130,annual,"East Kilbride, Strathaven and Lesmahagow",0.07769194463864053
570,571,S14000020,UKCP18 12km,19801201-20101130,annual,East Lothian,0.174608907277628
571,572,S14000021,UKCP18 12km,19801201-20101130,annual,East Renfrewshire,0.06885435184739504
572,573,S14000022,UKCP18 12km,19801201-20101130,annual,Edinburgh East,0.15020873711218832
573,574,S14000023,UKCP18 12km,19801201-20101130,annual,Edinburgh North and Leith,0.1286802876311804
574,575,S14000024,UKCP18 12km,19801201-20101130,annual,Edinburgh South,0.15020873711218832
575,576,S14000025,UKCP18 12km,19801201-20101130,annual,Edinburgh South West,0.12671022937376483
576,577,S14000026,UKCP18 12km,19801201-20101130,annual,Edinburgh West,0.1286802876311804
577,578,S14000027,UKCP18 12km,19801201-20101130,annual,Na h-Eileanan an Iar,0.0026133063840669464
578,579,S14000028,UKCP18 12km,19801201-20101130,annual,Falkirk,0.09024194044096626
579,580,S14000029,UKCP18 12km,19801201-20101130,annual,Glasgow Central,0.07359442181184146
580,581,S14000030,UKCP18 12km,19801201-20101130,annual,Glasgow East,0.0821039311922729
581,582,S14000031,UKCP18 12km,19801201-20101130,annual,Glasgow North,0.07359442181184146
582,583,S14000032,UKCP18 12km,19801201-20101130,annual,Glasgow North East,0.07359442181184146
583,584,S14000033,UKCP18 12km,19801201-20101130,annual,Glasgow North West,0.07359442181184146
584,585,S14000034,UKCP18 12km,19801201-20101130,annual,Glasgow South,0.07359442181184146
585,586,S14000035,UKCP18 12km,19801201-20101130,annual,Glasgow South West,0.07359442181184146
586,587,S14000036,UKCP18 12km,19801201-20101130,annual,Glenrothes,0.12129827880030707
587,588,S14000037,UKCP18 12km,19801201-20101130,annual,Gordon,0.05290090515748146
588,589,S14000038,UKCP18 12km,19801201-20101130,annual,Inverclyde,0.05691318134627236
589,590,S14000039,UKCP18 12km,19801201-20101130,annual,"Inverness, Nairn, Badenoch and Strathspey",0.035168227668223584
590,591,S14000040,UKCP18 12km,19801201-20101130,annual,Kilmarnock and Loudoun,0.06970589424500268
591,592,S14000041,UKCP18 12km,19801201-20101130,annual,Kirkcaldy and Cowdenbeath,0.08997491107721828
592,593,S14000042,UKCP18 12km,19801201-20101130,annual,Lanark and Hamilton East,0.07679719109326887
593,594,S14000043,UKCP18 12km,19801201-20101130,annual,Linlithgow and East Falkirk,0.08863051992407509
594,595,S14000044,UKCP18 12km,19801201-20101130,annual,Livingston,0.0875444521942856
595,596,S14000045,UKCP18 12km,19801201-20101130,annual,Midlothian,0.12864091308398126
596,597,S14000046,UKCP18 12km,19801201-20101130,annual,Moray,0.09208686304929017
597,598,S14000047,UKCP18 12km,19801201-20101130,annual,Motherwell and Wishaw,0.10838371509557491
598,599,S14000048,UKCP18 12km,19801201-20101130,annual,North Ayrshire and Arran,0.043571212933791695
599,600,S14000049,UKCP18 12km,19801201-20101130,annual,North East Fife,0.10796978807989134
600,601,S14000050,UKCP18 12km,19801201-20101130,annual,Ochil and South Perthshire,0.07422920810361694
601,602,S14000051,UKCP18 12km,19801201-20101130,annual,Orkney and Shetland,0.0006574575948824435
602,603,S14000052,UKCP18 12km,19801201-20101130,annual,Paisley and Renfrewshire North,0.06562521616267014
603,604,S14000053,UKCP18 12km,19801201-20101130,annual,Paisley and Renfrewshire South,0.05691318134627236
604,605,S14000054,UKCP18 12km,19801201-20101130,annual,Perth and North Perthshire,0.04630186390533842
605,606,S14000055,UKCP18 12km,19801201-20101130,annual,"Ross, Skye and Lochaber",0.010719386447480555
606,607,S14000056,UKCP18 12km,19801201-20101130,annual,Rutherglen and Hamilton West,0.09010821195907921
607,608,S14000057,UKCP18 12km,19801201-20101130,annual,Stirling,0.04100336148848006
608,609,S14000058,UKCP18 12km,19801201-20101130,annual,West Aberdeenshire and Kincardine,0.03900845570072909
609,610,S14000059,UKCP18 12km,19801201-20101130,annual,West Dunbartonshire,0.07118192213867582
610,611,W07000041,UKCP18 12km,19801201-20101130,annual,Ynys Mon,0.3033077421633474
611,612,W07000042,UKCP18 12km,19801201-20101130,annual,Delyn,0.5777937087649726
612,613,W07000043,UKCP18 12km,19801201-20101130,annual,Alyn and Deeside,0.7109994629868264
613,614,W07000044,UKCP18 12km,19801201-20101130,annual,Wrexham,0.9470182600503242
614,615,W07000045,UKCP18 12km,19801201-20101130,annual,Llanelli,0.8171196558722693
615,616,W07000046,UKCP18 12km,19801201-20101130,annual,Gower,0.6602193856896023
616,617,W07000047,UKCP18 12km,19801201-20101130,annual,Swansea West,0.6602193856896023
617,618,W07000048,UKCP18 12km,19801201-20101130,annual,Swansea East,0.627765362142139
618,619,W07000049,UKCP18 12km,19801201-20101130,annual,Aberavon,0.8412306883513662
619,620,W07000050,UKCP18 12km,19801201-20101130,annual,Cardiff Central,1.083823772802672
620,621,W07000051,UKCP18 12km,19801201-20101130,annual,Cardiff North,1.0012086487351588
621,622,W07000052,UKCP18 12km,19801201-20101130,annual,Rhondda,0.47405120031976833
622,623,W07000053,UKCP18 12km,19801201-20101130,annual,Torfaen,1.0081579544975088
623,624,W07000054,UKCP18 12km,19801201-20101130,annual,Monmouth,1.218690896977319
624,625,W07000055,UKCP18 12km,19801201-20101130,annual,Newport East,1.152608785458466
625,626,W07000056,UKCP18 12km,19801201-20101130,annual,Newport West,1.152608785458466
626,627,W07000057,UKCP18 12km,19801201-20101130,annual,Arfon,0.3342093185609665
627,628,W07000058,UKCP18 12km,19801201-20101130,annual,Aberconwy,0.22868987858046627
628,629,W07000059,UKCP18 12km,19801201-20101130,annual,Clwyd West,0.34593104661139673
629,630,W07000060,UKCP18 12km,19801201-20101130,annual,Vale of Clwyd,0.5437088577490649
630,631,W07000061,UKCP18 12km,19801201-20101130,annual,Dwyfor Meirionnydd,0.3132977507580109
631,632,W07000062,UKCP18 12km,19801201-20101130,annual,Clwyd South,0.5845917684871893
632,633,W07000063,UKCP18 12km,19801201-20101130,annual,Montgomeryshire,0.4888143175127908
633,634,W07000064,UKCP18 12km,19801201-20101130,annual,Ceredigion,0.49853352606766294
634,635,W07000065,UKCP18 12km,19801201-20101130,annual,Preseli Pembrokeshire,0.4544216662948962
635,636,W07000066,UKCP18 12km,19801201-20101130,annual,Carmarthen West and South Pembrokeshire,0.5557115808331597
636,637,W07000067,UKCP18 12km,19801201-20101130,annual,Carmarthen East and Dinefwr,0.6270046277368043
637,638,W07000068,UKCP18 12km,19801201-20101130,annual,Brecon and Radnorshire,0.4931536571055621
638,639,W07000069,UKCP18 12km,19801201-20101130,annual,Neath,0.5960535166960089
639,640,W07000070,UKCP18 12km,19801201-20101130,annual,Cynon Valley,0.4857415489391055
640,641,W07000071,UKCP18 12km,19801201-20101130,annual,Merthyr Tydfil and Rhymney,0.36105250031528824
641,642,W07000072,UKCP18 12km,19801201-20101130,annual,Blaenau Gwent,0.5535741375335673
642,643,W07000073,UKCP18 12km,19801201-20101130,annual,Bridgend,0.8412306883513662
643,644,W07000074,UKCP18 12km,19801201-20101130,annual,Ogmore,0.8349664904665097
644,645,W07000075,UKCP18 12km,19801201-20101130,annual,Pontypridd,0.9164272607570193
645,646,W07000076,UKCP18 12km,19801201-20101130,annual,Caerphilly,1.0012086487351588
646,647,W07000077,UKCP18 12km,19801201-20101130,annual,Islwyn,0.7214720337942095
647,648,W07000078,UKCP18 12km,19801201-20101130,annual,Vale of Glamorgan,1.086911090886109
648,649,W07000079,UKCP18 12km,19801201-20101130,annual,Cardiff West,1.083823772802672
649,650,W07000080,UKCP18 12km,19801201-20101130,annual,Cardiff South and Penarth,1.083823772802672
