,region,constituency,name,prjja_reanal
0,0,E14001063,Aldershot,11.394611
1,1,E14001064,Aldridge-Brownhills,12.126625
2,2,E14001065,Altrincham and Sale West,12.6459255
3,3,E14001066,Amber Valley,13.676989
4,4,E14001067,Arundel and South Downs,18.850403
5,5,E14001068,Ashfield,14.575859
6,6,E14001069,Ashford,9.035344
7,7,E14001070,Ashton-under-Lyne,12.311323
8,8,E14001071,Aylesbury,12.246845
9,9,E14001072,Banbury,12.673279
10,10,E14001073,Barking,12.214686
11,11,E14001074,Barnsley North,17.511936
12,12,E14001075,Barnsley South,17.231516
13,13,E14001076,Barrow and Furness,16.887127
14,14,E14001077,Basildon and Billericay,11.382427
15,15,E14001078,Basingstoke,10.453216
16,16,E14001079,Bassetlaw,16.721096
17,17,E14001080,Bath,14.120363
18,18,E14001081,Battersea,12.395797
19,19,E14001082,Beaconsfield,11.148305
20,20,E14001083,Beckenham and Penge,13.028468
21,21,E14001084,Bedford,15.125012
22,22,E14001085,Bermondsey and Old Southwark,12.460452
23,23,E14001086,Bethnal Green and Stepney,12.460452
24,24,E14001087,Beverley and Holderness,18.531998
25,25,E14001088,Bexhill and Battle,10.939768
26,26,E14001089,Bexleyheath and Crayford,11.963406
27,27,E14001090,Bicester and Woodstock,13.391358
28,28,E14001091,Birkenhead,12.491889
29,29,E14001092,Birmingham Edgbaston,11.333447
30,30,E14001093,Birmingham Erdington,11.638524
31,31,E14001094,Birmingham Hall Green and Moseley,11.174354
32,32,E14001095,Birmingham Hodge Hill and Solihull North,11.83705
33,33,E14001096,Birmingham Ladywood,11.638524
34,34,E14001097,Birmingham Northfield,11.062017
35,35,E14001098,Birmingham Perry Barr,11.638524
36,36,E14001099,Birmingham Selly Oak,11.174354
37,37,E14001100,Birmingham Yardley,11.83705
38,38,E14001101,Bishop Auckland,10.857854
39,39,E14001102,Blackburn,15.54159
40,40,E14001103,Blackley and Middleton South,12.154735
41,41,E14001104,Blackpool North and Fleetwood,15.716248
42,42,E14001105,Blackpool South,15.370481
43,43,E14001106,Blaydon and Consett,11.991586
44,44,E14001107,Blyth and Ashington,14.974424
45,45,E14001108,Bognor Regis and Littlehampton,19.816912
46,46,E14001109,Bolsover,16.17832
47,47,E14001110,Bolton North East,14.352245
48,48,E14001111,Bolton South and Walkden,13.49642
49,49,E14001112,Bolton West,15.382019
50,50,E14001113,Bootle,14.766024
51,51,E14001114,Boston and Skegness,17.28966
52,52,E14001115,Bournemouth East,18.601805
53,53,E14001116,Bournemouth West,18.601805
54,54,E14001117,Bracknell,10.889188
55,55,E14001118,Bradford East,15.668066
56,56,E14001119,Bradford South,15.43725
57,57,E14001120,Bradford West,15.43725
58,58,E14001121,Braintree,10.000468
59,59,E14001122,Brent East,11.417426
60,60,E14001123,Brent West,11.417426
61,61,E14001124,Brentford and Isleworth,12.056041
62,62,E14001125,Brentwood and Ongar,10.842117
63,63,E14001126,Bridgwater,14.997284
64,64,E14001127,Bridlington and The Wolds,17.217577
65,65,E14001128,Brigg and Immingham,18.976297
66,66,E14001129,Brighton Kemptown and Peacehaven,18.162512
67,67,E14001130,Brighton Pavilion,18.162512
68,68,E14001131,Bristol Central,15.032689
69,69,E14001132,Bristol East,15.218362
70,70,E14001133,Bristol North East,13.906076
71,71,E14001134,Bristol North West,16.584549
72,72,E14001135,Bristol South,15.218362
73,73,E14001136,Broadland and Fakenham,16.29776
74,74,E14001137,Bromley and Biggin Hill,13.028468
75,75,E14001138,Bromsgrove,10.955601
76,76,E14001139,Broxbourne,11.94743
77,77,E14001140,Broxtowe,13.079293
78,78,E14001141,Buckingham and Bletchley,13.148579
79,79,E14001142,Burnley,15.956818
80,80,E14001143,Burton and Uttoxeter,13.395254
81,81,E14001144,Bury North,13.714237
82,82,E14001145,Bury South,12.616065
83,83,E14001146,Bury St Edmunds and Stowmarket,10.950128
84,84,E14001147,Calder Valley,14.897112
85,85,E14001148,Camborne and Redruth,16.44336
86,86,E14001149,Cambridge,13.254845
87,87,E14001150,Cannock Chase,12.022991
88,88,E14001151,Canterbury,9.322174
89,89,E14001152,Carlisle,12.880948
90,90,E14001153,Carshalton and Wallington,13.564772
91,91,E14001154,Castle Point,11.752153
92,92,E14001155,Central Devon,16.04035
93,93,E14001156,Central Suffolk and North Ipswich,12.496808
94,94,E14001157,Chatham and Aylesford,10.270621
95,95,E14001158,Cheadle,11.467483
96,96,E14001159,Chelmsford,9.91806
97,97,E14001160,Chelsea and Fulham,12.395797
98,98,E14001161,Cheltenham,9.116407
99,99,E14001162,Chesham and Amersham,11.074116
100,100,E14001163,Chester North and Neston,12.123268
101,101,E14001164,Chester South and Eddisbury,11.722293
102,102,E14001165,Chesterfield,15.855832
103,103,E14001166,Chichester,19.944323
104,104,E14001167,Chingford and Woodford Green,12.082735
105,105,E14001168,Chippenham,12.897611
106,106,E14001169,Chipping Barnet,11.628647
107,107,E14001170,Chorley,15.8227415
108,108,E14001171,Christchurch,18.228765
109,109,E14001172,Cities of London and Westminster,12.460452
110,110,E14001173,City of Durham,12.135311
111,111,E14001174,Clacton,11.593771
112,112,E14001175,Clapham and Brixton Hill,12.460452
113,113,E14001176,Colchester,11.347771
114,114,E14001177,Colne Valley,13.858615
115,115,E14001178,Congleton,10.662578
116,116,E14001179,Corby and East Northamptonshire,16.715296
117,117,E14001180,Coventry East,11.612044
118,118,E14001181,Coventry North West,11.4914255
119,119,E14001182,Coventry South,11.551735
120,120,E14001183,Cramlington and Killingworth,13.6940365
121,121,E14001184,Crawley,16.495646
122,122,E14001185,Crewe and Nantwich,11.047873
123,123,E14001186,Croydon East,13.326231
124,124,E14001187,Croydon South,14.0473795
125,125,E14001188,Croydon West,13.326231
126,126,E14001189,Dagenham and Rainham,11.963406
127,127,E14001190,Darlington,11.743759
128,128,E14001191,Dartford,11.676905
129,129,E14001192,Daventry,14.197319
130,130,E14001193,Derby North,13.366278
131,131,E14001194,Derby South,13.366278
132,132,E14001195,Derbyshire Dales,13.059271
133,133,E14001196,Dewsbury and Batley,14.999723
134,134,E14001197,Didcot and Wantage,11.317647
135,135,E14001198,Doncaster Central,17.475418
136,136,E14001199,Doncaster East and the Isle of Axholme,17.316635
137,137,E14001200,Doncaster North,17.591318
138,138,E14001201,Dorking and Horley,15.63514
139,139,E14001202,Dover and Deal,10.790836
140,140,E14001203,Droitwich and Evesham,10.37035
141,141,E14001204,Dudley,11.093803
142,142,E14001205,Dulwich and West Norwood,13.326231
143,143,E14001206,Dunstable and Leighton Buzzard,12.747028
144,144,E14001207,Ealing Central and Acton,12.360195
145,145,E14001208,Ealing North,12.056041
146,146,E14001209,Ealing Southall,12.056041
147,147,E14001210,Earley and Woodley,10.378843
148,148,E14001211,Easington,13.065027
149,149,E14001212,East Grinstead and Uckfield,15.978648
150,150,E14001213,East Ham,12.486411
151,151,E14001214,East Hampshire,14.070395
152,152,E14001215,East Surrey,14.205164
153,153,E14001216,East Thanet,10.112418
154,154,E14001217,East Wiltshire,13.820735
155,155,E14001218,East Worthing and Shoreham,19.545828
156,156,E14001219,Eastbourne,15.634372
157,157,E14001220,Eastleigh,14.318265
158,158,E14001221,Edmonton and Winchmore Hill,11.840393
159,159,E14001222,Ellesmere Port and Bromborough,12.007041
160,160,E14001223,Eltham and Chislehurst,13.028468
161,161,E14001224,Ely and East Cambridgeshire,12.787226
162,162,E14001225,Enfield North,11.91418
163,163,E14001226,Epping Forest,11.74358
164,164,E14001227,Epsom and Ewell,14.996738
165,165,E14001228,Erewash,12.863968
166,166,E14001229,Erith and Thamesmead,12.214686
167,167,E14001230,Esher and Walton,13.544825
168,168,E14001231,Exeter,14.547345
169,169,E14001232,Exmouth and Exeter East,14.315788
170,170,E14001233,Fareham and Waterlooville,16.405787
171,171,E14001234,Farnham and Bordon,14.928866
172,172,E14001235,Faversham and Mid Kent,8.830832
173,173,E14001236,Feltham and Heston,12.056041
174,174,E14001237,Filton and Bradley Stoke,13.906076
175,175,E14001238,Finchley and Golders Green,11.628647
176,176,E14001239,Folkestone and Hythe,8.89291
177,177,E14001240,Forest of Dean,11.967189
178,178,E14001241,Frome and East Somerset,14.608125
179,179,E14001242,Fylde,15.417412
180,180,E14001243,Gainsborough,17.43793
181,181,E14001244,Gateshead Central and Whickham,12.076724
182,182,E14001245,Gedling,13.793482
183,183,E14001246,Gillingham and Rainham,9.397762
184,184,E14001247,Glastonbury and Somerton,13.165972
185,185,E14001248,Gloucester,9.625848
186,186,E14001249,Godalming and Ash,15.78418
187,187,E14001250,Goole and Pocklington,17.682377
188,188,E14001251,Gorton and Denton,11.545404
189,189,E14001252,Gosport,16.003345
190,190,E14001253,Grantham and Bourne,16.42569
191,191,E14001254,Gravesham,11.175489
192,192,E14001255,Great Grimsby and Cleethorpes,19.342426
193,193,E14001256,Great Yarmouth,18.465626
194,194,E14001257,Greenwich and Woolwich,12.486411
195,195,E14001258,Guildford,14.602402
196,196,E14001259,Hackney North and Stoke Newington,11.840393
197,197,E14001260,Hackney South and Shoreditch,12.460452
198,198,E14001261,Halesowen,11.093803
199,199,E14001262,Halifax,14.574531
200,200,E14001263,Hamble Valley,15.533622
201,201,E14001264,Hammersmith and Chiswick,12.360195
202,202,E14001265,Hampstead and Highgate,11.628647
203,203,E14001266,"Harborough, Oadby and Wigston",14.97994
204,204,E14001267,Harlow,10.155903
205,205,E14001268,Harpenden and Berkhamsted,12.024561
206,206,E14001269,Harrogate and Knaresborough,15.304897
207,207,E14001270,Harrow East,11.417426
208,208,E14001271,Harrow West,11.180411
209,209,E14001272,Hartlepool,12.952005
210,210,E14001273,Harwich and North Essex,10.968491
211,211,E14001274,Hastings and Rye,10.534266
212,212,E14001275,Havant,17.872051
213,213,E14001276,Hayes and Harlington,11.688657
214,214,E14001277,Hazel Grove,11.545404
215,215,E14001278,Hemel Hempstead,11.5038595
216,216,E14001279,Hendon,11.417426
217,217,E14001280,Henley and Thame,11.077935
218,218,E14001281,Hereford and South Herefordshire,16.523638
219,219,E14001282,Herne Bay and Sandwich,9.552173
220,220,E14001283,Hertford and Stortford,11.555316
221,221,E14001284,Hertsmere,11.7632675
222,222,E14001285,Hexham,11.899152
223,223,E14001286,Heywood and Middleton North,13.381094
224,224,E14001287,High Peak,11.952597
225,225,E14001288,Hinckley and Bosworth,12.832731
226,226,E14001289,Hitchin,13.135179
227,227,E14001290,Holborn and St Pancras,12.460452
228,228,E14001291,Honiton and Sidmouth,12.6904335
229,229,E14001292,Hornchurch and Upminster,11.671394
230,230,E14001293,Hornsey and Friern Barnet,11.840393
231,231,E14001294,Horsham,18.01887
232,232,E14001295,Houghton and Sunderland South,12.385509
233,233,E14001296,Hove and Portslade,18.647192
234,234,E14001297,Huddersfield,14.687003
235,235,E14001298,Huntingdon,15.56798
236,236,E14001299,Hyndburn,15.948961
237,237,E14001300,Ilford North,11.929129
238,238,E14001301,Ilford South,11.929129
239,239,E14001302,Ipswich,11.9322405
240,240,E14001303,Isle of Wight East,19.069424
241,241,E14001304,Isle of Wight West,19.849125
242,242,E14001305,Islington North,11.840393
243,243,E14001306,Islington South and Finsbury,12.460452
244,244,E14001307,Jarrow and Gateshead East,13.187562
245,245,E14001308,Keighley and Ilkley,15.563011
246,246,E14001309,Kenilworth and Southam,11.837482
247,247,E14001310,Kensington and Bayswater,12.395797
248,248,E14001311,Kettering,16.199173
249,249,E14001312,Kingston and Surbiton,13.709505
250,250,E14001313,Kingston upon Hull East,18.800077
251,251,E14001314,Kingston upon Hull North and Cottingham,19.03244
252,252,E14001315,Kingston upon Hull West and Haltemprice,18.849087
253,253,E14001316,Kingswinford and South Staffordshire,10.949686
254,254,E14001317,Knowsley,14.6556635
255,255,E14001318,Lancaster and Wyre,16.055103
256,256,E14001319,Leeds Central and Headingley,16.214035
257,257,E14001320,Leeds East,17.593914
258,258,E14001321,Leeds North East,16.873163
259,259,E14001322,Leeds North West,15.676744
260,260,E14001323,Leeds South,16.873163
261,261,E14001324,Leeds South West and Morley,16.214035
262,262,E14001325,Leeds West and Pudsey,15.941051
263,263,E14001326,Leicester East,14.362439
264,264,E14001327,Leicester South,14.362439
265,265,E14001328,Leicester West,13.90197
266,266,E14001329,Leigh and Atherton,14.44539
267,267,E14001330,Lewes,17.307295
268,268,E14001331,Lewisham East,13.028468
269,269,E14001332,Lewisham North,12.486411
270,270,E14001333,Lewisham West and East Dulwich,13.326231
271,271,E14001334,Leyton and Wanstead,12.082735
272,272,E14001335,Lichfield,13.059473
273,273,E14001336,Lincoln,15.96373
274,274,E14001337,Liverpool Garston,13.604967
275,275,E14001338,Liverpool Riverside,13.0204935
276,276,E14001339,Liverpool Walton,14.6556635
277,277,E14001340,Liverpool Wavertree,13.604967
278,278,E14001341,Liverpool West Derby,13.604967
279,279,E14001342,Loughborough,14.053813
280,280,E14001343,Louth and Horncastle,19.203117
281,281,E14001344,Lowestoft,18.039421
282,282,E14001345,Luton North,12.834205
283,283,E14001346,Luton South and South Bedfordshire,12.776282
284,284,E14001347,Macclesfield,10.75439
285,285,E14001348,Maidenhead,10.923083
286,286,E14001349,Maidstone and Malling,10.980505
287,287,E14001350,Makerfield,15.35405
288,288,E14001351,Maldon,11.00489
289,289,E14001352,Manchester Central,12.154735
290,290,E14001353,Manchester Rusholme,12.154735
291,291,E14001354,Manchester Withington,11.913299
292,292,E14001355,Mansfield,15.827171
293,293,E14001356,Melksham and Devizes,14.42865
294,294,E14001357,Melton and Syston,15.108879
295,295,E14001358,Meriden and Solihull East,11.389943
296,296,E14001359,Mid Bedfordshire,14.264218
297,297,E14001360,Mid Buckinghamshire,12.157258
298,298,E14001361,Mid Cheshire,11.938979
299,299,E14001362,Mid Derbyshire,13.699311
300,300,E14001363,Mid Dorset and North Poole,16.28607
301,301,E14001364,Mid Leicestershire,13.627309
302,302,E14001365,Mid Norfolk,12.998996
303,303,E14001366,Mid Sussex,17.697548
304,304,E14001367,Middlesbrough and Thornaby East,12.533468
305,305,E14001368,Middlesbrough South and East Cleveland,12.922421
306,306,E14001369,Milton Keynes Central,13.467685
307,307,E14001370,Milton Keynes North,14.180226
308,308,E14001371,Mitcham and Morden,13.564772
309,309,E14001372,Morecambe and Lunesdale,15.612903
310,310,E14001373,New Forest East,18.824139
311,311,E14001374,New Forest West,18.381533
312,312,E14001375,Newark,15.602902
313,313,E14001376,Newbury,11.234713
314,314,E14001377,Newcastle upon Tyne Central and West,12.681106
315,315,E14001378,Newcastle upon Tyne East and Wallsend,13.020687
316,316,E14001379,Newcastle upon Tyne North,12.853811
317,317,E14001380,Newcastle-under-Lyme,10.142154
318,318,E14001381,Newton Abbot,15.811476
319,319,E14001382,Newton Aycliffe and Spennymoor,12.346579
320,320,E14001383,Normanton and Hemsworth,17.236473
321,321,E14001384,North Bedfordshire,15.255988
322,322,E14001385,North Cornwall,17.036552
323,323,E14001386,North Cotswolds,10.514782
324,324,E14001387,North Devon,20.387432
325,325,E14001388,North Dorset,15.5456085
326,326,E14001389,North Durham,11.5902605
327,327,E14001390,North East Cambridgeshire,15.388413
328,328,E14001391,North East Derbyshire,14.55424
329,329,E14001392,North East Hampshire,11.303706
330,330,E14001393,North East Hertfordshire,12.43687
331,331,E14001394,North East Somerset and Hanham,14.804614
332,332,E14001395,North Herefordshire,14.141987
333,333,E14001396,North Norfolk,16.111538
334,334,E14001397,North Northumberland,13.688555
335,335,E14001398,North Shropshire,11.379448
336,336,E14001399,North Somerset,16.43932
337,337,E14001400,North Warwickshire and Bedworth,12.148768
338,338,E14001401,North West Cambridgeshire,16.554834
339,339,E14001402,North West Essex,10.019319
340,340,E14001403,North West Hampshire,11.415976
341,341,E14001404,North West Leicestershire,13.081705
342,342,E14001405,North West Norfolk,14.004364
343,343,E14001406,Northampton North,14.957862
344,344,E14001407,Northampton South,14.301513
345,345,E14001408,Norwich North,16.700039
346,346,E14001409,Norwich South,17.823383
347,347,E14001410,Nottingham East,13.793482
348,348,E14001411,Nottingham North and Kimberley,13.446835
349,349,E14001412,Nottingham South,13.27849
350,350,E14001413,Nuneaton,12.039733
351,351,E14001414,Old Bexley and Sidcup,12.535246
352,352,E14001415,Oldham East and Saddleworth,13.618228
353,353,E14001416,"Oldham West, Chadderton and Royton",13.381094
354,354,E14001417,Orpington,12.535246
355,355,E14001418,Ossett and Denby Dale,15.179443
356,356,E14001419,Oxford East,11.841098
357,357,E14001420,Oxford West and Abingdon,11.985953
358,358,E14001421,Peckham,12.460452
359,359,E14001422,Pendle and Clitheroe,16.182373
360,360,E14001423,Penistone and Stocksbridge,14.405899
361,361,E14001424,Penrith and Solway,15.156182
362,362,E14001425,Peterborough,16.70359
363,363,E14001426,Plymouth Moor View,18.449503
364,364,E14001427,Plymouth Sutton and Devonport,18.376093
365,365,E14001428,"Pontefract, Castleford and Knottingley",17.63129
366,366,E14001429,Poole,17.55983
367,367,E14001430,Poplar and Limehouse,12.486411
368,368,E14001431,Portsmouth North,16.808228
369,369,E14001432,Portsmouth South,16.808228
370,370,E14001433,Preston,15.828185
371,371,E14001434,Putney,12.395797
372,372,E14001435,Queen's Park and Maida Vale,12.395797
373,373,E14001436,Rawmarsh and Conisbrough,17.450981
374,374,E14001437,Rayleigh and Wickford,11.545928
375,375,E14001438,Reading Central,10.1774
376,376,E14001439,Reading West and Mid Berkshire,10.239381
377,377,E14001440,Redcar,12.289532
378,378,E14001441,Redditch,10.6618185
379,379,E14001442,Reigate,14.503102
380,380,E14001443,Ribble Valley,16.050161
381,381,E14001444,Richmond and Northallerton,12.010803
382,382,E14001445,Richmond Park,13.709505
383,383,E14001446,Rochdale,13.499514
384,384,E14001447,Rochester and Strood,11.150608
385,385,E14001448,Romford,11.671394
386,386,E14001449,Romsey and Southampton North,14.26954
387,387,E14001450,Rossendale and Darwen,15.081928
388,388,E14001451,Rother Valley,17.071962
389,389,E14001452,Rotherham,16.523582
390,390,E14001453,Rugby,11.974832
391,391,E14001454,"Ruislip, Northwood and Pinner",11.07926
392,392,E14001455,Runcorn and Helsby,13.865606
393,393,E14001456,Runnymede and Weybridge,13.145325
394,394,E14001457,Rushcliffe,13.808662
395,395,E14001458,Rutland and Stamford,16.340939
396,396,E14001459,Salford,12.616065
397,397,E14001460,Salisbury,15.753099
398,398,E14001461,Scarborough and Whitby,14.464643
399,399,E14001462,Scunthorpe,18.034136
400,400,E14001463,Sefton Central,14.766024
401,401,E14001464,Selby,17.356897
402,402,E14001465,Sevenoaks,12.420074
403,403,E14001466,Sheffield Brightside and Hillsborough,15.103843
404,404,E14001467,Sheffield Central,15.103843
405,405,E14001468,Sheffield Hallam,13.934737
406,406,E14001469,Sheffield Heeley,15.103843
407,407,E14001470,Sheffield South East,16.523582
408,408,E14001471,Sherwood Forest,15.160711
409,409,E14001472,Shipley,15.42856
410,410,E14001473,Shrewsbury,11.566186
411,411,E14001474,Sittingbourne and Sheppey,9.584642
412,412,E14001475,Skipton and Ripon,15.196321
413,413,E14001476,Sleaford and North Hykeham,16.562508
414,414,E14001477,Slough,11.234237
415,415,E14001478,Smethwick,11.333447
416,416,E14001479,Solihull West and Shirley,11.291883
417,417,E14001480,South Basildon and East Thurrock,11.491978
418,418,E14001481,South Cambridgeshire,12.936715
419,419,E14001482,South Cotswolds,12.101354
420,420,E14001483,South Derbyshire,13.38052
421,421,E14001484,South Devon,18.084923
422,422,E14001485,South Dorset,16.31333
423,423,E14001486,South East Cornwall,16.897366
424,424,E14001487,South Holland and The Deepings,16.769575
425,425,E14001488,South Leicestershire,13.322487
426,426,E14001489,South Norfolk,17.168076
427,427,E14001490,South Northamptonshire,13.828636
428,428,E14001491,South Ribble,15.796263
429,429,E14001492,South Shields,13.337731
430,430,E14001493,South Shropshire,13.075333
431,431,E14001494,South Suffolk,11.333096
432,432,E14001495,South West Devon,17.674301
433,433,E14001496,South West Hertfordshire,11.616874
434,434,E14001497,South West Norfolk,12.540627
435,435,E14001498,South West Wiltshire,15.508861
436,436,E14001499,Southampton Itchen,16.548626
437,437,E14001500,Southampton Test,16.548626
438,438,E14001501,Southend East and Rochford,12.528411
439,439,E14001502,Southend West and Leigh,12.204703
440,440,E14001503,Southgate and Wood Green,11.840393
441,441,E14001504,Southport,15.083689
442,442,E14001505,Spelthorne,13.145325
443,443,E14001506,Spen Valley,14.999723
444,444,E14001507,St Albans,11.720856
445,445,E14001508,St Austell and Newquay,14.948504
446,446,E14001509,St Helens North,15.664766
447,447,E14001510,St Helens South and Whiston,14.83286
448,448,E14001511,St Ives,17.11643
449,449,E14001512,St Neots and Mid Cambridgeshire,14.312191
450,450,E14001513,Stafford,10.609591
451,451,E14001514,Staffordshire Moorlands,11.988472
452,452,E14001515,Stalybridge and Hyde,12.470196
453,453,E14001516,Stevenage,12.494831
454,454,E14001517,Stockport,11.467483
455,455,E14001518,Stockton North,12.473818
456,456,E14001519,Stockton West,11.949255
457,457,E14001520,Stoke-on-Trent Central,10.333957
458,458,E14001521,Stoke-on-Trent North,10.436117
459,459,E14001522,Stoke-on-Trent South,10.888974
460,460,E14001523,"Stone, Great Wyrley and Penkridge",11.317915
461,461,E14001524,Stourbridge,11.093803
462,462,E14001525,Stratford and Bow,12.486411
463,463,E14001526,Stratford-on-Avon,11.121148
464,464,E14001527,Streatham and Croydon North,13.326231
465,465,E14001528,Stretford and Urmston,12.6459255
466,466,E14001529,Stroud,11.625489
467,467,E14001530,Suffolk Coastal,14.300133
468,468,E14001531,Sunderland Central,12.615526
469,469,E14001532,Surrey Heath,12.420966
470,470,E14001533,Sussex Weald,13.237814
471,471,E14001534,Sutton and Cheam,13.564772
472,472,E14001535,Sutton Coldfield,12.415991
473,473,E14001536,Swindon North,12.133171
474,474,E14001537,Swindon South,12.068042
475,475,E14001538,Tamworth,12.7152605
476,476,E14001539,Tatton,12.100016
477,477,E14001540,Taunton and Wellington,12.974529
478,478,E14001541,Telford,10.011945
479,479,E14001542,Tewkesbury,9.925652
480,480,E14001543,The Wrekin,10.079208
481,481,E14001544,Thirsk and Malton,15.078209
482,482,E14001545,Thornbury and Yate,13.788391
483,483,E14001546,Thurrock,11.699045
484,484,E14001547,Tipton and Wednesbury,11.093803
485,485,E14001548,Tiverton and Minehead,17.715782
486,486,E14001549,Tonbridge,12.524039
487,487,E14001550,Tooting,13.564772
488,488,E14001551,Torbay,16.494823
489,489,E14001552,Torridge and Tavistock,17.083336
490,490,E14001553,Tottenham,11.840393
491,491,E14001554,Truro and Falmouth,15.398281
492,492,E14001555,Tunbridge Wells,11.2340355
493,493,E14001556,Twickenham,13.544825
494,494,E14001557,Tynemouth,13.187562
495,495,E14001558,Uxbridge and South Ruislip,11.180411
496,496,E14001559,Vauxhall and Camberwell Green,12.460452
497,497,E14001560,Wakefield and Rothwell,16.54237
498,498,E14001561,Wallasey,12.491889
499,499,E14001562,Walsall and Bloxwich,11.643148
500,500,E14001563,Walthamstow,12.082735
501,501,E14001564,Warrington North,13.935074
502,502,E14001565,Warrington South,14.339231
503,503,E14001566,Warwick and Leamington,11.381892
504,504,E14001567,Washington and Gateshead South,12.385509
505,505,E14001568,Watford,11.616874
506,506,E14001569,Waveney Valley,14.861691
507,507,E14001570,Weald of Kent,9.092404
508,508,E14001571,Wellingborough and Rushden,15.877098
509,509,E14001572,Wells and Mendip Hills,16.222801
510,510,E14001573,Welwyn Hatfield,12.020609
511,511,E14001574,West Bromwich,11.333447
512,512,E14001575,West Dorset,13.922253
513,513,E14001576,West Ham and Beckton,12.214686
514,514,E14001577,West Lancashire,15.231067
515,515,E14001578,West Suffolk,11.480773
516,516,E14001579,West Worcestershire,10.853364
517,517,E14001580,Westmorland and Lonsdale,14.042587
518,518,E14001581,Weston-super-Mare,18.117588
519,519,E14001582,Wetherby and Easingwold,15.394272
520,520,E14001583,Whitehaven and Workington,16.885519
521,521,E14001584,Widnes and Halewood,14.512534
522,522,E14001585,Wigan,15.961364
523,523,E14001586,Wimbledon,13.564772
524,524,E14001587,Winchester,13.515651
525,525,E14001588,Windsor,12.290308
526,526,E14001589,Wirral West,11.825688
527,527,E14001590,Witham,10.21628
528,528,E14001591,Witney,12.332872
529,529,E14001592,Woking,13.483082
530,530,E14001593,Wokingham,10.447249
531,531,E14001594,Wolverhampton North East,11.255582
532,532,E14001595,Wolverhampton South East,11.255582
533,533,E14001596,Wolverhampton West,10.911493
534,534,E14001597,Worcester,10.390525
535,535,E14001598,Worsley and Eccles,13.49642
536,536,E14001599,Worthing West,19.545828
537,537,E14001600,Wycombe,10.404362
538,538,E14001601,Wyre Forest,11.1078205
539,539,E14001602,Wythenshawe and Sale East,11.913299
540,540,E14001603,Yeovil,12.120291
541,541,E14001604,York Central,16.681313
542,542,E14001605,York Outer,16.939325
543,543,N05000001,Belfast East,19.812687
544,544,N05000002,Belfast North,20.794054
545,545,N05000003,Belfast South and Mid Down,21.419231
546,546,N05000004,Belfast West,20.794054
547,547,N05000005,East Antrim,18.33135
548,548,N05000006,East Londonderry,16.514668
549,549,N05000007,Fermanagh and South Tyrone,20.72656
550,550,N05000008,Foyle,17.222061
551,551,N05000009,Lagan Valley,22.545168
552,552,N05000010,Mid Ulster,19.665628
553,553,N05000011,Newry and Armagh,23.69229
554,554,N05000012,North Antrim,16.215714
555,555,N05000013,North Down,18.68933
556,556,N05000014,South Antrim,20.639534
557,557,N05000015,South Down,21.824469
558,558,N05000016,Strangford,20.0266
559,559,N05000017,Upper Bann,22.443813
560,560,N05000018,West Tyrone,18.607338
561,561,S14000021,East Renfrewshire,15.4750595
562,562,S14000027,Na h-Eileanan an Iar,6.167412
563,563,S14000045,Midlothian,14.13815
564,564,S14000048,North Ayrshire and Arran,13.248576
565,565,S14000051,Orkney and Shetland,8.424774
566,566,S14000060,Aberdeen North,8.006245
567,567,S14000061,Aberdeen South,7.506369
568,568,S14000062,Aberdeenshire North and Moray East,10.077584
569,569,S14000063,Airdrie and Shotts,14.308099
570,570,S14000064,Alloa and Grangemouth,17.307749
571,571,S14000065,Angus and Perthshire Glens,15.225358
572,572,S14000066,Arbroath and Broughty Ferry,11.712074
573,573,S14000067,"Argyll, Bute and South Lochaber",10.435919
574,574,S14000068,Bathgate and Linlithgow,14.955511
575,575,S14000069,"Caithness, Sutherland and Easter Ross",5.2634444
576,576,S14000070,Coatbridge and Bellshill,16.096144
577,577,S14000071,Cowdenbeath and Kirkcaldy,14.885636
578,578,S14000072,Cumbernauld and Kirkintilloch,16.470818
579,579,S14000073,Dumfries and Galloway,16.088133
580,580,S14000074,"Dumfriesshire, Clydesdale and Tweeddale",15.212483
581,581,S14000075,Dundee Central,13.760434
582,582,S14000076,Dunfermline and Dollar,16.499805
583,583,S14000077,East Kilbride and Strathaven,13.264775
584,584,S14000078,Edinburgh East and Musselburgh,13.8298855
585,585,S14000079,Edinburgh North and Leith,14.443223
586,586,S14000080,Edinburgh South,14.443223
587,587,S14000081,Edinburgh South West,15.152086
588,588,S14000082,Edinburgh West,14.935194
589,589,S14000083,Falkirk,15.716603
590,590,S14000084,Glasgow East,15.951461
591,591,S14000085,Glasgow North,16.793941
592,592,S14000086,Glasgow North East,16.640554
593,593,S14000087,Glasgow South,16.20287
594,594,S14000088,Glasgow South West,16.793941
595,595,S14000089,Glasgow West,16.654573
596,596,S14000090,Glenrothes and Mid Fife,14.15976
597,597,S14000091,Gordon and Buchan,10.947779
598,598,S14000092,Hamilton and Clyde Valley,12.594935
599,599,S14000093,Inverclyde and Renfrewshire West,15.061501
600,600,S14000094,"Inverness, Skye and West Ross-shire",4.2411146
601,601,S14000095,Livingston,14.83276
602,602,S14000096,Lothian East,12.756896
603,603,S14000097,Mid Dunbartonshire,17.304255
604,604,S14000098,"Moray West, Nairn and Strathspey",9.597393
605,605,S14000099,"Motherwell, Wishaw and Carluke",14.426516
606,606,S14000100,North East Fife,13.145494
607,607,S14000101,Paisley and Renfrewshire North,16.101297
608,608,S14000102,Paisley and Renfrewshire South,15.032732
609,609,S14000103,Perth and Kinross-shire,18.03975
610,610,S14000104,Rutherglen,15.199487
611,611,S14000105,Stirling and Strathallan,16.468317
612,612,S14000106,West Dunbartonshire,16.504248
613,613,S14000107,"Ayr, Carrick and Cumnock",10.521687
614,614,S14000108,"Berwickshire, Roxburgh and Selkirk",12.587307
615,615,S14000109,Central Ayrshire,7.938444
616,616,S14000110,Kilmarnock and Loudoun,10.902984
617,617,S14000111,West Aberdeenshire and Kincardine,11.433169
618,618,W07000081,Aberafan Maesteg,23.600237
619,619,W07000082,Alyn and Deeside,11.814781
620,620,W07000083,Bangor Aberconwy,10.738575
621,621,W07000084,Blaenau Gwent and Rhymney,22.34848
622,622,W07000085,"Brecon, Radnor and Cwm Tawe",19.38501
623,623,W07000086,Bridgend,25.025553
624,624,W07000087,Caerfyrddin,22.103548
625,625,W07000088,Caerphilly,24.004768
626,626,W07000089,Cardiff East,23.953787
627,627,W07000090,Cardiff North,23.953787
628,628,W07000091,Cardiff South and Penarth,23.671162
629,629,W07000092,Cardiff West,24.286491
630,630,W07000093,Ceredigion Preseli,19.120674
631,631,W07000094,Clwyd East,11.571777
632,632,W07000095,Clwyd North,11.579851
633,633,W07000096,Dwyfor Meirionnydd,13.014362
634,634,W07000097,Gower,26.049
635,635,W07000098,Llanelli,25.228731
636,636,W07000099,Merthyr Tydfil and Aberdare,22.63834
637,637,W07000100,Mid and South Pembrokeshire,24.642548
638,638,W07000101,Monmouthshire,19.219965
639,639,W07000102,Montgomeryshire and Glyndwr,14.379083
640,640,W07000103,Neath and Swansea East,22.962776
641,641,W07000104,Newport East,21.310274
642,642,W07000105,Newport West and Islwyn,22.932732
643,643,W07000106,Pontypridd,23.201662
644,644,W07000107,Rhondda and Ogmore,24.340073
645,645,W07000108,Swansea West,24.645836
646,646,W07000109,Torfaen,22.375881
647,647,W07000110,Vale of Glamorgan,24.487415
648,648,W07000111,Wrexham,11.593352
649,649,W07000112,Ynys MÃ´n,12.666486
