,region,constituency,ensemble,period,season,name,r99ptot_2030s
0,1,E14000530,UKCP18 12km,20191201-20491130,annual,Aldershot,0.1419830747582315
1,2,E14000531,UKCP18 12km,20191201-20491130,annual,Aldridge-Brownhills,0.08507160580507274
2,3,E14000532,UKCP18 12km,20191201-20491130,annual,Altrincham and Sale West,0.3449138891969943
3,4,E14000533,UKCP18 12km,20191201-20491130,annual,Amber Valley,-0.021637893031728916
4,5,E14000534,UKCP18 12km,20191201-20491130,annual,Arundel and South Downs,0.34030617533185714
5,6,E14000535,UKCP18 12km,20191201-20491130,annual,Ashfield,-0.05443259858856068
6,7,E14000536,UKCP18 12km,20191201-20491130,annual,Ashford,0.2966111144942726
7,8,E14000537,UKCP18 12km,20191201-20491130,annual,Ashton-under-Lyne,0.25810111646823547
8,9,E14000538,UKCP18 12km,20191201-20491130,annual,Aylesbury,0.1433522196849839
9,10,E14000539,UKCP18 12km,20191201-20491130,annual,Banbury,0.013200639081239803
10,11,E14000540,UKCP18 12km,20191201-20491130,annual,Barking,0.0012615372026609784
11,12,E14000541,UKCP18 12km,20191201-20491130,annual,Barnsley Central,0.34834617087338565
12,13,E14000542,UKCP18 12km,20191201-20491130,annual,Barnsley East,0.361844691757594
13,14,E14000543,UKCP18 12km,20191201-20491130,annual,Barrow and Furness,0.1944973709395299
14,15,E14000544,UKCP18 12km,20191201-20491130,annual,Basildon and Billericay,0.020107603116392852
15,16,E14000545,UKCP18 12km,20191201-20491130,annual,Basingstoke,0.16463774012192908
16,17,E14000546,UKCP18 12km,20191201-20491130,annual,Bassetlaw,-0.07605033431777818
17,18,E14000547,UKCP18 12km,20191201-20491130,annual,Bath,0.1447346494824188
18,19,E14000548,UKCP18 12km,20191201-20491130,annual,Batley and Spen,0.3026706045158822
19,20,E14000549,UKCP18 12km,20191201-20491130,annual,Battersea,0.2292291870708639
20,21,E14000550,UKCP18 12km,20191201-20491130,annual,Beaconsfield,0.21618803758339292
21,22,E14000551,UKCP18 12km,20191201-20491130,annual,Beckenham,0.18413694985957285
22,23,E14000552,UKCP18 12km,20191201-20491130,annual,Bedford,0.43398272739037574
23,24,E14000553,UKCP18 12km,20191201-20491130,annual,Bermondsey and Old Southwark,0.096349156918153
24,25,E14000554,UKCP18 12km,20191201-20491130,annual,Berwick-upon-Tweed,0.1497757163075206
25,26,E14000555,UKCP18 12km,20191201-20491130,annual,Bethnal Green and Bow,0.09579081707798753
26,27,E14000556,UKCP18 12km,20191201-20491130,annual,Beverley and Holderness,0.028920554926732327
27,28,E14000557,UKCP18 12km,20191201-20491130,annual,Bexhill and Battle,0.35725619363998545
28,29,E14000558,UKCP18 12km,20191201-20491130,annual,Bexleyheath and Crayford,0.08383848402768557
29,30,E14000559,UKCP18 12km,20191201-20491130,annual,Birkenhead,0.2499232500811798
30,31,E14000560,UKCP18 12km,20191201-20491130,annual,"Birmingham, Edgbaston",-0.05776591668274348
31,32,E14000561,UKCP18 12km,20191201-20491130,annual,"Birmingham, Erdington",-0.04490005960130916
32,33,E14000562,UKCP18 12km,20191201-20491130,annual,"Birmingham, Hall Green",-0.08677732068624418
33,34,E14000563,UKCP18 12km,20191201-20491130,annual,"Birmingham, Hodge Hill",-0.08677732068624418
34,35,E14000564,UKCP18 12km,20191201-20491130,annual,"Birmingham, Ladywood",-0.05776591668274348
35,36,E14000565,UKCP18 12km,20191201-20491130,annual,"Birmingham, Northfield",-0.05776591668274348
36,37,E14000566,UKCP18 12km,20191201-20491130,annual,"Birmingham, Perry Barr",0.0017100680314145282
37,38,E14000567,UKCP18 12km,20191201-20491130,annual,"Birmingham, Selly Oak",-0.05776591668274348
38,39,E14000568,UKCP18 12km,20191201-20491130,annual,"Birmingham, Yardley",-0.08677732068624418
39,40,E14000569,UKCP18 12km,20191201-20491130,annual,Bishop Auckland,0.0837723793121501
40,41,E14000570,UKCP18 12km,20191201-20491130,annual,Blackburn,0.22290790042369638
41,42,E14000571,UKCP18 12km,20191201-20491130,annual,Blackley and Broughton,0.25810111646823547
42,43,E14000572,UKCP18 12km,20191201-20491130,annual,Blackpool North and Cleveleys,0.3564434502792721
43,44,E14000573,UKCP18 12km,20191201-20491130,annual,Blackpool South,0.3564434502792721
44,45,E14000574,UKCP18 12km,20191201-20491130,annual,Blaydon,0.042504581582677156
45,46,E14000575,UKCP18 12km,20191201-20491130,annual,Blyth Valley,0.18899909129355205
46,47,E14000576,UKCP18 12km,20191201-20491130,annual,Bognor Regis and Littlehampton,0.4610215720478346
47,48,E14000577,UKCP18 12km,20191201-20491130,annual,Bolsover,-0.05909953854942136
48,49,E14000578,UKCP18 12km,20191201-20491130,annual,Bolton North East,0.2483809862079991
49,50,E14000579,UKCP18 12km,20191201-20491130,annual,Bolton South East,0.26448305731768773
50,51,E14000580,UKCP18 12km,20191201-20491130,annual,Bolton West,0.32472337522431
51,52,E14000581,UKCP18 12km,20191201-20491130,annual,Bootle,0.1876194249793667
52,53,E14000582,UKCP18 12km,20191201-20491130,annual,Boston and Skegness,0.22331674911893382
53,54,E14000583,UKCP18 12km,20191201-20491130,annual,Bosworth,0.14607984848647843
54,55,E14000584,UKCP18 12km,20191201-20491130,annual,Bournemouth East,0.2775783238111678
55,56,E14000585,UKCP18 12km,20191201-20491130,annual,Bournemouth West,0.42023688302511997
56,57,E14000586,UKCP18 12km,20191201-20491130,annual,Bracknell,0.13989691930795192
57,58,E14000587,UKCP18 12km,20191201-20491130,annual,Bradford East,0.30653324580494073
58,59,E14000588,UKCP18 12km,20191201-20491130,annual,Bradford South,0.23955238669916765
59,60,E14000589,UKCP18 12km,20191201-20491130,annual,Bradford West,0.30653324580494073
60,61,E14000590,UKCP18 12km,20191201-20491130,annual,Braintree,0.30883855670571486
61,62,E14000591,UKCP18 12km,20191201-20491130,annual,Brent Central,0.2732579351555255
62,63,E14000592,UKCP18 12km,20191201-20491130,annual,Brent North,0.2732579351555255
63,64,E14000593,UKCP18 12km,20191201-20491130,annual,Brentford and Isleworth,0.2292291870708639
64,65,E14000594,UKCP18 12km,20191201-20491130,annual,Brentwood and Ongar,0.051045575226029
65,66,E14000595,UKCP18 12km,20191201-20491130,annual,Bridgwater and West Somerset,0.11408419503105564
66,67,E14000596,UKCP18 12km,20191201-20491130,annual,Brigg and Goole,0.1218676325008436
67,68,E14000597,UKCP18 12km,20191201-20491130,annual,"Brighton, Kemptown",0.4185010952266805
68,69,E14000598,UKCP18 12km,20191201-20491130,annual,"Brighton, Pavilion",0.3325681318357854
69,70,E14000599,UKCP18 12km,20191201-20491130,annual,Bristol East,0.11895633924480498
70,71,E14000600,UKCP18 12km,20191201-20491130,annual,Bristol North West,0.20352385052749367
71,72,E14000601,UKCP18 12km,20191201-20491130,annual,Bristol South,0.20352385052749367
72,73,E14000602,UKCP18 12km,20191201-20491130,annual,Bristol West,0.20352385052749367
73,74,E14000603,UKCP18 12km,20191201-20491130,annual,Broadland,0.27286632181916315
74,75,E14000604,UKCP18 12km,20191201-20491130,annual,Bromley and Chislehurst,0.08383848402768557
75,76,E14000605,UKCP18 12km,20191201-20491130,annual,Bromsgrove,0.03417953746117982
76,77,E14000606,UKCP18 12km,20191201-20491130,annual,Broxbourne,0.23817183261286404
77,78,E14000607,UKCP18 12km,20191201-20491130,annual,Broxtowe,-0.02783538778330419
78,79,E14000608,UKCP18 12km,20191201-20491130,annual,Buckingham,0.20621266137263433
79,80,E14000609,UKCP18 12km,20191201-20491130,annual,Burnley,0.15980007902917795
80,81,E14000610,UKCP18 12km,20191201-20491130,annual,Burton,0.11118955092128324
81,82,E14000611,UKCP18 12km,20191201-20491130,annual,Bury North,0.2483809862079991
82,83,E14000612,UKCP18 12km,20191201-20491130,annual,Bury South,0.26448305731768773
83,84,E14000613,UKCP18 12km,20191201-20491130,annual,Bury St Edmunds,0.32570844689402395
84,85,E14000614,UKCP18 12km,20191201-20491130,annual,Calder Valley,0.2044376953185791
85,86,E14000615,UKCP18 12km,20191201-20491130,annual,Camberwell and Peckham,0.096349156918153
86,87,E14000616,UKCP18 12km,20191201-20491130,annual,Camborne and Redruth,0.25284049391035146
87,88,E14000617,UKCP18 12km,20191201-20491130,annual,Cambridge,0.43948628784228094
88,89,E14000618,UKCP18 12km,20191201-20491130,annual,Cannock Chase,0.08745350502881173
89,90,E14000619,UKCP18 12km,20191201-20491130,annual,Canterbury,0.36017628312887506
90,91,E14000620,UKCP18 12km,20191201-20491130,annual,Carlisle,0.20604032297198613
91,92,E14000621,UKCP18 12km,20191201-20491130,annual,Carshalton and Wallington,0.18413694985957285
92,93,E14000622,UKCP18 12km,20191201-20491130,annual,Castle Point,0.09837653334364467
93,94,E14000623,UKCP18 12km,20191201-20491130,annual,Central Devon,0.12992646968908803
94,95,E14000624,UKCP18 12km,20191201-20491130,annual,Central Suffolk and North Ipswich,0.2765240164333711
95,96,E14000625,UKCP18 12km,20191201-20491130,annual,Charnwood,0.2624525138138676
96,97,E14000626,UKCP18 12km,20191201-20491130,annual,Chatham and Aylesford,0.07079678573483357
97,98,E14000627,UKCP18 12km,20191201-20491130,annual,Cheadle,0.2592849620496647
98,99,E14000628,UKCP18 12km,20191201-20491130,annual,Chelmsford,0.14851370022657115
99,100,E14000629,UKCP18 12km,20191201-20491130,annual,Chelsea and Fulham,0.2292291870708639
100,101,E14000630,UKCP18 12km,20191201-20491130,annual,Cheltenham,-0.04316061639376997
101,102,E14000631,UKCP18 12km,20191201-20491130,annual,Chesham and Amersham,0.16003750071612707
102,103,E14000632,UKCP18 12km,20191201-20491130,annual,Chesterfield,0.11880747781834744
103,104,E14000633,UKCP18 12km,20191201-20491130,annual,Chichester,0.3822976585981171
104,105,E14000634,UKCP18 12km,20191201-20491130,annual,Chingford and Woodford Green,0.20368910430013032
105,106,E14000635,UKCP18 12km,20191201-20491130,annual,Chippenham,0.16183587789857234
106,107,E14000636,UKCP18 12km,20191201-20491130,annual,Chipping Barnet,0.2969868884126707
107,108,E14000637,UKCP18 12km,20191201-20491130,annual,Chorley,0.30148145838862067
108,109,E14000638,UKCP18 12km,20191201-20491130,annual,Christchurch,0.2775783238111678
109,110,E14000639,UKCP18 12km,20191201-20491130,annual,Cities of London and Westminster,0.09579081707798753
110,111,E14000640,UKCP18 12km,20191201-20491130,annual,City of Chester,0.2424217669408062
111,112,E14000641,UKCP18 12km,20191201-20491130,annual,City of Durham,0.03717947236465813
112,113,E14000642,UKCP18 12km,20191201-20491130,annual,Clacton,0.24372207720063552
113,114,E14000643,UKCP18 12km,20191201-20491130,annual,Cleethorpes,-1.3936271691820934e-05
114,115,E14000644,UKCP18 12km,20191201-20491130,annual,Colchester,0.2686419910867672
115,116,E14000645,UKCP18 12km,20191201-20491130,annual,Colne Valley,0.1593656947238098
116,117,E14000646,UKCP18 12km,20191201-20491130,annual,Congleton,0.3126989790481726
117,118,E14000647,UKCP18 12km,20191201-20491130,annual,Copeland,0.2584768943593232
118,119,E14000648,UKCP18 12km,20191201-20491130,annual,Corby,0.18708135476084378
119,120,E14000649,UKCP18 12km,20191201-20491130,annual,Coventry North East,-0.14144127851699687
120,121,E14000650,UKCP18 12km,20191201-20491130,annual,Coventry North West,-0.1921089626374343
121,122,E14000651,UKCP18 12km,20191201-20491130,annual,Coventry South,-0.14144127851699687
122,123,E14000652,UKCP18 12km,20191201-20491130,annual,Crawley,0.15318488234199354
123,124,E14000653,UKCP18 12km,20191201-20491130,annual,Crewe and Nantwich,0.22159402556489402
124,125,E14000654,UKCP18 12km,20191201-20491130,annual,Croydon Central,0.18413694985957285
125,126,E14000655,UKCP18 12km,20191201-20491130,annual,Croydon North,0.096349156918153
126,127,E14000656,UKCP18 12km,20191201-20491130,annual,Croydon South,0.18413694985957285
127,128,E14000657,UKCP18 12km,20191201-20491130,annual,Dagenham and Rainham,0.0012615372026609784
128,129,E14000658,UKCP18 12km,20191201-20491130,annual,Darlington,0.11150942207354153
129,130,E14000659,UKCP18 12km,20191201-20491130,annual,Dartford,0.10215913031043988
130,131,E14000660,UKCP18 12km,20191201-20491130,annual,Daventry,0.08645882145228254
131,132,E14000661,UKCP18 12km,20191201-20491130,annual,Denton and Reddish,0.2592849620496647
132,133,E14000662,UKCP18 12km,20191201-20491130,annual,Derby North,0.022630345165468507
133,134,E14000663,UKCP18 12km,20191201-20491130,annual,Derby South,0.010956771806689932
134,135,E14000664,UKCP18 12km,20191201-20491130,annual,Derbyshire Dales,0.1528409192441368
135,136,E14000665,UKCP18 12km,20191201-20491130,annual,Devizes,0.07768711677157253
136,137,E14000666,UKCP18 12km,20191201-20491130,annual,Dewsbury,0.2732527563077587
137,138,E14000667,UKCP18 12km,20191201-20491130,annual,Don Valley,0.16202070390169912
138,139,E14000668,UKCP18 12km,20191201-20491130,annual,Doncaster Central,0.16202070390169912
139,140,E14000669,UKCP18 12km,20191201-20491130,annual,Doncaster North,0.25054169687406597
140,141,E14000670,UKCP18 12km,20191201-20491130,annual,Dover,0.35179793175222884
141,142,E14000671,UKCP18 12km,20191201-20491130,annual,Dudley North,-0.10279094993874598
142,143,E14000672,UKCP18 12km,20191201-20491130,annual,Dudley South,-0.10279094993874598
143,144,E14000673,UKCP18 12km,20191201-20491130,annual,Dulwich and West Norwood,0.096349156918153
144,145,E14000674,UKCP18 12km,20191201-20491130,annual,Ealing Central and Acton,0.2732579351555255
145,146,E14000675,UKCP18 12km,20191201-20491130,annual,Ealing North,0.308763982140263
146,147,E14000676,UKCP18 12km,20191201-20491130,annual,"Ealing, Southall",0.24685603565277817
147,148,E14000677,UKCP18 12km,20191201-20491130,annual,Easington,0.12792936309962655
148,149,E14000678,UKCP18 12km,20191201-20491130,annual,East Devon,0.09328128254706318
149,150,E14000679,UKCP18 12km,20191201-20491130,annual,East Ham,0.0012615372026609784
150,151,E14000680,UKCP18 12km,20191201-20491130,annual,East Hampshire,0.21904265115159016
151,152,E14000681,UKCP18 12km,20191201-20491130,annual,East Surrey,0.20646027363085162
152,153,E14000682,UKCP18 12km,20191201-20491130,annual,East Worthing and Shoreham,0.3674325884059444
153,154,E14000683,UKCP18 12km,20191201-20491130,annual,East Yorkshire,0.05055551806063154
154,155,E14000684,UKCP18 12km,20191201-20491130,annual,Eastbourne,0.5679955882128763
155,156,E14000685,UKCP18 12km,20191201-20491130,annual,Eastleigh,0.32662811842609174
156,157,E14000686,UKCP18 12km,20191201-20491130,annual,Eddisbury,0.2328411360410258
157,158,E14000687,UKCP18 12km,20191201-20491130,annual,Edmonton,0.20368910430013032
158,159,E14000688,UKCP18 12km,20191201-20491130,annual,Ellesmere Port and Neston,0.2066611782454877
159,160,E14000689,UKCP18 12km,20191201-20491130,annual,Elmet and Rothwell,0.35725522972271173
160,161,E14000690,UKCP18 12km,20191201-20491130,annual,Eltham,0.08383848402768557
161,162,E14000691,UKCP18 12km,20191201-20491130,annual,Enfield North,0.20368910430013032
162,163,E14000692,UKCP18 12km,20191201-20491130,annual,"Enfield, Southgate",0.20368910430013032
163,164,E14000693,UKCP18 12km,20191201-20491130,annual,Epping Forest,0.06049270031910744
164,165,E14000694,UKCP18 12km,20191201-20491130,annual,Epsom and Ewell,0.2255068119601095
165,166,E14000695,UKCP18 12km,20191201-20491130,annual,Erewash,-0.02783538778330419
166,167,E14000696,UKCP18 12km,20191201-20491130,annual,Erith and Thamesmead,0.08383848402768557
167,168,E14000697,UKCP18 12km,20191201-20491130,annual,Esher and Walton,0.3145686744875162
168,169,E14000698,UKCP18 12km,20191201-20491130,annual,Exeter,0.11900801282281985
169,170,E14000699,UKCP18 12km,20191201-20491130,annual,Fareham,0.32662811842609174
170,171,E14000700,UKCP18 12km,20191201-20491130,annual,Faversham and Mid Kent,0.10074837462544811
171,172,E14000701,UKCP18 12km,20191201-20491130,annual,Feltham and Heston,0.24685603565277817
172,173,E14000702,UKCP18 12km,20191201-20491130,annual,Filton and Bradley Stoke,0.24142695262380687
173,174,E14000703,UKCP18 12km,20191201-20491130,annual,Finchley and Golders Green,0.2732579351555255
174,175,E14000704,UKCP18 12km,20191201-20491130,annual,Folkestone and Hythe,0.327048767168779
175,176,E14000705,UKCP18 12km,20191201-20491130,annual,Forest of Dean,0.05757406697548897
176,177,E14000706,UKCP18 12km,20191201-20491130,annual,Fylde,0.3564434502792721
177,178,E14000707,UKCP18 12km,20191201-20491130,annual,Gainsborough,-0.05243514992578451
178,179,E14000708,UKCP18 12km,20191201-20491130,annual,Garston and Halewood,0.20958660365619539
179,180,E14000709,UKCP18 12km,20191201-20491130,annual,Gateshead,0.038079370424794146
180,181,E14000710,UKCP18 12km,20191201-20491130,annual,Gedling,-0.021061356444971018
181,182,E14000711,UKCP18 12km,20191201-20491130,annual,Gillingham and Rainham,0.002080916616171121
182,183,E14000712,UKCP18 12km,20191201-20491130,annual,Gloucester,-0.04553111501913887
183,184,E14000713,UKCP18 12km,20191201-20491130,annual,Gosport,0.2824000217535391
184,185,E14000714,UKCP18 12km,20191201-20491130,annual,Grantham and Stamford,0.04793927532253878
185,186,E14000715,UKCP18 12km,20191201-20491130,annual,Gravesham,0.16540572572672793
186,187,E14000716,UKCP18 12km,20191201-20491130,annual,Great Grimsby,0.042375023316437055
187,188,E14000717,UKCP18 12km,20191201-20491130,annual,Great Yarmouth,0.3513415529001986
188,189,E14000718,UKCP18 12km,20191201-20491130,annual,Greenwich and Woolwich,0.08383848402768557
189,190,E14000719,UKCP18 12km,20191201-20491130,annual,Guildford,0.19806520093705976
190,191,E14000720,UKCP18 12km,20191201-20491130,annual,Hackney North and Stoke Newington,0.09579081707798753
191,192,E14000721,UKCP18 12km,20191201-20491130,annual,Hackney South and Shoreditch,0.09579081707798753
192,193,E14000722,UKCP18 12km,20191201-20491130,annual,Halesowen and Rowley Regis,-0.05776591668274348
193,194,E14000723,UKCP18 12km,20191201-20491130,annual,Halifax,0.23955238669916765
194,195,E14000724,UKCP18 12km,20191201-20491130,annual,Haltemprice and Howden,0.17357940239898154
195,196,E14000725,UKCP18 12km,20191201-20491130,annual,Halton,0.16290862482531035
196,197,E14000726,UKCP18 12km,20191201-20491130,annual,Hammersmith,0.2292291870708639
197,198,E14000727,UKCP18 12km,20191201-20491130,annual,Hampstead and Kilburn,0.2732579351555255
198,199,E14000728,UKCP18 12km,20191201-20491130,annual,Harborough,0.16314116380231924
199,200,E14000729,UKCP18 12km,20191201-20491130,annual,Harlow,0.2007452549969649
200,201,E14000730,UKCP18 12km,20191201-20491130,annual,Harrogate and Knaresborough,0.2734621705467081
201,202,E14000731,UKCP18 12km,20191201-20491130,annual,Harrow East,0.2732579351555255
202,203,E14000732,UKCP18 12km,20191201-20491130,annual,Harrow West,0.308763982140263
203,204,E14000733,UKCP18 12km,20191201-20491130,annual,Hartlepool,0.2321003888066385
204,205,E14000734,UKCP18 12km,20191201-20491130,annual,Harwich and North Essex,0.15888787195053208
205,206,E14000735,UKCP18 12km,20191201-20491130,annual,Hastings and Rye,0.4248024162312798
206,207,E14000736,UKCP18 12km,20191201-20491130,annual,Havant,0.3512547219386295
207,208,E14000737,UKCP18 12km,20191201-20491130,annual,Hayes and Harlington,0.24685603565277817
208,209,E14000738,UKCP18 12km,20191201-20491130,annual,Hazel Grove,0.2592849620496647
209,210,E14000739,UKCP18 12km,20191201-20491130,annual,Hemel Hempstead,0.24237067242928623
210,211,E14000740,UKCP18 12km,20191201-20491130,annual,Hemsworth,0.3532027440468255
211,212,E14000741,UKCP18 12km,20191201-20491130,annual,Hendon,0.2732579351555255
212,213,E14000742,UKCP18 12km,20191201-20491130,annual,Henley,0.11748366875438154
213,214,E14000743,UKCP18 12km,20191201-20491130,annual,Hereford and South Herefordshire,0.05881772719468098
214,215,E14000744,UKCP18 12km,20191201-20491130,annual,Hertford and Stortford,0.23817183261286404
215,216,E14000745,UKCP18 12km,20191201-20491130,annual,Hertsmere,0.2969868884126707
216,217,E14000746,UKCP18 12km,20191201-20491130,annual,Hexham,0.21494801835301472
217,218,E14000747,UKCP18 12km,20191201-20491130,annual,Heywood and Middleton,0.20612344023648568
218,219,E14000748,UKCP18 12km,20191201-20491130,annual,High Peak,0.23001061470671189
219,220,E14000749,UKCP18 12km,20191201-20491130,annual,Hitchin and Harpenden,0.24237067242928623
220,221,E14000750,UKCP18 12km,20191201-20491130,annual,Holborn and St Pancras,0.09579081707798753
221,222,E14000751,UKCP18 12km,20191201-20491130,annual,Hornchurch and Upminster,-0.019296592489154534
222,223,E14000752,UKCP18 12km,20191201-20491130,annual,Hornsey and Wood Green,0.09579081707798753
223,224,E14000753,UKCP18 12km,20191201-20491130,annual,Horsham,0.17314078551862408
224,225,E14000754,UKCP18 12km,20191201-20491130,annual,Houghton and Sunderland South,0.12792936309962655
225,226,E14000755,UKCP18 12km,20191201-20491130,annual,Hove,0.4185010952266805
226,227,E14000756,UKCP18 12km,20191201-20491130,annual,Huddersfield,0.1649975526562765
227,228,E14000757,UKCP18 12km,20191201-20491130,annual,Huntingdon,0.30236712108551567
228,229,E14000758,UKCP18 12km,20191201-20491130,annual,Hyndburn,0.1824811214306609
229,230,E14000759,UKCP18 12km,20191201-20491130,annual,Ilford North,0.0012615372026609784
230,231,E14000760,UKCP18 12km,20191201-20491130,annual,Ilford South,0.0012615372026609784
231,232,E14000761,UKCP18 12km,20191201-20491130,annual,Ipswich,0.31648336943051075
232,233,E14000762,UKCP18 12km,20191201-20491130,annual,Isle of Wight,0.4912300031389161
233,234,E14000763,UKCP18 12km,20191201-20491130,annual,Islington North,0.09579081707798753
234,235,E14000764,UKCP18 12km,20191201-20491130,annual,Islington South and Finsbury,0.09579081707798753
235,236,E14000765,UKCP18 12km,20191201-20491130,annual,Jarrow,0.08742063045529631
236,237,E14000766,UKCP18 12km,20191201-20491130,annual,Keighley,0.2238922789345672
237,238,E14000767,UKCP18 12km,20191201-20491130,annual,Kenilworth and Southam,0.04556058137985589
238,239,E14000768,UKCP18 12km,20191201-20491130,annual,Kensington,0.2732579351555255
239,240,E14000769,UKCP18 12km,20191201-20491130,annual,Kettering,0.2834780514521864
240,241,E14000770,UKCP18 12km,20191201-20491130,annual,Kingston and Surbiton,0.2255068119601095
241,242,E14000771,UKCP18 12km,20191201-20491130,annual,Kingston upon Hull East,0.11900413817138955
242,243,E14000772,UKCP18 12km,20191201-20491130,annual,Kingston upon Hull North,0.014731965588460941
243,244,E14000773,UKCP18 12km,20191201-20491130,annual,Kingston upon Hull West and Hessle,0.11900413817138955
244,245,E14000774,UKCP18 12km,20191201-20491130,annual,Kingswood,0.11895633924480498
245,246,E14000775,UKCP18 12km,20191201-20491130,annual,Knowsley,0.20958660365619539
246,247,E14000776,UKCP18 12km,20191201-20491130,annual,Lancaster and Fleetwood,0.29063775964005045
247,248,E14000777,UKCP18 12km,20191201-20491130,annual,Leeds Central,0.3026706045158822
248,249,E14000778,UKCP18 12km,20191201-20491130,annual,Leeds East,0.360575515858328
249,250,E14000779,UKCP18 12km,20191201-20491130,annual,Leeds North East,0.3095266253308912
250,251,E14000780,UKCP18 12km,20191201-20491130,annual,Leeds North West,0.3095266253308912
251,252,E14000781,UKCP18 12km,20191201-20491130,annual,Leeds West,0.3095266253308912
252,253,E14000782,UKCP18 12km,20191201-20491130,annual,Leicester East,0.07724406446323966
253,254,E14000783,UKCP18 12km,20191201-20491130,annual,Leicester South,0.07724406446323966
254,255,E14000784,UKCP18 12km,20191201-20491130,annual,Leicester West,0.07724406446323966
255,256,E14000785,UKCP18 12km,20191201-20491130,annual,Leigh,0.18801939044364233
256,257,E14000786,UKCP18 12km,20191201-20491130,annual,Lewes,0.348050473580664
257,258,E14000787,UKCP18 12km,20191201-20491130,annual,Lewisham East,0.096349156918153
258,259,E14000788,UKCP18 12km,20191201-20491130,annual,Lewisham West and Penge,0.096349156918153
259,260,E14000789,UKCP18 12km,20191201-20491130,annual,"Lewisham, Deptford",0.096349156918153
260,261,E14000790,UKCP18 12km,20191201-20491130,annual,Leyton and Wanstead,0.09579081707798753
261,262,E14000791,UKCP18 12km,20191201-20491130,annual,Lichfield,0.12081975589403633
262,263,E14000792,UKCP18 12km,20191201-20491130,annual,Lincoln,-0.1151158879108934
263,264,E14000793,UKCP18 12km,20191201-20491130,annual,"Liverpool, Riverside",0.20958660365619539
264,265,E14000794,UKCP18 12km,20191201-20491130,annual,"Liverpool, Walton",0.20958660365619539
265,266,E14000795,UKCP18 12km,20191201-20491130,annual,"Liverpool, Wavertree",0.20958660365619539
266,267,E14000796,UKCP18 12km,20191201-20491130,annual,"Liverpool, West Derby",0.20958660365619539
267,268,E14000797,UKCP18 12km,20191201-20491130,annual,Loughborough,0.27826974948213645
268,269,E14000798,UKCP18 12km,20191201-20491130,annual,Louth and Horncastle,0.0223654358593674
269,270,E14000799,UKCP18 12km,20191201-20491130,annual,Ludlow,0.09925510541448428
270,271,E14000800,UKCP18 12km,20191201-20491130,annual,Luton North,0.39065040592903827
271,272,E14000801,UKCP18 12km,20191201-20491130,annual,Luton South,0.39065040592903827
272,273,E14000802,UKCP18 12km,20191201-20491130,annual,Macclesfield,0.2669474632417659
273,274,E14000803,UKCP18 12km,20191201-20491130,annual,Maidenhead,0.016892867397616158
274,275,E14000804,UKCP18 12km,20191201-20491130,annual,Maidstone and The Weald,0.07729994849924855
275,276,E14000805,UKCP18 12km,20191201-20491130,annual,Makerfield,0.16100006305614042
276,277,E14000806,UKCP18 12km,20191201-20491130,annual,Maldon,0.11769257372379051
277,278,E14000807,UKCP18 12km,20191201-20491130,annual,Manchester Central,0.25810111646823547
278,279,E14000808,UKCP18 12km,20191201-20491130,annual,"Manchester, Gorton",0.2592849620496647
279,280,E14000809,UKCP18 12km,20191201-20491130,annual,"Manchester, Withington",0.3449138891969943
280,281,E14000810,UKCP18 12km,20191201-20491130,annual,Mansfield,-0.07860732002949573
281,282,E14000811,UKCP18 12km,20191201-20491130,annual,Meon Valley,0.3148382460825174
282,283,E14000812,UKCP18 12km,20191201-20491130,annual,Meriden,-0.1921089626374343
283,284,E14000813,UKCP18 12km,20191201-20491130,annual,Mid Bedfordshire,0.42437404378760973
284,285,E14000814,UKCP18 12km,20191201-20491130,annual,Mid Derbyshire,0.022630345165468507
285,286,E14000815,UKCP18 12km,20191201-20491130,annual,Mid Dorset and North Poole,0.33778262754919613
286,287,E14000816,UKCP18 12km,20191201-20491130,annual,Mid Norfolk,0.3759307585641247
287,288,E14000817,UKCP18 12km,20191201-20491130,annual,Mid Sussex,0.22372963955523728
288,289,E14000818,UKCP18 12km,20191201-20491130,annual,Mid Worcestershire,0.007029170047246206
289,290,E14000819,UKCP18 12km,20191201-20491130,annual,Middlesbrough,0.2321003888066385
290,291,E14000820,UKCP18 12km,20191201-20491130,annual,Middlesbrough South and East Cleveland,-0.04328527154312489
291,292,E14000821,UKCP18 12km,20191201-20491130,annual,Milton Keynes North,0.506819765791865
292,293,E14000822,UKCP18 12km,20191201-20491130,annual,Milton Keynes South,0.32231735871904693
293,294,E14000823,UKCP18 12km,20191201-20491130,annual,Mitcham and Morden,0.2292291870708639
294,295,E14000824,UKCP18 12km,20191201-20491130,annual,Mole Valley,0.21163448312072053
295,296,E14000825,UKCP18 12km,20191201-20491130,annual,Morecambe and Lunesdale,0.24838650122216951
296,297,E14000826,UKCP18 12km,20191201-20491130,annual,Morley and Outwood,0.3026706045158822
297,298,E14000827,UKCP18 12km,20191201-20491130,annual,New Forest East,0.3261217347128622
298,299,E14000828,UKCP18 12km,20191201-20491130,annual,New Forest West,0.26217850970170586
299,300,E14000829,UKCP18 12km,20191201-20491130,annual,Newark,-0.037338516682949005
300,301,E14000830,UKCP18 12km,20191201-20491130,annual,Newbury,0.12438487930041751
301,302,E14000831,UKCP18 12km,20191201-20491130,annual,Newcastle upon Tyne Central,0.13054043713056407
302,303,E14000832,UKCP18 12km,20191201-20491130,annual,Newcastle upon Tyne East,0.13054043713056407
303,304,E14000833,UKCP18 12km,20191201-20491130,annual,Newcastle upon Tyne North,0.13054043713056407
304,305,E14000834,UKCP18 12km,20191201-20491130,annual,Newcastle-under-Lyme,0.17926029232129492
305,306,E14000835,UKCP18 12km,20191201-20491130,annual,Newton Abbot,0.10599043533115013
306,307,E14000836,UKCP18 12km,20191201-20491130,annual,"Normanton, Pontefract and Castleford",0.32832760035439085
307,308,E14000837,UKCP18 12km,20191201-20491130,annual,North Cornwall,0.22104809622792057
308,309,E14000838,UKCP18 12km,20191201-20491130,annual,North Devon,0.215030885946909
309,310,E14000839,UKCP18 12km,20191201-20491130,annual,North Dorset,0.2083534605130144
310,311,E14000840,UKCP18 12km,20191201-20491130,annual,North Durham,0.03717947236465813
311,312,E14000841,UKCP18 12km,20191201-20491130,annual,North East Bedfordshire,0.3682371094607684
312,313,E14000842,UKCP18 12km,20191201-20491130,annual,North East Cambridgeshire,0.3699349579514064
313,314,E14000843,UKCP18 12km,20191201-20491130,annual,North East Derbyshire,0.05462570448320311
314,315,E14000844,UKCP18 12km,20191201-20491130,annual,North East Hampshire,0.06546058500832408
315,316,E14000845,UKCP18 12km,20191201-20491130,annual,North East Hertfordshire,0.270579601518801
316,317,E14000846,UKCP18 12km,20191201-20491130,annual,North East Somerset,0.19678951421133353
317,318,E14000847,UKCP18 12km,20191201-20491130,annual,North Herefordshire,0.03287603470559774
318,319,E14000848,UKCP18 12km,20191201-20491130,annual,North Norfolk,0.26242196543509666
319,320,E14000849,UKCP18 12km,20191201-20491130,annual,North Shropshire,0.16898203054660704
320,321,E14000850,UKCP18 12km,20191201-20491130,annual,North Somerset,0.2464653320923567
321,322,E14000851,UKCP18 12km,20191201-20491130,annual,North Swindon,0.1325636962955393
322,323,E14000852,UKCP18 12km,20191201-20491130,annual,North Thanet,0.46902099801022185
323,324,E14000853,UKCP18 12km,20191201-20491130,annual,North Tyneside,0.13054043713056407
324,325,E14000854,UKCP18 12km,20191201-20491130,annual,North Warwickshire,-0.061833628406400984
325,326,E14000855,UKCP18 12km,20191201-20491130,annual,North West Cambridgeshire,0.2454098902389996
326,327,E14000856,UKCP18 12km,20191201-20491130,annual,North West Durham,0.0478795501529287
327,328,E14000857,UKCP18 12km,20191201-20491130,annual,North West Hampshire,0.05653665735933925
328,329,E14000858,UKCP18 12km,20191201-20491130,annual,North West Leicestershire,0.07573289063400417
329,330,E14000859,UKCP18 12km,20191201-20491130,annual,North West Norfolk,0.1692621593109338
330,331,E14000860,UKCP18 12km,20191201-20491130,annual,North Wiltshire,0.1202374481543508
331,332,E14000861,UKCP18 12km,20191201-20491130,annual,Northampton North,0.13554510080764706
332,333,E14000862,UKCP18 12km,20191201-20491130,annual,Northampton South,0.13554510080764706
333,334,E14000863,UKCP18 12km,20191201-20491130,annual,Norwich North,0.3615641032195567
334,335,E14000864,UKCP18 12km,20191201-20491130,annual,Norwich South,0.33986307992726755
335,336,E14000865,UKCP18 12km,20191201-20491130,annual,Nottingham East,-0.021061356444971018
336,337,E14000866,UKCP18 12km,20191201-20491130,annual,Nottingham North,-0.02783538778330419
337,338,E14000867,UKCP18 12km,20191201-20491130,annual,Nottingham South,-0.02783538778330419
338,339,E14000868,UKCP18 12km,20191201-20491130,annual,Nuneaton,-0.11086101292667538
339,340,E14000869,UKCP18 12km,20191201-20491130,annual,Old Bexley and Sidcup,0.08383848402768557
340,341,E14000870,UKCP18 12km,20191201-20491130,annual,Oldham East and Saddleworth,0.28540548998587406
341,342,E14000871,UKCP18 12km,20191201-20491130,annual,Oldham West and Royton,0.25810111646823547
342,343,E14000872,UKCP18 12km,20191201-20491130,annual,Orpington,0.2012255333647847
343,344,E14000873,UKCP18 12km,20191201-20491130,annual,Oxford East,0.024804709666094604
344,345,E14000874,UKCP18 12km,20191201-20491130,annual,Oxford West and Abingdon,0.10194240165762765
345,346,E14000875,UKCP18 12km,20191201-20491130,annual,Pendle,0.16601141217520596
346,347,E14000876,UKCP18 12km,20191201-20491130,annual,Penistone and Stocksbridge,0.24838755682536973
347,348,E14000877,UKCP18 12km,20191201-20491130,annual,Penrith and The Border,0.2660310896212468
348,349,E14000878,UKCP18 12km,20191201-20491130,annual,Peterborough,0.15181190203017345
349,350,E14000879,UKCP18 12km,20191201-20491130,annual,"Plymouth, Moor View",0.08300131628886172
350,351,E14000880,UKCP18 12km,20191201-20491130,annual,"Plymouth, Sutton and Devonport",0.16487115453134601
351,352,E14000881,UKCP18 12km,20191201-20491130,annual,Poole,0.42023688302511997
352,353,E14000882,UKCP18 12km,20191201-20491130,annual,Poplar and Limehouse,0.09579081707798753
353,354,E14000883,UKCP18 12km,20191201-20491130,annual,Portsmouth North,0.2824000217535391
354,355,E14000884,UKCP18 12km,20191201-20491130,annual,Portsmouth South,0.2824000217535391
355,356,E14000885,UKCP18 12km,20191201-20491130,annual,Preston,0.25104831394615523
356,357,E14000886,UKCP18 12km,20191201-20491130,annual,Pudsey,0.3095266253308912
357,358,E14000887,UKCP18 12km,20191201-20491130,annual,Putney,0.2292291870708639
358,359,E14000888,UKCP18 12km,20191201-20491130,annual,Rayleigh and Wickford,0.1457655290279484
359,360,E14000889,UKCP18 12km,20191201-20491130,annual,Reading East,0.05849477102662918
360,361,E14000890,UKCP18 12km,20191201-20491130,annual,Reading West,0.06886586976503455
361,362,E14000891,UKCP18 12km,20191201-20491130,annual,Redcar,0.20591126828341708
362,363,E14000892,UKCP18 12km,20191201-20491130,annual,Redditch,0.08524872035978774
363,364,E14000893,UKCP18 12km,20191201-20491130,annual,Reigate,0.18109376054251536
364,365,E14000894,UKCP18 12km,20191201-20491130,annual,Ribble Valley,0.2525479106080635
365,366,E14000895,UKCP18 12km,20191201-20491130,annual,Richmond (Yorks),0.12075732512904525
366,367,E14000896,UKCP18 12km,20191201-20491130,annual,Richmond Park,0.2292291870708639
367,368,E14000897,UKCP18 12km,20191201-20491130,annual,Rochdale,0.20612344023648568
368,369,E14000898,UKCP18 12km,20191201-20491130,annual,Rochester and Strood,0.18306048670301797
369,370,E14000899,UKCP18 12km,20191201-20491130,annual,Rochford and Southend East,0.18720458902703027
370,371,E14000900,UKCP18 12km,20191201-20491130,annual,Romford,0.0012615372026609784
371,372,E14000901,UKCP18 12km,20191201-20491130,annual,Romsey and Southampton North,0.09160319291109963
372,373,E14000902,UKCP18 12km,20191201-20491130,annual,Rossendale and Darwen,0.1824811214306609
373,374,E14000903,UKCP18 12km,20191201-20491130,annual,Rother Valley,0.20358908757639038
374,375,E14000904,UKCP18 12km,20191201-20491130,annual,Rotherham,0.296622669852266
375,376,E14000905,UKCP18 12km,20191201-20491130,annual,Rugby,0.06467428741514174
376,377,E14000906,UKCP18 12km,20191201-20491130,annual,"Ruislip, Northwood and Pinner",0.308763982140263
377,378,E14000907,UKCP18 12km,20191201-20491130,annual,Runnymede and Weybridge,0.289000385384295
378,379,E14000908,UKCP18 12km,20191201-20491130,annual,Rushcliffe,0.17460611999820844
379,380,E14000909,UKCP18 12km,20191201-20491130,annual,Rutland and Melton,0.055681824921699236
380,381,E14000910,UKCP18 12km,20191201-20491130,annual,Saffron Walden,0.19926382049463892
381,382,E14000911,UKCP18 12km,20191201-20491130,annual,Salford and Eccles,0.26448305731768773
382,383,E14000912,UKCP18 12km,20191201-20491130,annual,Salisbury,0.10893122828339552
383,384,E14000913,UKCP18 12km,20191201-20491130,annual,Scarborough and Whitby,0.11657854111088964
384,385,E14000914,UKCP18 12km,20191201-20491130,annual,Scunthorpe,-0.08773728634170497
385,386,E14000915,UKCP18 12km,20191201-20491130,annual,Sedgefield,0.14255712835302067
386,387,E14000916,UKCP18 12km,20191201-20491130,annual,Sefton Central,0.1876194249793667
387,388,E14000917,UKCP18 12km,20191201-20491130,annual,Selby and Ainsty,0.23056202520059746
388,389,E14000918,UKCP18 12km,20191201-20491130,annual,Sevenoaks,0.1517039556219228
389,390,E14000919,UKCP18 12km,20191201-20491130,annual,Sheffield Central,0.296622669852266
390,391,E14000920,UKCP18 12km,20191201-20491130,annual,Sheffield South East,0.296622669852266
391,392,E14000921,UKCP18 12km,20191201-20491130,annual,"Sheffield, Brightside and Hillsborough",0.296622669852266
392,393,E14000922,UKCP18 12km,20191201-20491130,annual,"Sheffield, Hallam",0.28726740883459784
393,394,E14000923,UKCP18 12km,20191201-20491130,annual,"Sheffield, Heeley",0.11880747781834744
394,395,E14000924,UKCP18 12km,20191201-20491130,annual,Sherwood,-0.04363994107606032
395,396,E14000925,UKCP18 12km,20191201-20491130,annual,Shipley,0.30653324580494073
396,397,E14000926,UKCP18 12km,20191201-20491130,annual,Shrewsbury and Atcham,0.1593872559961002
397,398,E14000927,UKCP18 12km,20191201-20491130,annual,Sittingbourne and Sheppey,-0.015098630103493882
398,399,E14000928,UKCP18 12km,20191201-20491130,annual,Skipton and Ripon,0.28499783378852456
399,400,E14000929,UKCP18 12km,20191201-20491130,annual,Sleaford and North Hykeham,0.0863846448326074
400,401,E14000930,UKCP18 12km,20191201-20491130,annual,Slough,0.2228147372669668
401,402,E14000931,UKCP18 12km,20191201-20491130,annual,Solihull,-0.08677732068624418
402,403,E14000932,UKCP18 12km,20191201-20491130,annual,Somerton and Frome,0.061592901579655225
403,404,E14000933,UKCP18 12km,20191201-20491130,annual,South Basildon and East Thurrock,0.07219679892788637
404,405,E14000934,UKCP18 12km,20191201-20491130,annual,South Cambridgeshire,0.4254648213723019
405,406,E14000935,UKCP18 12km,20191201-20491130,annual,South Derbyshire,0.09470168506757322
406,407,E14000936,UKCP18 12km,20191201-20491130,annual,South Dorset,0.37922836524473735
407,408,E14000937,UKCP18 12km,20191201-20491130,annual,South East Cambridgeshire,0.4598452957292302
408,409,E14000938,UKCP18 12km,20191201-20491130,annual,South East Cornwall,0.08802866624584381
409,410,E14000939,UKCP18 12km,20191201-20491130,annual,South Holland and The Deepings,0.21673673207017521
410,411,E14000940,UKCP18 12km,20191201-20491130,annual,South Leicestershire,0.011244590305179547
411,412,E14000941,UKCP18 12km,20191201-20491130,annual,South Norfolk,0.31457422905690435
412,413,E14000942,UKCP18 12km,20191201-20491130,annual,South Northamptonshire,0.18097817677920375
413,414,E14000943,UKCP18 12km,20191201-20491130,annual,South Ribble,0.25535722603719924
414,415,E14000944,UKCP18 12km,20191201-20491130,annual,South Shields,0.08742063045529631
415,416,E14000945,UKCP18 12km,20191201-20491130,annual,South Staffordshire,-0.04973734361932436
416,417,E14000946,UKCP18 12km,20191201-20491130,annual,South Suffolk,0.3412278443698569
417,418,E14000947,UKCP18 12km,20191201-20491130,annual,South Swindon,0.1325636962955393
418,419,E14000948,UKCP18 12km,20191201-20491130,annual,South Thanet,0.46902099801022185
419,420,E14000949,UKCP18 12km,20191201-20491130,annual,South West Bedfordshire,0.3606949295912946
420,421,E14000950,UKCP18 12km,20191201-20491130,annual,South West Devon,0.13773535708826398
421,422,E14000951,UKCP18 12km,20191201-20491130,annual,South West Hertfordshire,0.1566428173077358
422,423,E14000952,UKCP18 12km,20191201-20491130,annual,South West Norfolk,0.4085271085808738
423,424,E14000953,UKCP18 12km,20191201-20491130,annual,South West Surrey,0.24263975406375166
424,425,E14000954,UKCP18 12km,20191201-20491130,annual,South West Wiltshire,0.04850474489754445
425,426,E14000955,UKCP18 12km,20191201-20491130,annual,"Southampton, Itchen",0.32662811842609174
426,427,E14000956,UKCP18 12km,20191201-20491130,annual,"Southampton, Test",0.3148252426774461
427,428,E14000957,UKCP18 12km,20191201-20491130,annual,Southend West,0.09837653334364467
428,429,E14000958,UKCP18 12km,20191201-20491130,annual,Southport,0.05295000182994677
429,430,E14000959,UKCP18 12km,20191201-20491130,annual,Spelthorne,0.24685603565277817
430,431,E14000960,UKCP18 12km,20191201-20491130,annual,St Albans,0.24237067242928623
431,432,E14000961,UKCP18 12km,20191201-20491130,annual,St Austell and Newquay,0.1631670143514908
432,433,E14000962,UKCP18 12km,20191201-20491130,annual,St Helens North,0.16100006305614042
433,434,E14000963,UKCP18 12km,20191201-20491130,annual,St Helens South and Whiston,0.16290862482531035
434,435,E14000964,UKCP18 12km,20191201-20491130,annual,St Ives,0.16552067272464535
435,436,E14000965,UKCP18 12km,20191201-20491130,annual,Stafford,0.10537554769324162
436,437,E14000966,UKCP18 12km,20191201-20491130,annual,Staffordshire Moorlands,0.20491024890248705
437,438,E14000967,UKCP18 12km,20191201-20491130,annual,Stalybridge and Hyde,0.28540548998587406
438,439,E14000968,UKCP18 12km,20191201-20491130,annual,Stevenage,0.31285253787505535
439,440,E14000969,UKCP18 12km,20191201-20491130,annual,Stockport,0.2592849620496647
440,441,E14000970,UKCP18 12km,20191201-20491130,annual,Stockton North,0.2321003888066385
441,442,E14000971,UKCP18 12km,20191201-20491130,annual,Stockton South,0.07929563977095862
442,443,E14000972,UKCP18 12km,20191201-20491130,annual,Stoke-on-Trent Central,0.16912790492717092
443,444,E14000973,UKCP18 12km,20191201-20491130,annual,Stoke-on-Trent North,0.1802402061785396
444,445,E14000974,UKCP18 12km,20191201-20491130,annual,Stoke-on-Trent South,0.16912790492717092
445,446,E14000975,UKCP18 12km,20191201-20491130,annual,Stone,0.12170257781906832
446,447,E14000976,UKCP18 12km,20191201-20491130,annual,Stourbridge,-0.02877857548366373
447,448,E14000977,UKCP18 12km,20191201-20491130,annual,Stratford-on-Avon,-0.03863494635875002
448,449,E14000978,UKCP18 12km,20191201-20491130,annual,Streatham,0.096349156918153
449,450,E14000979,UKCP18 12km,20191201-20491130,annual,Stretford and Urmston,0.3449138891969943
450,451,E14000980,UKCP18 12km,20191201-20491130,annual,Stroud,0.0867986195096179
451,452,E14000981,UKCP18 12km,20191201-20491130,annual,Suffolk Coastal,0.212829237517357
452,453,E14000982,UKCP18 12km,20191201-20491130,annual,Sunderland Central,0.08742063045529631
453,454,E14000983,UKCP18 12km,20191201-20491130,annual,Surrey Heath,0.289000385384295
454,455,E14000984,UKCP18 12km,20191201-20491130,annual,Sutton and Cheam,0.2255068119601095
455,456,E14000985,UKCP18 12km,20191201-20491130,annual,Sutton Coldfield,-0.04490005960130916
456,457,E14000986,UKCP18 12km,20191201-20491130,annual,Tamworth,0.07657750642735957
457,458,E14000987,UKCP18 12km,20191201-20491130,annual,Tatton,0.39975401237035
458,459,E14000988,UKCP18 12km,20191201-20491130,annual,Taunton Deane,-0.05823788802521513
459,460,E14000989,UKCP18 12km,20191201-20491130,annual,Telford,0.09664411056881887
460,461,E14000990,UKCP18 12km,20191201-20491130,annual,Tewkesbury,-0.06356876144724415
461,462,E14000991,UKCP18 12km,20191201-20491130,annual,The Cotswolds,0.12372540682846604
462,463,E14000992,UKCP18 12km,20191201-20491130,annual,The Wrekin,0.07637889777317385
463,464,E14000993,UKCP18 12km,20191201-20491130,annual,Thirsk and Malton,0.082971678589037
464,465,E14000994,UKCP18 12km,20191201-20491130,annual,Thornbury and Yate,0.17432458656790994
465,466,E14000995,UKCP18 12km,20191201-20491130,annual,Thurrock,0.10215913031043988
466,467,E14000996,UKCP18 12km,20191201-20491130,annual,Tiverton and Honiton,0.03721888944903949
467,468,E14000997,UKCP18 12km,20191201-20491130,annual,Tonbridge and Malling,0.15973257296836976
468,469,E14000998,UKCP18 12km,20191201-20491130,annual,Tooting,0.2292291870708639
469,470,E14000999,UKCP18 12km,20191201-20491130,annual,Torbay,0.013463670844217587
470,471,E14001000,UKCP18 12km,20191201-20491130,annual,Torridge and West Devon,0.2344002624968148
471,472,E14001001,UKCP18 12km,20191201-20491130,annual,Totnes,0.10341673914542564
472,473,E14001002,UKCP18 12km,20191201-20491130,annual,Tottenham,0.09579081707798753
473,474,E14001003,UKCP18 12km,20191201-20491130,annual,Truro and Falmouth,0.2026171612967377
474,475,E14001004,UKCP18 12km,20191201-20491130,annual,Tunbridge Wells,0.2903124607908193
475,476,E14001005,UKCP18 12km,20191201-20491130,annual,Twickenham,0.24685603565277817
476,477,E14001006,UKCP18 12km,20191201-20491130,annual,Tynemouth,0.13054043713056407
477,478,E14001007,UKCP18 12km,20191201-20491130,annual,Uxbridge and South Ruislip,0.308763982140263
478,479,E14001008,UKCP18 12km,20191201-20491130,annual,Vauxhall,0.096349156918153
479,480,E14001009,UKCP18 12km,20191201-20491130,annual,Wakefield,0.2732527563077587
480,481,E14001010,UKCP18 12km,20191201-20491130,annual,Wallasey,0.2499232500811798
481,482,E14001011,UKCP18 12km,20191201-20491130,annual,Walsall North,0.08507160580507274
482,483,E14001012,UKCP18 12km,20191201-20491130,annual,Walsall South,0.0017100680314145282
483,484,E14001013,UKCP18 12km,20191201-20491130,annual,Walthamstow,0.09579081707798753
484,485,E14001014,UKCP18 12km,20191201-20491130,annual,Wansbeck,0.18899909129355205
485,486,E14001015,UKCP18 12km,20191201-20491130,annual,Wantage,0.22439850728351834
486,487,E14001016,UKCP18 12km,20191201-20491130,annual,Warley,-0.05776591668274348
487,488,E14001017,UKCP18 12km,20191201-20491130,annual,Warrington North,0.24008172927356308
488,489,E14001018,UKCP18 12km,20191201-20491130,annual,Warrington South,0.24008172927356308
489,490,E14001019,UKCP18 12km,20191201-20491130,annual,Warwick and Leamington,-0.060260771640395706
490,491,E14001020,UKCP18 12km,20191201-20491130,annual,Washington and Sunderland West,0.08742063045529631
491,492,E14001021,UKCP18 12km,20191201-20491130,annual,Watford,0.23142899810378337
492,493,E14001022,UKCP18 12km,20191201-20491130,annual,Waveney,0.16943049383606218
493,494,E14001023,UKCP18 12km,20191201-20491130,annual,Wealden,0.2825486933676465
494,495,E14001024,UKCP18 12km,20191201-20491130,annual,Weaver Vale,0.2563296426652278
495,496,E14001025,UKCP18 12km,20191201-20491130,annual,Wellingborough,0.22366578707188087
496,497,E14001026,UKCP18 12km,20191201-20491130,annual,Wells,0.2530099138128468
497,498,E14001027,UKCP18 12km,20191201-20491130,annual,Welwyn Hatfield,0.2927886681905256
498,499,E14001028,UKCP18 12km,20191201-20491130,annual,Wentworth and Dearne,0.34764675016191976
499,500,E14001029,UKCP18 12km,20191201-20491130,annual,West Bromwich East,0.0017100680314145282
500,501,E14001030,UKCP18 12km,20191201-20491130,annual,West Bromwich West,0.0017100680314145282
501,502,E14001031,UKCP18 12km,20191201-20491130,annual,West Dorset,0.2194875373050732
502,503,E14001032,UKCP18 12km,20191201-20491130,annual,West Ham,0.09579081707798753
503,504,E14001033,UKCP18 12km,20191201-20491130,annual,West Lancashire,0.21956822564594577
504,505,E14001034,UKCP18 12km,20191201-20491130,annual,West Suffolk,0.45482267452011627
505,506,E14001035,UKCP18 12km,20191201-20491130,annual,West Worcestershire,-0.03928064622266757
506,507,E14001036,UKCP18 12km,20191201-20491130,annual,Westminster North,0.2732579351555255
507,508,E14001037,UKCP18 12km,20191201-20491130,annual,Westmorland and Lonsdale,0.28925601939985146
508,509,E14001038,UKCP18 12km,20191201-20491130,annual,Weston-Super-Mare,0.2101351453543272
509,510,E14001039,UKCP18 12km,20191201-20491130,annual,Wigan,0.16100006305614042
510,511,E14001040,UKCP18 12km,20191201-20491130,annual,Wimbledon,0.2292291870708639
511,512,E14001041,UKCP18 12km,20191201-20491130,annual,Winchester,0.21119105604906446
512,513,E14001042,UKCP18 12km,20191201-20491130,annual,Windsor,0.05721557934109889
513,514,E14001043,UKCP18 12km,20191201-20491130,annual,Wirral South,0.2066611782454877
514,515,E14001044,UKCP18 12km,20191201-20491130,annual,Wirral West,0.2499232500811798
515,516,E14001045,UKCP18 12km,20191201-20491130,annual,Witham,0.25475287420275716
516,517,E14001046,UKCP18 12km,20191201-20491130,annual,Witney,0.05504896889988521
517,518,E14001047,UKCP18 12km,20191201-20491130,annual,Woking,0.289000385384295
518,519,E14001048,UKCP18 12km,20191201-20491130,annual,Wokingham,0.02463691170016206
519,520,E14001049,UKCP18 12km,20191201-20491130,annual,Wolverhampton North East,0.0033162627000972535
520,521,E14001050,UKCP18 12km,20191201-20491130,annual,Wolverhampton South East,-0.10279094993874598
521,522,E14001051,UKCP18 12km,20191201-20491130,annual,Wolverhampton South West,-0.10279094993874598
522,523,E14001052,UKCP18 12km,20191201-20491130,annual,Worcester,0.12324853766313033
523,524,E14001053,UKCP18 12km,20191201-20491130,annual,Workington,0.22048887978780154
524,525,E14001054,UKCP18 12km,20191201-20491130,annual,Worsley and Eccles South,0.26448305731768773
525,526,E14001055,UKCP18 12km,20191201-20491130,annual,Worthing West,0.3448191993329712
526,527,E14001056,UKCP18 12km,20191201-20491130,annual,Wycombe,0.20956133789981904
527,528,E14001057,UKCP18 12km,20191201-20491130,annual,Wyre and Preston North,0.3057835083210314
528,529,E14001058,UKCP18 12km,20191201-20491130,annual,Wyre Forest,-0.01204784780085285
529,530,E14001059,UKCP18 12km,20191201-20491130,annual,Wythenshawe and Sale East,0.3449138891969943
530,531,E14001060,UKCP18 12km,20191201-20491130,annual,Yeovil,0.1534569972295897
531,532,E14001061,UKCP18 12km,20191201-20491130,annual,York Central,0.13496321988225
532,533,E14001062,UKCP18 12km,20191201-20491130,annual,York Outer,0.18258181202534415
533,534,N06000001,UKCP18 12km,20191201-20491130,annual,Belfast East,0.30366296401782994
534,535,N06000002,UKCP18 12km,20191201-20491130,annual,Belfast North,0.30366296401782994
535,536,N06000003,UKCP18 12km,20191201-20491130,annual,Belfast South,0.28396730663406666
536,537,N06000004,UKCP18 12km,20191201-20491130,annual,Belfast West,0.22380430805565724
537,538,N06000005,UKCP18 12km,20191201-20491130,annual,East Antrim,0.3002182612886353
538,539,N06000006,UKCP18 12km,20191201-20491130,annual,East Londonderry,0.2697098398512108
539,540,N06000007,UKCP18 12km,20191201-20491130,annual,Fermanagh and South Tyrone,0.2804436457145369
540,541,N06000008,UKCP18 12km,20191201-20491130,annual,Foyle,0.2992097026071607
541,542,N06000009,UKCP18 12km,20191201-20491130,annual,Lagan Valley,0.21579315158450002
542,543,N06000010,UKCP18 12km,20191201-20491130,annual,Mid Ulster,0.3273110727954214
543,544,N06000011,UKCP18 12km,20191201-20491130,annual,Newry and Armagh,0.2185560315892386
544,545,N06000012,UKCP18 12km,20191201-20491130,annual,North Antrim,0.28492210578227195
545,546,N06000013,UKCP18 12km,20191201-20491130,annual,North Down,0.30489797860469486
546,547,N06000014,UKCP18 12km,20191201-20491130,annual,South Antrim,0.1942060122102185
547,548,N06000015,UKCP18 12km,20191201-20491130,annual,South Down,0.2708460368545856
548,549,N06000016,UKCP18 12km,20191201-20491130,annual,Strangford,0.26943275602566846
549,550,N06000017,UKCP18 12km,20191201-20491130,annual,Upper Bann,0.2334770831596935
550,551,N06000018,UKCP18 12km,20191201-20491130,annual,West Tyrone,0.203452288181088
551,552,S14000001,UKCP18 12km,20191201-20491130,annual,Aberdeen North,0.23007582639244947
552,553,S14000002,UKCP18 12km,20191201-20491130,annual,Aberdeen South,0.27953708375231673
553,554,S14000003,UKCP18 12km,20191201-20491130,annual,Airdrie and Shotts,0.24733151363894418
554,555,S14000004,UKCP18 12km,20191201-20491130,annual,Angus,0.1542521706471854
555,556,S14000005,UKCP18 12km,20191201-20491130,annual,Argyll and Bute,0.2035307716603962
556,557,S14000006,UKCP18 12km,20191201-20491130,annual,"Ayr, Carrick and Cumnock",0.13600843499310297
557,558,S14000007,UKCP18 12km,20191201-20491130,annual,Banff and Buchan,0.18142714297467105
558,559,S14000008,UKCP18 12km,20191201-20491130,annual,"Berwickshire, Roxburgh and Selkirk",0.24211818771819577
559,560,S14000009,UKCP18 12km,20191201-20491130,annual,"Caithness, Sutherland and Easter Ross",0.15783072094663086
560,561,S14000010,UKCP18 12km,20191201-20491130,annual,Central Ayrshire,0.17605159686897184
561,562,S14000011,UKCP18 12km,20191201-20491130,annual,"Coatbridge, Chryston and Bellshill",0.3562232884126521
562,563,S14000012,UKCP18 12km,20191201-20491130,annual,"Cumbernauld, Kilsyth and Kirkintilloch East",0.1158665974282191
563,564,S14000013,UKCP18 12km,20191201-20491130,annual,Dumfries and Galloway,0.2542118012128069
564,565,S14000014,UKCP18 12km,20191201-20491130,annual,"Dumfriesshire, Clydesdale and Tweeddale",0.2902710872648926
565,566,S14000015,UKCP18 12km,20191201-20491130,annual,Dundee East,0.1124644005169757
566,567,S14000016,UKCP18 12km,20191201-20491130,annual,Dundee West,0.07842361847692565
567,568,S14000017,UKCP18 12km,20191201-20491130,annual,Dunfermline and West Fife,0.09136196330200416
568,569,S14000018,UKCP18 12km,20191201-20491130,annual,East Dunbartonshire,0.07792034720270702
569,570,S14000019,UKCP18 12km,20191201-20491130,annual,"East Kilbride, Strathaven and Lesmahagow",0.22885158885030568
570,571,S14000020,UKCP18 12km,20191201-20491130,annual,East Lothian,0.16380435677477612
571,572,S14000021,UKCP18 12km,20191201-20491130,annual,East Renfrewshire,0.2809720161189641
572,573,S14000022,UKCP18 12km,20191201-20491130,annual,Edinburgh East,0.27136952352565613
573,574,S14000023,UKCP18 12km,20191201-20491130,annual,Edinburgh North and Leith,0.2597258528146141
574,575,S14000024,UKCP18 12km,20191201-20491130,annual,Edinburgh South,0.27136952352565613
575,576,S14000025,UKCP18 12km,20191201-20491130,annual,Edinburgh South West,0.289465964846775
576,577,S14000026,UKCP18 12km,20191201-20491130,annual,Edinburgh West,0.2597258528146141
577,578,S14000027,UKCP18 12km,20191201-20491130,annual,Na h-Eileanan an Iar,0.2135104930247853
578,579,S14000028,UKCP18 12km,20191201-20491130,annual,Falkirk,0.19311489613109561
579,580,S14000029,UKCP18 12km,20191201-20491130,annual,Glasgow Central,0.3511923693597721
580,581,S14000030,UKCP18 12km,20191201-20491130,annual,Glasgow East,0.3562232884126521
581,582,S14000031,UKCP18 12km,20191201-20491130,annual,Glasgow North,0.3511923693597721
582,583,S14000032,UKCP18 12km,20191201-20491130,annual,Glasgow North East,0.3511923693597721
583,584,S14000033,UKCP18 12km,20191201-20491130,annual,Glasgow North West,0.3511923693597721
584,585,S14000034,UKCP18 12km,20191201-20491130,annual,Glasgow South,0.3511923693597721
585,586,S14000035,UKCP18 12km,20191201-20491130,annual,Glasgow South West,0.3511923693597721
586,587,S14000036,UKCP18 12km,20191201-20491130,annual,Glenrothes,0.13080780745246479
587,588,S14000037,UKCP18 12km,20191201-20491130,annual,Gordon,0.15889955841912304
588,589,S14000038,UKCP18 12km,20191201-20491130,annual,Inverclyde,0.24626325059204945
589,590,S14000039,UKCP18 12km,20191201-20491130,annual,"Inverness, Nairn, Badenoch and Strathspey",0.20296055201477212
590,591,S14000040,UKCP18 12km,20191201-20491130,annual,Kilmarnock and Loudoun,0.14595314322678493
591,592,S14000041,UKCP18 12km,20191201-20491130,annual,Kirkcaldy and Cowdenbeath,0.18439135317036923
592,593,S14000042,UKCP18 12km,20191201-20491130,annual,Lanark and Hamilton East,0.1944679379035541
593,594,S14000043,UKCP18 12km,20191201-20491130,annual,Linlithgow and East Falkirk,0.21123339273993072
594,595,S14000044,UKCP18 12km,20191201-20491130,annual,Livingston,0.1675353100974307
595,596,S14000045,UKCP18 12km,20191201-20491130,annual,Midlothian,0.29672653492574264
596,597,S14000046,UKCP18 12km,20191201-20491130,annual,Moray,0.15952965600211555
597,598,S14000047,UKCP18 12km,20191201-20491130,annual,Motherwell and Wishaw,0.24055116828101056
598,599,S14000048,UKCP18 12km,20191201-20491130,annual,North Ayrshire and Arran,0.20535353977091403
599,600,S14000049,UKCP18 12km,20191201-20491130,annual,North East Fife,0.1449464800652575
600,601,S14000050,UKCP18 12km,20191201-20491130,annual,Ochil and South Perthshire,0.11268645337766725
601,602,S14000051,UKCP18 12km,20191201-20491130,annual,Orkney and Shetland,0.010162475439354038
602,603,S14000052,UKCP18 12km,20191201-20491130,annual,Paisley and Renfrewshire North,0.26928629976807045
603,604,S14000053,UKCP18 12km,20191201-20491130,annual,Paisley and Renfrewshire South,0.24626325059204945
604,605,S14000054,UKCP18 12km,20191201-20491130,annual,Perth and North Perthshire,0.15164573316438631
605,606,S14000055,UKCP18 12km,20191201-20491130,annual,"Ross, Skye and Lochaber",0.19431903600729394
606,607,S14000056,UKCP18 12km,20191201-20491130,annual,Rutherglen and Hamilton West,0.2554602670985761
607,608,S14000057,UKCP18 12km,20191201-20491130,annual,Stirling,0.15456622965188802
608,609,S14000058,UKCP18 12km,20191201-20491130,annual,West Aberdeenshire and Kincardine,0.18705072844778886
609,610,S14000059,UKCP18 12km,20191201-20491130,annual,West Dunbartonshire,0.1225125582961688
610,611,W07000041,UKCP18 12km,20191201-20491130,annual,Ynys Mon,0.34251718718952434
611,612,W07000042,UKCP18 12km,20191201-20491130,annual,Delyn,0.23407127248302395
612,613,W07000043,UKCP18 12km,20191201-20491130,annual,Alyn and Deeside,0.2650284229253363
613,614,W07000044,UKCP18 12km,20191201-20491130,annual,Wrexham,0.17512776264201194
614,615,W07000045,UKCP18 12km,20191201-20491130,annual,Llanelli,0.3928319974698356
615,616,W07000046,UKCP18 12km,20191201-20491130,annual,Gower,0.38755532479160487
616,617,W07000047,UKCP18 12km,20191201-20491130,annual,Swansea West,0.38755532479160487
617,618,W07000048,UKCP18 12km,20191201-20491130,annual,Swansea East,0.4323285059724531
618,619,W07000049,UKCP18 12km,20191201-20491130,annual,Aberavon,0.3860918790283176
619,620,W07000050,UKCP18 12km,20191201-20491130,annual,Cardiff Central,0.4235114785841554
620,621,W07000051,UKCP18 12km,20191201-20491130,annual,Cardiff North,0.22063030409785744
621,622,W07000052,UKCP18 12km,20191201-20491130,annual,Rhondda,0.5063530204581123
622,623,W07000053,UKCP18 12km,20191201-20491130,annual,Torfaen,0.170339049173131
623,624,W07000054,UKCP18 12km,20191201-20491130,annual,Monmouth,0.07553481657897676
624,625,W07000055,UKCP18 12km,20191201-20491130,annual,Newport East,0.26459805169129663
625,626,W07000056,UKCP18 12km,20191201-20491130,annual,Newport West,0.26459805169129663
626,627,W07000057,UKCP18 12km,20191201-20491130,annual,Arfon,0.40116982476834173
627,628,W07000058,UKCP18 12km,20191201-20491130,annual,Aberconwy,0.3472067114155875
628,629,W07000059,UKCP18 12km,20191201-20491130,annual,Clwyd West,0.29892773804066525
629,630,W07000060,UKCP18 12km,20191201-20491130,annual,Vale of Clwyd,0.23913874434611368
630,631,W07000061,UKCP18 12km,20191201-20491130,annual,Dwyfor Meirionnydd,0.3894847796802134
631,632,W07000062,UKCP18 12km,20191201-20491130,annual,Clwyd South,0.19511198116352385
632,633,W07000063,UKCP18 12km,20191201-20491130,annual,Montgomeryshire,0.29172713764728786
633,634,W07000064,UKCP18 12km,20191201-20491130,annual,Ceredigion,0.37774491816486433
634,635,W07000065,UKCP18 12km,20191201-20491130,annual,Preseli Pembrokeshire,0.256051209560201
635,636,W07000066,UKCP18 12km,20191201-20491130,annual,Carmarthen West and South Pembrokeshire,0.2723298337334762
636,637,W07000067,UKCP18 12km,20191201-20491130,annual,Carmarthen East and Dinefwr,0.3822073923741099
637,638,W07000068,UKCP18 12km,20191201-20491130,annual,Brecon and Radnorshire,0.24636590128333452
638,639,W07000069,UKCP18 12km,20191201-20491130,annual,Neath,0.48218548700156977
639,640,W07000070,UKCP18 12km,20191201-20491130,annual,Cynon Valley,0.4150840218798677
640,641,W07000071,UKCP18 12km,20191201-20491130,annual,Merthyr Tydfil and Rhymney,0.2839157663215081
641,642,W07000072,UKCP18 12km,20191201-20491130,annual,Blaenau Gwent,0.16483721510358276
642,643,W07000073,UKCP18 12km,20191201-20491130,annual,Bridgend,0.3860918790283176
643,644,W07000074,UKCP18 12km,20191201-20491130,annual,Ogmore,0.46073688425562076
644,645,W07000075,UKCP18 12km,20191201-20491130,annual,Pontypridd,0.33320303229180886
645,646,W07000076,UKCP18 12km,20191201-20491130,annual,Caerphilly,0.22063030409785744
646,647,W07000077,UKCP18 12km,20191201-20491130,annual,Islwyn,0.22337580435266102
647,648,W07000078,UKCP18 12km,20191201-20491130,annual,Vale of Glamorgan,0.41202742335174924
648,649,W07000079,UKCP18 12km,20191201-20491130,annual,Cardiff West,0.4235114785841554
649,650,W07000080,UKCP18 12km,20191201-20491130,annual,Cardiff South and Penarth,0.4235114785841554
