,region,constituency,ensemble,period,season,name,r99ptot_2060s
0,1,E14000530,UKCP18 12km,20491201-20791130,annual,Aldershot,0.4868330475918345
1,2,E14000531,UKCP18 12km,20491201-20791130,annual,Aldridge-Brownhills,0.315420787343445
2,3,E14000532,UKCP18 12km,20491201-20791130,annual,Altrincham and Sale West,0.5355427962629545
3,4,E14000533,UKCP18 12km,20491201-20791130,annual,Amber Valley,0.19060706799217816
4,5,E14000534,UKCP18 12km,20491201-20791130,annual,Arundel and South Downs,0.5420010084248841
5,6,E14000535,UKCP18 12km,20491201-20791130,annual,Ashfield,0.10144003188266056
6,7,E14000536,UKCP18 12km,20491201-20791130,annual,Ashford,0.6197089730056157
7,8,E14000537,UKCP18 12km,20491201-20791130,annual,Ashton-under-Lyne,0.3663113137900016
8,9,E14000538,UKCP18 12km,20491201-20791130,annual,Aylesbury,0.2995001547219641
9,10,E14000539,UKCP18 12km,20491201-20791130,annual,Banbury,0.23772167969358665
10,11,E14000540,UKCP18 12km,20491201-20791130,annual,Barking,0.5479937280491631
11,12,E14000541,UKCP18 12km,20491201-20791130,annual,Barnsley Central,0.4056650979809395
12,13,E14000542,UKCP18 12km,20491201-20791130,annual,Barnsley East,0.34413086023564476
13,14,E14000543,UKCP18 12km,20491201-20791130,annual,Barrow and Furness,0.6988228085966665
14,15,E14000544,UKCP18 12km,20491201-20791130,annual,Basildon and Billericay,0.4630109503112984
15,16,E14000545,UKCP18 12km,20491201-20791130,annual,Basingstoke,0.49240517922584853
16,17,E14000546,UKCP18 12km,20491201-20791130,annual,Bassetlaw,0.19027782042896338
17,18,E14000547,UKCP18 12km,20491201-20791130,annual,Bath,0.5800306005670169
18,19,E14000548,UKCP18 12km,20491201-20791130,annual,Batley and Spen,0.2435167370074248
19,20,E14000549,UKCP18 12km,20491201-20791130,annual,Battersea,0.7232802898427103
20,21,E14000550,UKCP18 12km,20491201-20791130,annual,Beaconsfield,0.42428369954214784
21,22,E14000551,UKCP18 12km,20491201-20791130,annual,Beckenham,0.7020678410571243
22,23,E14000552,UKCP18 12km,20491201-20791130,annual,Bedford,0.5561889777016271
23,24,E14000553,UKCP18 12km,20491201-20791130,annual,Bermondsey and Old Southwark,0.6548433119432447
24,25,E14000554,UKCP18 12km,20491201-20791130,annual,Berwick-upon-Tweed,0.15844597151663725
25,26,E14000555,UKCP18 12km,20491201-20791130,annual,Bethnal Green and Bow,0.5440695514854511
26,27,E14000556,UKCP18 12km,20491201-20791130,annual,Beverley and Holderness,0.03573705117231018
27,28,E14000557,UKCP18 12km,20491201-20791130,annual,Bexhill and Battle,0.5709893121005065
28,29,E14000558,UKCP18 12km,20491201-20791130,annual,Bexleyheath and Crayford,0.6512908643720571
29,30,E14000559,UKCP18 12km,20491201-20791130,annual,Birkenhead,0.3787203627833398
30,31,E14000560,UKCP18 12km,20491201-20791130,annual,"Birmingham, Edgbaston",0.3656069558570527
31,32,E14000561,UKCP18 12km,20491201-20791130,annual,"Birmingham, Erdington",0.36216684337994437
32,33,E14000562,UKCP18 12km,20491201-20791130,annual,"Birmingham, Hall Green",0.36176428947996925
33,34,E14000563,UKCP18 12km,20491201-20791130,annual,"Birmingham, Hodge Hill",0.36176428947996925
34,35,E14000564,UKCP18 12km,20491201-20791130,annual,"Birmingham, Ladywood",0.3656069558570527
35,36,E14000565,UKCP18 12km,20491201-20791130,annual,"Birmingham, Northfield",0.3656069558570527
36,37,E14000566,UKCP18 12km,20491201-20791130,annual,"Birmingham, Perry Barr",0.2784605602884513
37,38,E14000567,UKCP18 12km,20491201-20791130,annual,"Birmingham, Selly Oak",0.3656069558570527
38,39,E14000568,UKCP18 12km,20491201-20791130,annual,"Birmingham, Yardley",0.36176428947996925
39,40,E14000569,UKCP18 12km,20491201-20791130,annual,Bishop Auckland,0.20118848096068426
40,41,E14000570,UKCP18 12km,20491201-20791130,annual,Blackburn,0.4701556305886126
41,42,E14000571,UKCP18 12km,20491201-20791130,annual,Blackley and Broughton,0.3663113137900016
42,43,E14000572,UKCP18 12km,20491201-20791130,annual,Blackpool North and Cleveleys,0.7309221417710949
43,44,E14000573,UKCP18 12km,20491201-20791130,annual,Blackpool South,0.7309221417710949
44,45,E14000574,UKCP18 12km,20491201-20791130,annual,Blaydon,0.06477315338761298
45,46,E14000575,UKCP18 12km,20491201-20791130,annual,Blyth Valley,0.1720723159219447
46,47,E14000576,UKCP18 12km,20491201-20791130,annual,Bognor Regis and Littlehampton,0.7774939711089118
47,48,E14000577,UKCP18 12km,20491201-20791130,annual,Bolsover,0.1901168841792787
48,49,E14000578,UKCP18 12km,20491201-20791130,annual,Bolton North East,0.41453584209182276
49,50,E14000579,UKCP18 12km,20491201-20791130,annual,Bolton South East,0.45243409150341485
50,51,E14000580,UKCP18 12km,20491201-20791130,annual,Bolton West,0.480723090698266
51,52,E14000581,UKCP18 12km,20491201-20791130,annual,Bootle,0.3147926555210819
52,53,E14000582,UKCP18 12km,20491201-20791130,annual,Boston and Skegness,0.33293337384619226
53,54,E14000583,UKCP18 12km,20491201-20791130,annual,Bosworth,0.29492108415907925
54,55,E14000584,UKCP18 12km,20491201-20791130,annual,Bournemouth East,0.4614077435243542
55,56,E14000585,UKCP18 12km,20491201-20791130,annual,Bournemouth West,0.5255764823508277
56,57,E14000586,UKCP18 12km,20491201-20791130,annual,Bracknell,0.5039005534212609
57,58,E14000587,UKCP18 12km,20491201-20791130,annual,Bradford East,0.1850654597680718
58,59,E14000588,UKCP18 12km,20491201-20791130,annual,Bradford South,0.21370492617912942
59,60,E14000589,UKCP18 12km,20491201-20791130,annual,Bradford West,0.1850654597680718
60,61,E14000590,UKCP18 12km,20491201-20791130,annual,Braintree,0.5864660530637126
61,62,E14000591,UKCP18 12km,20491201-20791130,annual,Brent Central,0.6121352518367656
62,63,E14000592,UKCP18 12km,20491201-20791130,annual,Brent North,0.6121352518367656
63,64,E14000593,UKCP18 12km,20491201-20791130,annual,Brentford and Isleworth,0.7232802898427103
64,65,E14000594,UKCP18 12km,20491201-20791130,annual,Brentwood and Ongar,0.46168076963392624
65,66,E14000595,UKCP18 12km,20491201-20791130,annual,Bridgwater and West Somerset,0.43516545217598557
66,67,E14000596,UKCP18 12km,20491201-20791130,annual,Brigg and Goole,0.2932442085764778
67,68,E14000597,UKCP18 12km,20491201-20791130,annual,"Brighton, Kemptown",0.7216808394830827
68,69,E14000598,UKCP18 12km,20491201-20791130,annual,"Brighton, Pavilion",0.6747111829461829
69,70,E14000599,UKCP18 12km,20491201-20791130,annual,Bristol East,0.4656057043035113
70,71,E14000600,UKCP18 12km,20491201-20791130,annual,Bristol North West,0.5176430373015223
71,72,E14000601,UKCP18 12km,20491201-20791130,annual,Bristol South,0.5176430373015223
72,73,E14000602,UKCP18 12km,20491201-20791130,annual,Bristol West,0.5176430373015223
73,74,E14000603,UKCP18 12km,20491201-20791130,annual,Broadland,0.4035770596430767
74,75,E14000604,UKCP18 12km,20491201-20791130,annual,Bromley and Chislehurst,0.6512908643720571
75,76,E14000605,UKCP18 12km,20491201-20791130,annual,Bromsgrove,0.4789954860255436
76,77,E14000606,UKCP18 12km,20491201-20791130,annual,Broxbourne,0.4534219124620748
77,78,E14000607,UKCP18 12km,20491201-20791130,annual,Broxtowe,0.08175836916715433
78,79,E14000608,UKCP18 12km,20491201-20791130,annual,Buckingham,0.3020155764746716
79,80,E14000609,UKCP18 12km,20491201-20791130,annual,Burnley,0.32751286966362647
80,81,E14000610,UKCP18 12km,20491201-20791130,annual,Burton,0.17639914154539027
81,82,E14000611,UKCP18 12km,20491201-20791130,annual,Bury North,0.41453584209182276
82,83,E14000612,UKCP18 12km,20491201-20791130,annual,Bury South,0.45243409150341485
83,84,E14000613,UKCP18 12km,20491201-20791130,annual,Bury St Edmunds,0.48069992136836776
84,85,E14000614,UKCP18 12km,20491201-20791130,annual,Calder Valley,0.2866672160586396
85,86,E14000615,UKCP18 12km,20491201-20791130,annual,Camberwell and Peckham,0.6548433119432447
86,87,E14000616,UKCP18 12km,20491201-20791130,annual,Camborne and Redruth,0.4372788099217889
87,88,E14000617,UKCP18 12km,20491201-20791130,annual,Cambridge,0.5892936938835517
88,89,E14000618,UKCP18 12km,20491201-20791130,annual,Cannock Chase,0.3121580948942089
89,90,E14000619,UKCP18 12km,20491201-20791130,annual,Canterbury,0.546065435553079
90,91,E14000620,UKCP18 12km,20491201-20791130,annual,Carlisle,0.8887275921245861
91,92,E14000621,UKCP18 12km,20491201-20791130,annual,Carshalton and Wallington,0.7020678410571243
92,93,E14000622,UKCP18 12km,20491201-20791130,annual,Castle Point,0.6598796363885243
93,94,E14000623,UKCP18 12km,20491201-20791130,annual,Central Devon,0.2597804161037017
94,95,E14000624,UKCP18 12km,20491201-20791130,annual,Central Suffolk and North Ipswich,0.5021485742338172
95,96,E14000625,UKCP18 12km,20491201-20791130,annual,Charnwood,0.38313527817651827
96,97,E14000626,UKCP18 12km,20491201-20791130,annual,Chatham and Aylesford,0.506999626200716
97,98,E14000627,UKCP18 12km,20491201-20791130,annual,Cheadle,0.41706855317594055
98,99,E14000628,UKCP18 12km,20491201-20791130,annual,Chelmsford,0.45635653698936
99,100,E14000629,UKCP18 12km,20491201-20791130,annual,Chelsea and Fulham,0.7232802898427103
100,101,E14000630,UKCP18 12km,20491201-20791130,annual,Cheltenham,0.21032966462414082
101,102,E14000631,UKCP18 12km,20491201-20791130,annual,Chesham and Amersham,0.22271596080149955
102,103,E14000632,UKCP18 12km,20491201-20791130,annual,Chesterfield,0.2836420525617367
103,104,E14000633,UKCP18 12km,20491201-20791130,annual,Chichester,0.6177559439814351
104,105,E14000634,UKCP18 12km,20491201-20791130,annual,Chingford and Woodford Green,0.4887957756825521
105,106,E14000635,UKCP18 12km,20491201-20791130,annual,Chippenham,0.628816916044841
106,107,E14000636,UKCP18 12km,20491201-20791130,annual,Chipping Barnet,0.47851554978925576
107,108,E14000637,UKCP18 12km,20491201-20791130,annual,Chorley,0.4997531088405592
108,109,E14000638,UKCP18 12km,20491201-20791130,annual,Christchurch,0.4614077435243542
109,110,E14000639,UKCP18 12km,20491201-20791130,annual,Cities of London and Westminster,0.5440695514854511
110,111,E14000640,UKCP18 12km,20491201-20791130,annual,City of Chester,0.41468284720322757
111,112,E14000641,UKCP18 12km,20491201-20791130,annual,City of Durham,-0.030024493169130768
112,113,E14000642,UKCP18 12km,20491201-20791130,annual,Clacton,0.4409020068421284
113,114,E14000643,UKCP18 12km,20491201-20791130,annual,Cleethorpes,0.1587095703215372
114,115,E14000644,UKCP18 12km,20491201-20791130,annual,Colchester,0.6236536642512948
115,116,E14000645,UKCP18 12km,20491201-20791130,annual,Colne Valley,0.268627203380507
116,117,E14000646,UKCP18 12km,20491201-20791130,annual,Congleton,0.5356974088209694
117,118,E14000647,UKCP18 12km,20491201-20791130,annual,Copeland,0.5946479611747225
118,119,E14000648,UKCP18 12km,20491201-20791130,annual,Corby,0.37460886876669175
119,120,E14000649,UKCP18 12km,20491201-20791130,annual,Coventry North East,0.3670220492595646
120,121,E14000650,UKCP18 12km,20491201-20791130,annual,Coventry North West,0.3646562163744295
121,122,E14000651,UKCP18 12km,20491201-20791130,annual,Coventry South,0.3670220492595646
122,123,E14000652,UKCP18 12km,20491201-20791130,annual,Crawley,0.4715515630840386
123,124,E14000653,UKCP18 12km,20491201-20791130,annual,Crewe and Nantwich,0.35139785180903654
124,125,E14000654,UKCP18 12km,20491201-20791130,annual,Croydon Central,0.7020678410571243
125,126,E14000655,UKCP18 12km,20491201-20791130,annual,Croydon North,0.6548433119432447
126,127,E14000656,UKCP18 12km,20491201-20791130,annual,Croydon South,0.7020678410571243
127,128,E14000657,UKCP18 12km,20491201-20791130,annual,Dagenham and Rainham,0.5479937280491631
128,129,E14000658,UKCP18 12km,20491201-20791130,annual,Darlington,0.2375127092734708
129,130,E14000659,UKCP18 12km,20491201-20791130,annual,Dartford,0.6473084396179029
130,131,E14000660,UKCP18 12km,20491201-20791130,annual,Daventry,0.24067988137473484
131,132,E14000661,UKCP18 12km,20491201-20791130,annual,Denton and Reddish,0.41706855317594055
132,133,E14000662,UKCP18 12km,20491201-20791130,annual,Derby North,0.17193249848072148
133,134,E14000663,UKCP18 12km,20491201-20791130,annual,Derby South,0.27596753826526266
134,135,E14000664,UKCP18 12km,20491201-20791130,annual,Derbyshire Dales,0.24484180939864678
135,136,E14000665,UKCP18 12km,20491201-20791130,annual,Devizes,0.4497067067430216
136,137,E14000666,UKCP18 12km,20491201-20791130,annual,Dewsbury,0.28706340516813206
137,138,E14000667,UKCP18 12km,20491201-20791130,annual,Don Valley,0.20487621863408348
138,139,E14000668,UKCP18 12km,20491201-20791130,annual,Doncaster Central,0.20487621863408348
139,140,E14000669,UKCP18 12km,20491201-20791130,annual,Doncaster North,0.34407100930570783
140,141,E14000670,UKCP18 12km,20491201-20791130,annual,Dover,0.41070370886336544
141,142,E14000671,UKCP18 12km,20491201-20791130,annual,Dudley North,0.14554206615696752
142,143,E14000672,UKCP18 12km,20491201-20791130,annual,Dudley South,0.14554206615696752
143,144,E14000673,UKCP18 12km,20491201-20791130,annual,Dulwich and West Norwood,0.6548433119432447
144,145,E14000674,UKCP18 12km,20491201-20791130,annual,Ealing Central and Acton,0.6121352518367656
145,146,E14000675,UKCP18 12km,20491201-20791130,annual,Ealing North,0.6007949875108127
146,147,E14000676,UKCP18 12km,20491201-20791130,annual,"Ealing, Southall",0.6721239381060702
147,148,E14000677,UKCP18 12km,20491201-20791130,annual,Easington,0.07652120988557676
148,149,E14000678,UKCP18 12km,20491201-20791130,annual,East Devon,0.43523105115537386
149,150,E14000679,UKCP18 12km,20491201-20791130,annual,East Ham,0.5479937280491631
150,151,E14000680,UKCP18 12km,20491201-20791130,annual,East Hampshire,0.47830490825132954
151,152,E14000681,UKCP18 12km,20491201-20791130,annual,East Surrey,0.4723164322871379
152,153,E14000682,UKCP18 12km,20491201-20791130,annual,East Worthing and Shoreham,0.6385110193996312
153,154,E14000683,UKCP18 12km,20491201-20791130,annual,East Yorkshire,0.04780340955987914
154,155,E14000684,UKCP18 12km,20491201-20791130,annual,Eastbourne,0.46151908335590286
155,156,E14000685,UKCP18 12km,20491201-20791130,annual,Eastleigh,0.5216732854599598
156,157,E14000686,UKCP18 12km,20491201-20791130,annual,Eddisbury,0.4240885934435313
157,158,E14000687,UKCP18 12km,20491201-20791130,annual,Edmonton,0.4887957756825521
158,159,E14000688,UKCP18 12km,20491201-20791130,annual,Ellesmere Port and Neston,0.3574374726839318
159,160,E14000689,UKCP18 12km,20491201-20791130,annual,Elmet and Rothwell,0.26895020727170754
160,161,E14000690,UKCP18 12km,20491201-20791130,annual,Eltham,0.6512908643720571
161,162,E14000691,UKCP18 12km,20491201-20791130,annual,Enfield North,0.4887957756825521
162,163,E14000692,UKCP18 12km,20491201-20791130,annual,"Enfield, Southgate",0.4887957756825521
163,164,E14000693,UKCP18 12km,20491201-20791130,annual,Epping Forest,0.5542858080477975
164,165,E14000694,UKCP18 12km,20491201-20791130,annual,Epsom and Ewell,0.8086014580298628
165,166,E14000695,UKCP18 12km,20491201-20791130,annual,Erewash,0.08175836916715433
166,167,E14000696,UKCP18 12km,20491201-20791130,annual,Erith and Thamesmead,0.6512908643720571
167,168,E14000697,UKCP18 12km,20491201-20791130,annual,Esher and Walton,0.8471047238686428
168,169,E14000698,UKCP18 12km,20491201-20791130,annual,Exeter,0.3239613886076093
169,170,E14000699,UKCP18 12km,20491201-20791130,annual,Fareham,0.5216732854599598
170,171,E14000700,UKCP18 12km,20491201-20791130,annual,Faversham and Mid Kent,0.6754401362183148
171,172,E14000701,UKCP18 12km,20491201-20791130,annual,Feltham and Heston,0.6721239381060702
172,173,E14000702,UKCP18 12km,20491201-20791130,annual,Filton and Bradley Stoke,0.585799517276742
173,174,E14000703,UKCP18 12km,20491201-20791130,annual,Finchley and Golders Green,0.6121352518367656
174,175,E14000704,UKCP18 12km,20491201-20791130,annual,Folkestone and Hythe,0.529596261911089
175,176,E14000705,UKCP18 12km,20491201-20791130,annual,Forest of Dean,0.3802191251492393
176,177,E14000706,UKCP18 12km,20491201-20791130,annual,Fylde,0.7309221417710949
177,178,E14000707,UKCP18 12km,20491201-20791130,annual,Gainsborough,0.22520462354735254
178,179,E14000708,UKCP18 12km,20491201-20791130,annual,Garston and Halewood,0.37252718410489255
179,180,E14000709,UKCP18 12km,20491201-20791130,annual,Gateshead,0.056612886967161456
180,181,E14000710,UKCP18 12km,20491201-20791130,annual,Gedling,0.10691545064764581
181,182,E14000711,UKCP18 12km,20491201-20791130,annual,Gillingham and Rainham,0.6652685723942664
182,183,E14000712,UKCP18 12km,20491201-20791130,annual,Gloucester,0.17358832599435084
183,184,E14000713,UKCP18 12km,20491201-20791130,annual,Gosport,0.5879014251278023
184,185,E14000714,UKCP18 12km,20491201-20791130,annual,Grantham and Stamford,0.20346600086543898
185,186,E14000715,UKCP18 12km,20491201-20791130,annual,Gravesham,0.6341470619922812
186,187,E14000716,UKCP18 12km,20491201-20791130,annual,Great Grimsby,0.12927673974660311
187,188,E14000717,UKCP18 12km,20491201-20791130,annual,Great Yarmouth,0.42816935641593595
188,189,E14000718,UKCP18 12km,20491201-20791130,annual,Greenwich and Woolwich,0.6512908643720571
189,190,E14000719,UKCP18 12km,20491201-20791130,annual,Guildford,0.5893517204505136
190,191,E14000720,UKCP18 12km,20491201-20791130,annual,Hackney North and Stoke Newington,0.5440695514854511
191,192,E14000721,UKCP18 12km,20491201-20791130,annual,Hackney South and Shoreditch,0.5440695514854511
192,193,E14000722,UKCP18 12km,20491201-20791130,annual,Halesowen and Rowley Regis,0.3656069558570527
193,194,E14000723,UKCP18 12km,20491201-20791130,annual,Halifax,0.21370492617912942
194,195,E14000724,UKCP18 12km,20491201-20791130,annual,Haltemprice and Howden,0.23867344989479286
195,196,E14000725,UKCP18 12km,20491201-20791130,annual,Halton,0.3419097014053571
196,197,E14000726,UKCP18 12km,20491201-20791130,annual,Hammersmith,0.7232802898427103
197,198,E14000727,UKCP18 12km,20491201-20791130,annual,Hampstead and Kilburn,0.6121352518367656
198,199,E14000728,UKCP18 12km,20491201-20791130,annual,Harborough,0.42722060274521595
199,200,E14000729,UKCP18 12km,20491201-20791130,annual,Harlow,0.5271051531094213
200,201,E14000730,UKCP18 12km,20491201-20791130,annual,Harrogate and Knaresborough,0.27940596445794247
201,202,E14000731,UKCP18 12km,20491201-20791130,annual,Harrow East,0.6121352518367656
202,203,E14000732,UKCP18 12km,20491201-20791130,annual,Harrow West,0.6007949875108127
203,204,E14000733,UKCP18 12km,20491201-20791130,annual,Hartlepool,0.1512934285581562
204,205,E14000734,UKCP18 12km,20491201-20791130,annual,Harwich and North Essex,0.5232295586152316
205,206,E14000735,UKCP18 12km,20491201-20791130,annual,Hastings and Rye,0.4574161072090319
206,207,E14000736,UKCP18 12km,20491201-20791130,annual,Havant,0.6331742487612775
207,208,E14000737,UKCP18 12km,20491201-20791130,annual,Hayes and Harlington,0.6721239381060702
208,209,E14000738,UKCP18 12km,20491201-20791130,annual,Hazel Grove,0.41706855317594055
209,210,E14000739,UKCP18 12km,20491201-20791130,annual,Hemel Hempstead,0.33304673901868354
210,211,E14000740,UKCP18 12km,20491201-20791130,annual,Hemsworth,0.38396447477187867
211,212,E14000741,UKCP18 12km,20491201-20791130,annual,Hendon,0.6121352518367656
212,213,E14000742,UKCP18 12km,20491201-20791130,annual,Henley,0.4003562773935501
213,214,E14000743,UKCP18 12km,20491201-20791130,annual,Hereford and South Herefordshire,0.3272720126666271
214,215,E14000744,UKCP18 12km,20491201-20791130,annual,Hertford and Stortford,0.4534219124620748
215,216,E14000745,UKCP18 12km,20491201-20791130,annual,Hertsmere,0.47851554978925576
216,217,E14000746,UKCP18 12km,20491201-20791130,annual,Hexham,0.3250500388771455
217,218,E14000747,UKCP18 12km,20491201-20791130,annual,Heywood and Middleton,0.35913583976932434
218,219,E14000748,UKCP18 12km,20491201-20791130,annual,High Peak,0.3502011868108266
219,220,E14000749,UKCP18 12km,20491201-20791130,annual,Hitchin and Harpenden,0.33304673901868354
220,221,E14000750,UKCP18 12km,20491201-20791130,annual,Holborn and St Pancras,0.5440695514854511
221,222,E14000751,UKCP18 12km,20491201-20791130,annual,Hornchurch and Upminster,0.5818832684292072
222,223,E14000752,UKCP18 12km,20491201-20791130,annual,Hornsey and Wood Green,0.5440695514854511
223,224,E14000753,UKCP18 12km,20491201-20791130,annual,Horsham,0.4419680557507042
224,225,E14000754,UKCP18 12km,20491201-20791130,annual,Houghton and Sunderland South,0.07652120988557676
225,226,E14000755,UKCP18 12km,20491201-20791130,annual,Hove,0.7216808394830827
226,227,E14000756,UKCP18 12km,20491201-20791130,annual,Huddersfield,0.23391937757489126
227,228,E14000757,UKCP18 12km,20491201-20791130,annual,Huntingdon,0.4944639324216573
228,229,E14000758,UKCP18 12km,20491201-20791130,annual,Hyndburn,0.3689226503661896
229,230,E14000759,UKCP18 12km,20491201-20791130,annual,Ilford North,0.5479937280491631
230,231,E14000760,UKCP18 12km,20491201-20791130,annual,Ilford South,0.5479937280491631
231,232,E14000761,UKCP18 12km,20491201-20791130,annual,Ipswich,0.43779625293590113
232,233,E14000762,UKCP18 12km,20491201-20791130,annual,Isle of Wight,0.7627072020842075
233,234,E14000763,UKCP18 12km,20491201-20791130,annual,Islington North,0.5440695514854511
234,235,E14000764,UKCP18 12km,20491201-20791130,annual,Islington South and Finsbury,0.5440695514854511
235,236,E14000765,UKCP18 12km,20491201-20791130,annual,Jarrow,0.08260691869387775
236,237,E14000766,UKCP18 12km,20491201-20791130,annual,Keighley,0.2410130955282764
237,238,E14000767,UKCP18 12km,20491201-20791130,annual,Kenilworth and Southam,0.31399177410402773
238,239,E14000768,UKCP18 12km,20491201-20791130,annual,Kensington,0.6121352518367656
239,240,E14000769,UKCP18 12km,20491201-20791130,annual,Kettering,0.37092664879130716
240,241,E14000770,UKCP18 12km,20491201-20791130,annual,Kingston and Surbiton,0.8086014580298628
241,242,E14000771,UKCP18 12km,20491201-20791130,annual,Kingston upon Hull East,0.19883926857031056
242,243,E14000772,UKCP18 12km,20491201-20791130,annual,Kingston upon Hull North,0.035533048886601026
243,244,E14000773,UKCP18 12km,20491201-20791130,annual,Kingston upon Hull West and Hessle,0.19883926857031056
244,245,E14000774,UKCP18 12km,20491201-20791130,annual,Kingswood,0.4656057043035113
245,246,E14000775,UKCP18 12km,20491201-20791130,annual,Knowsley,0.37252718410489255
246,247,E14000776,UKCP18 12km,20491201-20791130,annual,Lancaster and Fleetwood,0.6277501800062405
247,248,E14000777,UKCP18 12km,20491201-20791130,annual,Leeds Central,0.2435167370074248
248,249,E14000778,UKCP18 12km,20491201-20791130,annual,Leeds East,0.20444506647145108
249,250,E14000779,UKCP18 12km,20491201-20791130,annual,Leeds North East,0.24700148433409833
250,251,E14000780,UKCP18 12km,20491201-20791130,annual,Leeds North West,0.24700148433409833
251,252,E14000781,UKCP18 12km,20491201-20791130,annual,Leeds West,0.24700148433409833
252,253,E14000782,UKCP18 12km,20491201-20791130,annual,Leicester East,0.3437209152248368
253,254,E14000783,UKCP18 12km,20491201-20791130,annual,Leicester South,0.3437209152248368
254,255,E14000784,UKCP18 12km,20491201-20791130,annual,Leicester West,0.3437209152248368
255,256,E14000785,UKCP18 12km,20491201-20791130,annual,Leigh,0.4770051080276135
256,257,E14000786,UKCP18 12km,20491201-20791130,annual,Lewes,0.6914328685191131
257,258,E14000787,UKCP18 12km,20491201-20791130,annual,Lewisham East,0.6548433119432447
258,259,E14000788,UKCP18 12km,20491201-20791130,annual,Lewisham West and Penge,0.6548433119432447
259,260,E14000789,UKCP18 12km,20491201-20791130,annual,"Lewisham, Deptford",0.6548433119432447
260,261,E14000790,UKCP18 12km,20491201-20791130,annual,Leyton and Wanstead,0.5440695514854511
261,262,E14000791,UKCP18 12km,20491201-20791130,annual,Lichfield,0.45156190916939454
262,263,E14000792,UKCP18 12km,20491201-20791130,annual,Lincoln,0.05089696622161566
263,264,E14000793,UKCP18 12km,20491201-20791130,annual,"Liverpool, Riverside",0.37252718410489255
264,265,E14000794,UKCP18 12km,20491201-20791130,annual,"Liverpool, Walton",0.37252718410489255
265,266,E14000795,UKCP18 12km,20491201-20791130,annual,"Liverpool, Wavertree",0.37252718410489255
266,267,E14000796,UKCP18 12km,20491201-20791130,annual,"Liverpool, West Derby",0.37252718410489255
267,268,E14000797,UKCP18 12km,20491201-20791130,annual,Loughborough,0.3873215608942535
268,269,E14000798,UKCP18 12km,20491201-20791130,annual,Louth and Horncastle,0.1221054706642168
269,270,E14000799,UKCP18 12km,20491201-20791130,annual,Ludlow,0.366153867046636
270,271,E14000800,UKCP18 12km,20491201-20791130,annual,Luton North,0.41854955480939177
271,272,E14000801,UKCP18 12km,20491201-20791130,annual,Luton South,0.41854955480939177
272,273,E14000802,UKCP18 12km,20491201-20791130,annual,Macclesfield,0.4620290904779484
273,274,E14000803,UKCP18 12km,20491201-20791130,annual,Maidenhead,0.36330866261646566
274,275,E14000804,UKCP18 12km,20491201-20791130,annual,Maidstone and The Weald,0.6021556751713798
275,276,E14000805,UKCP18 12km,20491201-20791130,annual,Makerfield,0.43447557020449384
276,277,E14000806,UKCP18 12km,20491201-20791130,annual,Maldon,0.5095370970249615
277,278,E14000807,UKCP18 12km,20491201-20791130,annual,Manchester Central,0.3663113137900016
278,279,E14000808,UKCP18 12km,20491201-20791130,annual,"Manchester, Gorton",0.41706855317594055
279,280,E14000809,UKCP18 12km,20491201-20791130,annual,"Manchester, Withington",0.5355427962629545
280,281,E14000810,UKCP18 12km,20491201-20791130,annual,Mansfield,0.13491018255698553
281,282,E14000811,UKCP18 12km,20491201-20791130,annual,Meon Valley,0.5771578257071681
282,283,E14000812,UKCP18 12km,20491201-20791130,annual,Meriden,0.3646562163744295
283,284,E14000813,UKCP18 12km,20491201-20791130,annual,Mid Bedfordshire,0.43765264988658265
284,285,E14000814,UKCP18 12km,20491201-20791130,annual,Mid Derbyshire,0.17193249848072148
285,286,E14000815,UKCP18 12km,20491201-20791130,annual,Mid Dorset and North Poole,0.4669488468293803
286,287,E14000816,UKCP18 12km,20491201-20791130,annual,Mid Norfolk,0.4542415251024721
287,288,E14000817,UKCP18 12km,20491201-20791130,annual,Mid Sussex,0.48781846883220564
288,289,E14000818,UKCP18 12km,20491201-20791130,annual,Mid Worcestershire,0.4061526318999049
289,290,E14000819,UKCP18 12km,20491201-20791130,annual,Middlesbrough,0.1512934285581562
290,291,E14000820,UKCP18 12km,20491201-20791130,annual,Middlesbrough South and East Cleveland,-0.049250270116367734
291,292,E14000821,UKCP18 12km,20491201-20791130,annual,Milton Keynes North,0.25059216515864274
292,293,E14000822,UKCP18 12km,20491201-20791130,annual,Milton Keynes South,0.4240597196764883
293,294,E14000823,UKCP18 12km,20491201-20791130,annual,Mitcham and Morden,0.7232802898427103
294,295,E14000824,UKCP18 12km,20491201-20791130,annual,Mole Valley,0.6791927820336083
295,296,E14000825,UKCP18 12km,20491201-20791130,annual,Morecambe and Lunesdale,0.6051250944080112
296,297,E14000826,UKCP18 12km,20491201-20791130,annual,Morley and Outwood,0.2435167370074248
297,298,E14000827,UKCP18 12km,20491201-20791130,annual,New Forest East,0.45326459320248375
298,299,E14000828,UKCP18 12km,20491201-20791130,annual,New Forest West,0.4560926644993143
299,300,E14000829,UKCP18 12km,20491201-20791130,annual,Newark,0.1527551416564786
300,301,E14000830,UKCP18 12km,20491201-20791130,annual,Newbury,0.4294737702528006
301,302,E14000831,UKCP18 12km,20491201-20791130,annual,Newcastle upon Tyne Central,0.1436854306778769
302,303,E14000832,UKCP18 12km,20491201-20791130,annual,Newcastle upon Tyne East,0.1436854306778769
303,304,E14000833,UKCP18 12km,20491201-20791130,annual,Newcastle upon Tyne North,0.1436854306778769
304,305,E14000834,UKCP18 12km,20491201-20791130,annual,Newcastle-under-Lyme,0.3493496795189827
305,306,E14000835,UKCP18 12km,20491201-20791130,annual,Newton Abbot,0.23111321714080252
306,307,E14000836,UKCP18 12km,20491201-20791130,annual,"Normanton, Pontefract and Castleford",0.3399744391159887
307,308,E14000837,UKCP18 12km,20491201-20791130,annual,North Cornwall,0.3824070882254783
308,309,E14000838,UKCP18 12km,20491201-20791130,annual,North Devon,0.602327138050412
309,310,E14000839,UKCP18 12km,20491201-20791130,annual,North Dorset,0.49895835647418973
310,311,E14000840,UKCP18 12km,20491201-20791130,annual,North Durham,-0.030024493169130768
311,312,E14000841,UKCP18 12km,20491201-20791130,annual,North East Bedfordshire,0.505243860632207
312,313,E14000842,UKCP18 12km,20491201-20791130,annual,North East Cambridgeshire,0.46624001439397045
313,314,E14000843,UKCP18 12km,20491201-20791130,annual,North East Derbyshire,0.2585780870261614
314,315,E14000844,UKCP18 12km,20491201-20791130,annual,North East Hampshire,0.38484486229404274
315,316,E14000845,UKCP18 12km,20491201-20791130,annual,North East Hertfordshire,0.4988791753507861
316,317,E14000846,UKCP18 12km,20491201-20791130,annual,North East Somerset,0.5925130769888795
317,318,E14000847,UKCP18 12km,20491201-20791130,annual,North Herefordshire,0.30926879056213347
318,319,E14000848,UKCP18 12km,20491201-20791130,annual,North Norfolk,0.4227724712112868
319,320,E14000849,UKCP18 12km,20491201-20791130,annual,North Shropshire,0.304500984246293
320,321,E14000850,UKCP18 12km,20491201-20791130,annual,North Somerset,0.5807618999266025
321,322,E14000851,UKCP18 12km,20491201-20791130,annual,North Swindon,0.4955829021641452
322,323,E14000852,UKCP18 12km,20491201-20791130,annual,North Thanet,0.6408160860424112
323,324,E14000853,UKCP18 12km,20491201-20791130,annual,North Tyneside,0.1436854306778769
324,325,E14000854,UKCP18 12km,20491201-20791130,annual,North Warwickshire,0.3216914278923194
325,326,E14000855,UKCP18 12km,20491201-20791130,annual,North West Cambridgeshire,0.45983994696283537
326,327,E14000856,UKCP18 12km,20491201-20791130,annual,North West Durham,0.12491760456331345
327,328,E14000857,UKCP18 12km,20491201-20791130,annual,North West Hampshire,0.3394894361390883
328,329,E14000858,UKCP18 12km,20491201-20791130,annual,North West Leicestershire,0.41699487579472455
329,330,E14000859,UKCP18 12km,20491201-20791130,annual,North West Norfolk,0.316720003505455
330,331,E14000860,UKCP18 12km,20491201-20791130,annual,North Wiltshire,0.5324664311800866
331,332,E14000861,UKCP18 12km,20491201-20791130,annual,Northampton North,0.2772188031644116
332,333,E14000862,UKCP18 12km,20491201-20791130,annual,Northampton South,0.2772188031644116
333,334,E14000863,UKCP18 12km,20491201-20791130,annual,Norwich North,0.43083390534432864
334,335,E14000864,UKCP18 12km,20491201-20791130,annual,Norwich South,0.4009377660409354
335,336,E14000865,UKCP18 12km,20491201-20791130,annual,Nottingham East,0.10691545064764581
336,337,E14000866,UKCP18 12km,20491201-20791130,annual,Nottingham North,0.08175836916715433
337,338,E14000867,UKCP18 12km,20491201-20791130,annual,Nottingham South,0.08175836916715433
338,339,E14000868,UKCP18 12km,20491201-20791130,annual,Nuneaton,0.32617613581092236
339,340,E14000869,UKCP18 12km,20491201-20791130,annual,Old Bexley and Sidcup,0.6512908643720571
340,341,E14000870,UKCP18 12km,20491201-20791130,annual,Oldham East and Saddleworth,0.408345949322604
341,342,E14000871,UKCP18 12km,20491201-20791130,annual,Oldham West and Royton,0.3663113137900016
342,343,E14000872,UKCP18 12km,20491201-20791130,annual,Orpington,0.6188354867289239
343,344,E14000873,UKCP18 12km,20491201-20791130,annual,Oxford East,0.1727211694619141
344,345,E14000874,UKCP18 12km,20491201-20791130,annual,Oxford West and Abingdon,0.32721571415569833
345,346,E14000875,UKCP18 12km,20491201-20791130,annual,Pendle,0.30518678979076097
346,347,E14000876,UKCP18 12km,20491201-20791130,annual,Penistone and Stocksbridge,0.3471557069310022
347,348,E14000877,UKCP18 12km,20491201-20791130,annual,Penrith and The Border,0.5366535892989107
348,349,E14000878,UKCP18 12km,20491201-20791130,annual,Peterborough,0.3607828349742079
349,350,E14000879,UKCP18 12km,20491201-20791130,annual,"Plymouth, Moor View",0.31490588525584395
350,351,E14000880,UKCP18 12km,20491201-20791130,annual,"Plymouth, Sutton and Devonport",0.4962797021714831
351,352,E14000881,UKCP18 12km,20491201-20791130,annual,Poole,0.5255764823508277
352,353,E14000882,UKCP18 12km,20491201-20791130,annual,Poplar and Limehouse,0.5440695514854511
353,354,E14000883,UKCP18 12km,20491201-20791130,annual,Portsmouth North,0.5879014251278023
354,355,E14000884,UKCP18 12km,20491201-20791130,annual,Portsmouth South,0.5879014251278023
355,356,E14000885,UKCP18 12km,20491201-20791130,annual,Preston,0.5566504708339775
356,357,E14000886,UKCP18 12km,20491201-20791130,annual,Pudsey,0.24700148433409833
357,358,E14000887,UKCP18 12km,20491201-20791130,annual,Putney,0.7232802898427103
358,359,E14000888,UKCP18 12km,20491201-20791130,annual,Rayleigh and Wickford,0.5566738156869474
359,360,E14000889,UKCP18 12km,20491201-20791130,annual,Reading East,0.3457487671146085
360,361,E14000890,UKCP18 12km,20491201-20791130,annual,Reading West,0.3622883499540512
361,362,E14000891,UKCP18 12km,20491201-20791130,annual,Redcar,0.18671426778904396
362,363,E14000892,UKCP18 12km,20491201-20791130,annual,Redditch,0.41997498245913195
363,364,E14000893,UKCP18 12km,20491201-20791130,annual,Reigate,0.6443849436965245
364,365,E14000894,UKCP18 12km,20491201-20791130,annual,Ribble Valley,0.49254076770200206
365,366,E14000895,UKCP18 12km,20491201-20791130,annual,Richmond (Yorks),0.2843055920394091
366,367,E14000896,UKCP18 12km,20491201-20791130,annual,Richmond Park,0.7232802898427103
367,368,E14000897,UKCP18 12km,20491201-20791130,annual,Rochdale,0.35913583976932434
368,369,E14000898,UKCP18 12km,20491201-20791130,annual,Rochester and Strood,0.6977400921157783
369,370,E14000899,UKCP18 12km,20491201-20791130,annual,Rochford and Southend East,0.5089265250766387
370,371,E14000900,UKCP18 12km,20491201-20791130,annual,Romford,0.5479937280491631
371,372,E14000901,UKCP18 12km,20491201-20791130,annual,Romsey and Southampton North,0.41649341067047163
372,373,E14000902,UKCP18 12km,20491201-20791130,annual,Rossendale and Darwen,0.3689226503661896
373,374,E14000903,UKCP18 12km,20491201-20791130,annual,Rother Valley,0.24240880644867172
374,375,E14000904,UKCP18 12km,20491201-20791130,annual,Rotherham,0.3006683491017073
375,376,E14000905,UKCP18 12km,20491201-20791130,annual,Rugby,0.40436141217563865
376,377,E14000906,UKCP18 12km,20491201-20791130,annual,"Ruislip, Northwood and Pinner",0.6007949875108127
377,378,E14000907,UKCP18 12km,20491201-20791130,annual,Runnymede and Weybridge,0.7191858315611213
378,379,E14000908,UKCP18 12km,20491201-20791130,annual,Rushcliffe,0.3896669936914624
379,380,E14000909,UKCP18 12km,20491201-20791130,annual,Rutland and Melton,0.2731997173758026
380,381,E14000910,UKCP18 12km,20491201-20791130,annual,Saffron Walden,0.550570265284415
381,382,E14000911,UKCP18 12km,20491201-20791130,annual,Salford and Eccles,0.45243409150341485
382,383,E14000912,UKCP18 12km,20491201-20791130,annual,Salisbury,0.39670001652734216
383,384,E14000913,UKCP18 12km,20491201-20791130,annual,Scarborough and Whitby,0.1039466246850532
384,385,E14000914,UKCP18 12km,20491201-20791130,annual,Scunthorpe,0.15290970380050353
385,386,E14000915,UKCP18 12km,20491201-20791130,annual,Sedgefield,0.07057280543258199
386,387,E14000916,UKCP18 12km,20491201-20791130,annual,Sefton Central,0.3147926555210819
387,388,E14000917,UKCP18 12km,20491201-20791130,annual,Selby and Ainsty,0.2101036586183402
388,389,E14000918,UKCP18 12km,20491201-20791130,annual,Sevenoaks,0.5004533965651216
389,390,E14000919,UKCP18 12km,20491201-20791130,annual,Sheffield Central,0.3006683491017073
390,391,E14000920,UKCP18 12km,20491201-20791130,annual,Sheffield South East,0.3006683491017073
391,392,E14000921,UKCP18 12km,20491201-20791130,annual,"Sheffield, Brightside and Hillsborough",0.3006683491017073
392,393,E14000922,UKCP18 12km,20491201-20791130,annual,"Sheffield, Hallam",0.3286195725229719
393,394,E14000923,UKCP18 12km,20491201-20791130,annual,"Sheffield, Heeley",0.2836420525617367
394,395,E14000924,UKCP18 12km,20491201-20791130,annual,Sherwood,0.0977813196774523
395,396,E14000925,UKCP18 12km,20491201-20791130,annual,Shipley,0.1850654597680718
396,397,E14000926,UKCP18 12km,20491201-20791130,annual,Shrewsbury and Atcham,0.32031842354587425
397,398,E14000927,UKCP18 12km,20491201-20791130,annual,Sittingbourne and Sheppey,0.6504917676686309
398,399,E14000928,UKCP18 12km,20491201-20791130,annual,Skipton and Ripon,0.3800285432759654
399,400,E14000929,UKCP18 12km,20491201-20791130,annual,Sleaford and North Hykeham,0.23490403584990568
400,401,E14000930,UKCP18 12km,20491201-20791130,annual,Slough,0.4606329468629655
401,402,E14000931,UKCP18 12km,20491201-20791130,annual,Solihull,0.36176428947996925
402,403,E14000932,UKCP18 12km,20491201-20791130,annual,Somerton and Frome,0.48807826544994803
403,404,E14000933,UKCP18 12km,20491201-20791130,annual,South Basildon and East Thurrock,0.6098170670430665
404,405,E14000934,UKCP18 12km,20491201-20791130,annual,South Cambridgeshire,0.620398869724155
405,406,E14000935,UKCP18 12km,20491201-20791130,annual,South Derbyshire,0.3441784268228524
406,407,E14000936,UKCP18 12km,20491201-20791130,annual,South Dorset,0.5553917336061315
407,408,E14000937,UKCP18 12km,20491201-20791130,annual,South East Cambridgeshire,0.5552886222473861
408,409,E14000938,UKCP18 12km,20491201-20791130,annual,South East Cornwall,0.2597734686897703
409,410,E14000939,UKCP18 12km,20491201-20791130,annual,South Holland and The Deepings,0.31517132505189416
410,411,E14000940,UKCP18 12km,20491201-20791130,annual,South Leicestershire,0.3914566631905273
411,412,E14000941,UKCP18 12km,20491201-20791130,annual,South Norfolk,0.41272710647521954
412,413,E14000942,UKCP18 12km,20491201-20791130,annual,South Northamptonshire,0.25769371837133737
413,414,E14000943,UKCP18 12km,20491201-20791130,annual,South Ribble,0.5537680968142056
414,415,E14000944,UKCP18 12km,20491201-20791130,annual,South Shields,0.08260691869387775
415,416,E14000945,UKCP18 12km,20491201-20791130,annual,South Staffordshire,0.2112506587167534
416,417,E14000946,UKCP18 12km,20491201-20791130,annual,South Suffolk,0.5457428752907958
417,418,E14000947,UKCP18 12km,20491201-20791130,annual,South Swindon,0.4955829021641452
418,419,E14000948,UKCP18 12km,20491201-20791130,annual,South Thanet,0.6408160860424112
419,420,E14000949,UKCP18 12km,20491201-20791130,annual,South West Bedfordshire,0.41599592598892404
420,421,E14000950,UKCP18 12km,20491201-20791130,annual,South West Devon,0.4492984128865709
421,422,E14000951,UKCP18 12km,20491201-20791130,annual,South West Hertfordshire,0.31093166816119466
422,423,E14000952,UKCP18 12km,20491201-20791130,annual,South West Norfolk,0.4459517478086014
423,424,E14000953,UKCP18 12km,20491201-20791130,annual,South West Surrey,0.48964893608940585
424,425,E14000954,UKCP18 12km,20491201-20791130,annual,South West Wiltshire,0.39483455261662154
425,426,E14000955,UKCP18 12km,20491201-20791130,annual,"Southampton, Itchen",0.5216732854599598
426,427,E14000956,UKCP18 12km,20491201-20791130,annual,"Southampton, Test",0.508734821789924
427,428,E14000957,UKCP18 12km,20491201-20791130,annual,Southend West,0.6598796363885243
428,429,E14000958,UKCP18 12km,20491201-20791130,annual,Southport,0.23695587061425094
429,430,E14000959,UKCP18 12km,20491201-20791130,annual,Spelthorne,0.6721239381060702
430,431,E14000960,UKCP18 12km,20491201-20791130,annual,St Albans,0.33304673901868354
431,432,E14000961,UKCP18 12km,20491201-20791130,annual,St Austell and Newquay,0.36854776291904456
432,433,E14000962,UKCP18 12km,20491201-20791130,annual,St Helens North,0.43447557020449384
433,434,E14000963,UKCP18 12km,20491201-20791130,annual,St Helens South and Whiston,0.3419097014053571
434,435,E14000964,UKCP18 12km,20491201-20791130,annual,St Ives,0.48925752549227275
435,436,E14000965,UKCP18 12km,20491201-20791130,annual,Stafford,0.25414850846071807
436,437,E14000966,UKCP18 12km,20491201-20791130,annual,Staffordshire Moorlands,0.34983425925007505
437,438,E14000967,UKCP18 12km,20491201-20791130,annual,Stalybridge and Hyde,0.408345949322604
438,439,E14000968,UKCP18 12km,20491201-20791130,annual,Stevenage,0.42479536624364084
439,440,E14000969,UKCP18 12km,20491201-20791130,annual,Stockport,0.41706855317594055
440,441,E14000970,UKCP18 12km,20491201-20791130,annual,Stockton North,0.1512934285581562
441,442,E14000971,UKCP18 12km,20491201-20791130,annual,Stockton South,0.37086657249196026
442,443,E14000972,UKCP18 12km,20491201-20791130,annual,Stoke-on-Trent Central,0.3814368948339399
443,444,E14000973,UKCP18 12km,20491201-20791130,annual,Stoke-on-Trent North,0.40630679250903873
444,445,E14000974,UKCP18 12km,20491201-20791130,annual,Stoke-on-Trent South,0.3814368948339399
445,446,E14000975,UKCP18 12km,20491201-20791130,annual,Stone,0.2805123663514212
446,447,E14000976,UKCP18 12km,20491201-20791130,annual,Stourbridge,0.34236460452226575
447,448,E14000977,UKCP18 12km,20491201-20791130,annual,Stratford-on-Avon,0.37142454125168545
448,449,E14000978,UKCP18 12km,20491201-20791130,annual,Streatham,0.6548433119432447
449,450,E14000979,UKCP18 12km,20491201-20791130,annual,Stretford and Urmston,0.5355427962629545
450,451,E14000980,UKCP18 12km,20491201-20791130,annual,Stroud,0.3838851001956843
451,452,E14000981,UKCP18 12km,20491201-20791130,annual,Suffolk Coastal,0.47991430732248264
452,453,E14000982,UKCP18 12km,20491201-20791130,annual,Sunderland Central,0.08260691869387775
453,454,E14000983,UKCP18 12km,20491201-20791130,annual,Surrey Heath,0.7191858315611213
454,455,E14000984,UKCP18 12km,20491201-20791130,annual,Sutton and Cheam,0.8086014580298628
455,456,E14000985,UKCP18 12km,20491201-20791130,annual,Sutton Coldfield,0.36216684337994437
456,457,E14000986,UKCP18 12km,20491201-20791130,annual,Tamworth,0.38252720881826713
457,458,E14000987,UKCP18 12km,20491201-20791130,annual,Tatton,0.592596316988298
458,459,E14000988,UKCP18 12km,20491201-20791130,annual,Taunton Deane,0.048466545456914735
459,460,E14000989,UKCP18 12km,20491201-20791130,annual,Telford,0.47010567159204747
460,461,E14000990,UKCP18 12km,20491201-20791130,annual,Tewkesbury,0.25968277378886323
461,462,E14000991,UKCP18 12km,20491201-20791130,annual,The Cotswolds,0.4374530819865389
462,463,E14000992,UKCP18 12km,20491201-20791130,annual,The Wrekin,0.38693712093729754
463,464,E14000993,UKCP18 12km,20491201-20791130,annual,Thirsk and Malton,0.15101744020318034
464,465,E14000994,UKCP18 12km,20491201-20791130,annual,Thornbury and Yate,0.4855267015950752
465,466,E14000995,UKCP18 12km,20491201-20791130,annual,Thurrock,0.6473084396179029
466,467,E14000996,UKCP18 12km,20491201-20791130,annual,Tiverton and Honiton,0.33903503513789257
467,468,E14000997,UKCP18 12km,20491201-20791130,annual,Tonbridge and Malling,0.40889780270016646
468,469,E14000998,UKCP18 12km,20491201-20791130,annual,Tooting,0.7232802898427103
469,470,E14000999,UKCP18 12km,20491201-20791130,annual,Torbay,0.19209768745656985
470,471,E14001000,UKCP18 12km,20491201-20791130,annual,Torridge and West Devon,0.4797198857193692
471,472,E14001001,UKCP18 12km,20491201-20791130,annual,Totnes,0.37091721024061425
472,473,E14001002,UKCP18 12km,20491201-20791130,annual,Tottenham,0.5440695514854511
473,474,E14001003,UKCP18 12km,20491201-20791130,annual,Truro and Falmouth,0.4237597947824505
474,475,E14001004,UKCP18 12km,20491201-20791130,annual,Tunbridge Wells,0.759196264299246
475,476,E14001005,UKCP18 12km,20491201-20791130,annual,Twickenham,0.6721239381060702
476,477,E14001006,UKCP18 12km,20491201-20791130,annual,Tynemouth,0.1436854306778769
477,478,E14001007,UKCP18 12km,20491201-20791130,annual,Uxbridge and South Ruislip,0.6007949875108127
478,479,E14001008,UKCP18 12km,20491201-20791130,annual,Vauxhall,0.6548433119432447
479,480,E14001009,UKCP18 12km,20491201-20791130,annual,Wakefield,0.28706340516813206
480,481,E14001010,UKCP18 12km,20491201-20791130,annual,Wallasey,0.3787203627833398
481,482,E14001011,UKCP18 12km,20491201-20791130,annual,Walsall North,0.315420787343445
482,483,E14001012,UKCP18 12km,20491201-20791130,annual,Walsall South,0.2784605602884513
483,484,E14001013,UKCP18 12km,20491201-20791130,annual,Walthamstow,0.5440695514854511
484,485,E14001014,UKCP18 12km,20491201-20791130,annual,Wansbeck,0.1720723159219447
485,486,E14001015,UKCP18 12km,20491201-20791130,annual,Wantage,0.4081960454326438
486,487,E14001016,UKCP18 12km,20491201-20791130,annual,Warley,0.3656069558570527
487,488,E14001017,UKCP18 12km,20491201-20791130,annual,Warrington North,0.4339353055195465
488,489,E14001018,UKCP18 12km,20491201-20791130,annual,Warrington South,0.4339353055195465
489,490,E14001019,UKCP18 12km,20491201-20791130,annual,Warwick and Leamington,0.35650969279272
490,491,E14001020,UKCP18 12km,20491201-20791130,annual,Washington and Sunderland West,0.08260691869387775
491,492,E14001021,UKCP18 12km,20491201-20791130,annual,Watford,0.3315605789246016
492,493,E14001022,UKCP18 12km,20491201-20791130,annual,Waveney,0.4090390236056528
493,494,E14001023,UKCP18 12km,20491201-20791130,annual,Wealden,0.6023333062873927
494,495,E14001024,UKCP18 12km,20491201-20791130,annual,Weaver Vale,0.4321914499032842
495,496,E14001025,UKCP18 12km,20491201-20791130,annual,Wellingborough,0.2682993974521884
496,497,E14001026,UKCP18 12km,20491201-20791130,annual,Wells,0.6314935871891346
497,498,E14001027,UKCP18 12km,20491201-20791130,annual,Welwyn Hatfield,0.3630067164590404
498,499,E14001028,UKCP18 12km,20491201-20791130,annual,Wentworth and Dearne,0.31699155208499175
499,500,E14001029,UKCP18 12km,20491201-20791130,annual,West Bromwich East,0.2784605602884513
500,501,E14001030,UKCP18 12km,20491201-20791130,annual,West Bromwich West,0.2784605602884513
501,502,E14001031,UKCP18 12km,20491201-20791130,annual,West Dorset,0.6076833724519306
502,503,E14001032,UKCP18 12km,20491201-20791130,annual,West Ham,0.5440695514854511
503,504,E14001033,UKCP18 12km,20491201-20791130,annual,West Lancashire,0.42019405026640655
504,505,E14001034,UKCP18 12km,20491201-20791130,annual,West Suffolk,0.583449208321661
505,506,E14001035,UKCP18 12km,20491201-20791130,annual,West Worcestershire,0.2514932287311826
506,507,E14001036,UKCP18 12km,20491201-20791130,annual,Westminster North,0.6121352518367656
507,508,E14001037,UKCP18 12km,20491201-20791130,annual,Westmorland and Lonsdale,0.5849363444901743
508,509,E14001038,UKCP18 12km,20491201-20791130,annual,Weston-Super-Mare,0.645940751643429
509,510,E14001039,UKCP18 12km,20491201-20791130,annual,Wigan,0.43447557020449384
510,511,E14001040,UKCP18 12km,20491201-20791130,annual,Wimbledon,0.7232802898427103
511,512,E14001041,UKCP18 12km,20491201-20791130,annual,Winchester,0.5252809304434709
512,513,E14001042,UKCP18 12km,20491201-20791130,annual,Windsor,0.4169934937442825
513,514,E14001043,UKCP18 12km,20491201-20791130,annual,Wirral South,0.3574374726839318
514,515,E14001044,UKCP18 12km,20491201-20791130,annual,Wirral West,0.3787203627833398
515,516,E14001045,UKCP18 12km,20491201-20791130,annual,Witham,0.5556984404045529
516,517,E14001046,UKCP18 12km,20491201-20791130,annual,Witney,0.3515287576067744
517,518,E14001047,UKCP18 12km,20491201-20791130,annual,Woking,0.7191858315611213
518,519,E14001048,UKCP18 12km,20491201-20791130,annual,Wokingham,0.35462249314809147
519,520,E14001049,UKCP18 12km,20491201-20791130,annual,Wolverhampton North East,0.27695925127653925
520,521,E14001050,UKCP18 12km,20491201-20791130,annual,Wolverhampton South East,0.14554206615696752
521,522,E14001051,UKCP18 12km,20491201-20791130,annual,Wolverhampton South West,0.14554206615696752
522,523,E14001052,UKCP18 12km,20491201-20791130,annual,Worcester,0.4038934405663071
523,524,E14001053,UKCP18 12km,20491201-20791130,annual,Workington,0.6730249058745201
524,525,E14001054,UKCP18 12km,20491201-20791130,annual,Worsley and Eccles South,0.45243409150341485
525,526,E14001055,UKCP18 12km,20491201-20791130,annual,Worthing West,0.5646299582435885
526,527,E14001056,UKCP18 12km,20491201-20791130,annual,Wycombe,0.38793445222133016
527,528,E14001057,UKCP18 12km,20491201-20791130,annual,Wyre and Preston North,0.5716141662000418
528,529,E14001058,UKCP18 12km,20491201-20791130,annual,Wyre Forest,0.31051810212896536
529,530,E14001059,UKCP18 12km,20491201-20791130,annual,Wythenshawe and Sale East,0.5355427962629545
530,531,E14001060,UKCP18 12km,20491201-20791130,annual,Yeovil,0.4896686297654876
531,532,E14001061,UKCP18 12km,20491201-20791130,annual,York Central,0.10332120006467978
532,533,E14001062,UKCP18 12km,20491201-20791130,annual,York Outer,0.1555000470143653
533,534,N06000001,UKCP18 12km,20491201-20791130,annual,Belfast East,0.5021076255381745
534,535,N06000002,UKCP18 12km,20491201-20791130,annual,Belfast North,0.5021076255381745
535,536,N06000003,UKCP18 12km,20491201-20791130,annual,Belfast South,0.37483014587630814
536,537,N06000004,UKCP18 12km,20491201-20791130,annual,Belfast West,0.3977685325007374
537,538,N06000005,UKCP18 12km,20491201-20791130,annual,East Antrim,0.5417780309310979
538,539,N06000006,UKCP18 12km,20491201-20791130,annual,East Londonderry,0.5067617180775229
539,540,N06000007,UKCP18 12km,20491201-20791130,annual,Fermanagh and South Tyrone,0.505950747266148
540,541,N06000008,UKCP18 12km,20491201-20791130,annual,Foyle,0.514555961126585
541,542,N06000009,UKCP18 12km,20491201-20791130,annual,Lagan Valley,0.41518498845055996
542,543,N06000010,UKCP18 12km,20491201-20791130,annual,Mid Ulster,0.5475047527506022
543,544,N06000011,UKCP18 12km,20491201-20791130,annual,Newry and Armagh,0.5326073701509023
544,545,N06000012,UKCP18 12km,20491201-20791130,annual,North Antrim,0.4619441514736296
545,546,N06000013,UKCP18 12km,20491201-20791130,annual,North Down,0.5358280302431949
546,547,N06000014,UKCP18 12km,20491201-20791130,annual,South Antrim,0.3944635236408463
547,548,N06000015,UKCP18 12km,20491201-20791130,annual,South Down,0.4441143200969085
548,549,N06000016,UKCP18 12km,20491201-20791130,annual,Strangford,0.4160984238283122
549,550,N06000017,UKCP18 12km,20491201-20791130,annual,Upper Bann,0.5543415537752173
550,551,N06000018,UKCP18 12km,20491201-20791130,annual,West Tyrone,0.37441718088426945
551,552,S14000001,UKCP18 12km,20491201-20791130,annual,Aberdeen North,0.5962992302336334
552,553,S14000002,UKCP18 12km,20491201-20791130,annual,Aberdeen South,0.6106678270072451
553,554,S14000003,UKCP18 12km,20491201-20791130,annual,Airdrie and Shotts,0.2979697984579861
554,555,S14000004,UKCP18 12km,20491201-20791130,annual,Angus,0.39353465417311895
555,556,S14000005,UKCP18 12km,20491201-20791130,annual,Argyll and Bute,0.44141265864749324
556,557,S14000006,UKCP18 12km,20491201-20791130,annual,"Ayr, Carrick and Cumnock",0.3045241467218826
557,558,S14000007,UKCP18 12km,20491201-20791130,annual,Banff and Buchan,0.5131068577679423
558,559,S14000008,UKCP18 12km,20491201-20791130,annual,"Berwickshire, Roxburgh and Selkirk",0.3461033618549875
559,560,S14000009,UKCP18 12km,20491201-20791130,annual,"Caithness, Sutherland and Easter Ross",0.32096430633431117
560,561,S14000010,UKCP18 12km,20491201-20791130,annual,Central Ayrshire,0.45902176467366845
561,562,S14000011,UKCP18 12km,20491201-20791130,annual,"Coatbridge, Chryston and Bellshill",0.41432471835179924
562,563,S14000012,UKCP18 12km,20491201-20791130,annual,"Cumbernauld, Kilsyth and Kirkintilloch East",0.325748642376562
563,564,S14000013,UKCP18 12km,20491201-20791130,annual,Dumfries and Galloway,0.610970218376178
564,565,S14000014,UKCP18 12km,20491201-20791130,annual,"Dumfriesshire, Clydesdale and Tweeddale",0.46823024290209386
565,566,S14000015,UKCP18 12km,20491201-20791130,annual,Dundee East,0.45358721912789546
566,567,S14000016,UKCP18 12km,20491201-20791130,annual,Dundee West,0.5097506751934321
567,568,S14000017,UKCP18 12km,20491201-20791130,annual,Dunfermline and West Fife,0.3133293554915082
568,569,S14000018,UKCP18 12km,20491201-20791130,annual,East Dunbartonshire,0.31018915989625967
569,570,S14000019,UKCP18 12km,20491201-20791130,annual,"East Kilbride, Strathaven and Lesmahagow",0.2136123214075555
570,571,S14000020,UKCP18 12km,20491201-20791130,annual,East Lothian,0.2749605159853922
571,572,S14000021,UKCP18 12km,20491201-20791130,annual,East Renfrewshire,0.3477992413112312
572,573,S14000022,UKCP18 12km,20491201-20791130,annual,Edinburgh East,0.31658694233905765
573,574,S14000023,UKCP18 12km,20491201-20791130,annual,Edinburgh North and Leith,0.3119530641683834
574,575,S14000024,UKCP18 12km,20491201-20791130,annual,Edinburgh South,0.31658694233905765
575,576,S14000025,UKCP18 12km,20491201-20791130,annual,Edinburgh South West,0.2691260666042013
576,577,S14000026,UKCP18 12km,20491201-20791130,annual,Edinburgh West,0.3119530641683834
577,578,S14000027,UKCP18 12km,20491201-20791130,annual,Na h-Eileanan an Iar,0.46059554326953067
578,579,S14000028,UKCP18 12km,20491201-20791130,annual,Falkirk,0.2951107181065873
579,580,S14000029,UKCP18 12km,20491201-20791130,annual,Glasgow Central,0.40091838392981693
580,581,S14000030,UKCP18 12km,20491201-20791130,annual,Glasgow East,0.41432471835179924
581,582,S14000031,UKCP18 12km,20491201-20791130,annual,Glasgow North,0.40091838392981693
582,583,S14000032,UKCP18 12km,20491201-20791130,annual,Glasgow North East,0.40091838392981693
583,584,S14000033,UKCP18 12km,20491201-20791130,annual,Glasgow North West,0.40091838392981693
584,585,S14000034,UKCP18 12km,20491201-20791130,annual,Glasgow South,0.40091838392981693
585,586,S14000035,UKCP18 12km,20491201-20791130,annual,Glasgow South West,0.40091838392981693
586,587,S14000036,UKCP18 12km,20491201-20791130,annual,Glenrothes,0.3620998273372898
587,588,S14000037,UKCP18 12km,20491201-20791130,annual,Gordon,0.501719125755702
588,589,S14000038,UKCP18 12km,20491201-20791130,annual,Inverclyde,0.3833428029351447
589,590,S14000039,UKCP18 12km,20491201-20791130,annual,"Inverness, Nairn, Badenoch and Strathspey",0.4126962909118208
590,591,S14000040,UKCP18 12km,20491201-20791130,annual,Kilmarnock and Loudoun,0.27265752375646785
591,592,S14000041,UKCP18 12km,20491201-20791130,annual,Kirkcaldy and Cowdenbeath,0.2898145763443092
592,593,S14000042,UKCP18 12km,20491201-20791130,annual,Lanark and Hamilton East,0.20034704638402986
593,594,S14000043,UKCP18 12km,20491201-20791130,annual,Linlithgow and East Falkirk,0.25851868794419125
594,595,S14000044,UKCP18 12km,20491201-20791130,annual,Livingston,0.15926488765876315
595,596,S14000045,UKCP18 12km,20491201-20791130,annual,Midlothian,0.3262023784903947
596,597,S14000046,UKCP18 12km,20491201-20791130,annual,Moray,0.5601063574132243
597,598,S14000047,UKCP18 12km,20491201-20791130,annual,Motherwell and Wishaw,0.267736802330312
598,599,S14000048,UKCP18 12km,20491201-20791130,annual,North Ayrshire and Arran,0.4142827111588113
599,600,S14000049,UKCP18 12km,20491201-20791130,annual,North East Fife,0.4761496225464839
600,601,S14000050,UKCP18 12km,20491201-20791130,annual,Ochil and South Perthshire,0.34093258992270675
601,602,S14000051,UKCP18 12km,20491201-20791130,annual,Orkney and Shetland,0.14642768756881797
602,603,S14000052,UKCP18 12km,20491201-20791130,annual,Paisley and Renfrewshire North,0.36723546562691545
603,604,S14000053,UKCP18 12km,20491201-20791130,annual,Paisley and Renfrewshire South,0.3833428029351447
604,605,S14000054,UKCP18 12km,20491201-20791130,annual,Perth and North Perthshire,0.36067671601447215
605,606,S14000055,UKCP18 12km,20491201-20791130,annual,"Ross, Skye and Lochaber",0.3559340421976919
606,607,S14000056,UKCP18 12km,20491201-20791130,annual,Rutherglen and Hamilton West,0.25468131950777567
607,608,S14000057,UKCP18 12km,20491201-20791130,annual,Stirling,0.40228981548199383
608,609,S14000058,UKCP18 12km,20491201-20791130,annual,West Aberdeenshire and Kincardine,0.440780958873713
609,610,S14000059,UKCP18 12km,20491201-20791130,annual,West Dunbartonshire,0.3246376374272779
610,611,W07000041,UKCP18 12km,20491201-20791130,annual,Ynys Mon,0.6046573264784122
611,612,W07000042,UKCP18 12km,20491201-20791130,annual,Delyn,0.3886953194142583
612,613,W07000043,UKCP18 12km,20491201-20791130,annual,Alyn and Deeside,0.4002114625029561
613,614,W07000044,UKCP18 12km,20491201-20791130,annual,Wrexham,0.3921624712269784
614,615,W07000045,UKCP18 12km,20491201-20791130,annual,Llanelli,0.5751991498455248
615,616,W07000046,UKCP18 12km,20491201-20791130,annual,Gower,0.6454984311103694
616,617,W07000047,UKCP18 12km,20491201-20791130,annual,Swansea West,0.6454984311103694
617,618,W07000048,UKCP18 12km,20491201-20791130,annual,Swansea East,0.5432613672786107
618,619,W07000049,UKCP18 12km,20491201-20791130,annual,Aberavon,0.6710747998080233
619,620,W07000050,UKCP18 12km,20491201-20791130,annual,Cardiff Central,0.5808218684828059
620,621,W07000051,UKCP18 12km,20491201-20791130,annual,Cardiff North,0.47901613850216745
621,622,W07000052,UKCP18 12km,20491201-20791130,annual,Rhondda,0.518011405320811
622,623,W07000053,UKCP18 12km,20491201-20791130,annual,Torfaen,0.5191400846498159
623,624,W07000054,UKCP18 12km,20491201-20791130,annual,Monmouth,0.42064827433633634
624,625,W07000055,UKCP18 12km,20491201-20791130,annual,Newport East,0.5480984610112183
625,626,W07000056,UKCP18 12km,20491201-20791130,annual,Newport West,0.5480984610112183
626,627,W07000057,UKCP18 12km,20491201-20791130,annual,Arfon,0.7790168394790271
627,628,W07000058,UKCP18 12km,20491201-20791130,annual,Aberconwy,0.6602567839458678
628,629,W07000059,UKCP18 12km,20491201-20791130,annual,Clwyd West,0.5115608917933369
629,630,W07000060,UKCP18 12km,20491201-20791130,annual,Vale of Clwyd,0.4591868974394828
630,631,W07000061,UKCP18 12km,20491201-20791130,annual,Dwyfor Meirionnydd,0.6445544610586277
631,632,W07000062,UKCP18 12km,20491201-20791130,annual,Clwyd South,0.3979614336620249
632,633,W07000063,UKCP18 12km,20491201-20791130,annual,Montgomeryshire,0.43520611936016407
633,634,W07000064,UKCP18 12km,20491201-20791130,annual,Ceredigion,0.5972540016036519
634,635,W07000065,UKCP18 12km,20491201-20791130,annual,Preseli Pembrokeshire,0.453233971727824
635,636,W07000066,UKCP18 12km,20491201-20791130,annual,Carmarthen West and South Pembrokeshire,0.520442487011505
636,637,W07000067,UKCP18 12km,20491201-20791130,annual,Carmarthen East and Dinefwr,0.6390748678880245
637,638,W07000068,UKCP18 12km,20491201-20791130,annual,Brecon and Radnorshire,0.4252699151602214
638,639,W07000069,UKCP18 12km,20491201-20791130,annual,Neath,0.5688821649065731
639,640,W07000070,UKCP18 12km,20491201-20791130,annual,Cynon Valley,0.475637957343644
640,641,W07000071,UKCP18 12km,20491201-20791130,annual,Merthyr Tydfil and Rhymney,0.4714575224314734
641,642,W07000072,UKCP18 12km,20491201-20791130,annual,Blaenau Gwent,0.4453202091898359
642,643,W07000073,UKCP18 12km,20491201-20791130,annual,Bridgend,0.6710747998080233
643,644,W07000074,UKCP18 12km,20491201-20791130,annual,Ogmore,0.6559341213728996
644,645,W07000075,UKCP18 12km,20491201-20791130,annual,Pontypridd,0.5288018431130953
645,646,W07000076,UKCP18 12km,20491201-20791130,annual,Caerphilly,0.47901613850216745
646,647,W07000077,UKCP18 12km,20491201-20791130,annual,Islwyn,0.42605571469202136
647,648,W07000078,UKCP18 12km,20491201-20791130,annual,Vale of Glamorgan,0.702135789444438
648,649,W07000079,UKCP18 12km,20491201-20791130,annual,Cardiff West,0.5808218684828059
649,650,W07000080,UKCP18 12km,20491201-20791130,annual,Cardiff South and Penarth,0.5808218684828059
