,region,constituency,ensemble,period,season,name,rx5day_2030s
0,1,E14000530,UKCP18 12km,20191201-20491130,annual,Aldershot,2.002976181168952
1,2,E14000531,UKCP18 12km,20191201-20491130,annual,Aldridge-Brownhills,2.523790333614875
2,3,E14000532,UKCP18 12km,20191201-20491130,annual,Altrincham and Sale West,4.008173144979627
3,4,E14000533,UKCP18 12km,20191201-20491130,annual,Amber Valley,1.098010480418716
4,5,E14000534,UKCP18 12km,20191201-20491130,annual,Arundel and South Downs,6.63441050730262
5,6,E14000535,UKCP18 12km,20191201-20491130,annual,Ashfield,0.3932906384691434
6,7,E14000536,UKCP18 12km,20191201-20491130,annual,Ashford,4.102722540740917
7,8,E14000537,UKCP18 12km,20191201-20491130,annual,Ashton-under-Lyne,4.736682871366626
8,9,E14000538,UKCP18 12km,20191201-20491130,annual,Aylesbury,2.34688684271869
9,10,E14000539,UKCP18 12km,20191201-20491130,annual,Banbury,2.660370510036551
10,11,E14000540,UKCP18 12km,20191201-20491130,annual,Barking,1.764946585099932
11,12,E14000541,UKCP18 12km,20191201-20491130,annual,Barnsley Central,1.6838063758095547
12,13,E14000542,UKCP18 12km,20191201-20491130,annual,Barnsley East,1.495835301282824
13,14,E14000543,UKCP18 12km,20191201-20491130,annual,Barrow and Furness,11.40855941176594
14,15,E14000544,UKCP18 12km,20191201-20491130,annual,Basildon and Billericay,1.7219641662251561
15,16,E14000545,UKCP18 12km,20191201-20491130,annual,Basingstoke,2.052909735421869
16,17,E14000546,UKCP18 12km,20191201-20491130,annual,Bassetlaw,-1.3665867895192392
17,18,E14000547,UKCP18 12km,20191201-20491130,annual,Bath,2.353708840661288
18,19,E14000548,UKCP18 12km,20191201-20491130,annual,Batley and Spen,2.268816304449121
19,20,E14000549,UKCP18 12km,20191201-20491130,annual,Battersea,2.764330297050428
20,21,E14000550,UKCP18 12km,20191201-20491130,annual,Beaconsfield,2.507386317328625
21,22,E14000551,UKCP18 12km,20191201-20491130,annual,Beckenham,2.419315535007026
22,23,E14000552,UKCP18 12km,20191201-20491130,annual,Bedford,3.032326486889788
23,24,E14000553,UKCP18 12km,20191201-20491130,annual,Bermondsey and Old Southwark,2.332999987550117
24,25,E14000554,UKCP18 12km,20191201-20491130,annual,Berwick-upon-Tweed,1.2093693581188596
25,26,E14000555,UKCP18 12km,20191201-20491130,annual,Bethnal Green and Bow,2.8161528772363424
26,27,E14000556,UKCP18 12km,20191201-20491130,annual,Beverley and Holderness,-0.110405459079579
27,28,E14000557,UKCP18 12km,20191201-20491130,annual,Bexhill and Battle,5.432885916171043
28,29,E14000558,UKCP18 12km,20191201-20491130,annual,Bexleyheath and Crayford,1.9115239601777219
29,30,E14000559,UKCP18 12km,20191201-20491130,annual,Birkenhead,7.587412164780139
30,31,E14000560,UKCP18 12km,20191201-20491130,annual,"Birmingham, Edgbaston",1.6325161836441797
31,32,E14000561,UKCP18 12km,20191201-20491130,annual,"Birmingham, Erdington",1.8720330344169038
32,33,E14000562,UKCP18 12km,20191201-20491130,annual,"Birmingham, Hall Green",1.9213799457412317
33,34,E14000563,UKCP18 12km,20191201-20491130,annual,"Birmingham, Hodge Hill",1.9213799457412317
34,35,E14000564,UKCP18 12km,20191201-20491130,annual,"Birmingham, Ladywood",1.6325161836441797
35,36,E14000565,UKCP18 12km,20191201-20491130,annual,"Birmingham, Northfield",1.6325161836441797
36,37,E14000566,UKCP18 12km,20191201-20491130,annual,"Birmingham, Perry Barr",2.106684348705922
37,38,E14000567,UKCP18 12km,20191201-20491130,annual,"Birmingham, Selly Oak",1.6325161836441797
38,39,E14000568,UKCP18 12km,20191201-20491130,annual,"Birmingham, Yardley",1.9213799457412317
39,40,E14000569,UKCP18 12km,20191201-20491130,annual,Bishop Auckland,1.4449473331977576
40,41,E14000570,UKCP18 12km,20191201-20491130,annual,Blackburn,5.185154122008737
41,42,E14000571,UKCP18 12km,20191201-20491130,annual,Blackley and Broughton,4.736682871366626
42,43,E14000572,UKCP18 12km,20191201-20491130,annual,Blackpool North and Cleveleys,4.90898855950016
43,44,E14000573,UKCP18 12km,20191201-20491130,annual,Blackpool South,4.90898855950016
44,45,E14000574,UKCP18 12km,20191201-20491130,annual,Blaydon,-0.7694211245588212
45,46,E14000575,UKCP18 12km,20191201-20491130,annual,Blyth Valley,0.7736636734185106
46,47,E14000576,UKCP18 12km,20191201-20491130,annual,Bognor Regis and Littlehampton,8.256202032606504
47,48,E14000577,UKCP18 12km,20191201-20491130,annual,Bolsover,-0.7465974644525609
48,49,E14000578,UKCP18 12km,20191201-20491130,annual,Bolton North East,5.437363936388199
49,50,E14000579,UKCP18 12km,20191201-20491130,annual,Bolton South East,4.6332877708333084
50,51,E14000580,UKCP18 12km,20191201-20491130,annual,Bolton West,5.481440264888936
51,52,E14000581,UKCP18 12km,20191201-20491130,annual,Bootle,5.974649884285718
52,53,E14000582,UKCP18 12km,20191201-20491130,annual,Boston and Skegness,1.4117201035305968
53,54,E14000583,UKCP18 12km,20191201-20491130,annual,Bosworth,3.000488509291446
54,55,E14000584,UKCP18 12km,20191201-20491130,annual,Bournemouth East,4.632997848562934
55,56,E14000585,UKCP18 12km,20191201-20491130,annual,Bournemouth West,6.476693360913892
56,57,E14000586,UKCP18 12km,20191201-20491130,annual,Bracknell,1.0604664838320101
57,58,E14000587,UKCP18 12km,20191201-20491130,annual,Bradford East,3.330066680842028
58,59,E14000588,UKCP18 12km,20191201-20491130,annual,Bradford South,2.82196849376538
59,60,E14000589,UKCP18 12km,20191201-20491130,annual,Bradford West,3.330066680842028
60,61,E14000590,UKCP18 12km,20191201-20491130,annual,Braintree,3.1799298241507628
61,62,E14000591,UKCP18 12km,20191201-20491130,annual,Brent Central,3.8280304967924192
62,63,E14000592,UKCP18 12km,20191201-20491130,annual,Brent North,3.8280304967924192
63,64,E14000593,UKCP18 12km,20191201-20491130,annual,Brentford and Isleworth,2.764330297050428
64,65,E14000594,UKCP18 12km,20191201-20491130,annual,Brentwood and Ongar,2.8403417744598034
65,66,E14000595,UKCP18 12km,20191201-20491130,annual,Bridgwater and West Somerset,1.3714242862901411
66,67,E14000596,UKCP18 12km,20191201-20491130,annual,Brigg and Goole,0.562628440399222
67,68,E14000597,UKCP18 12km,20191201-20491130,annual,"Brighton, Kemptown",8.2765286155706
68,69,E14000598,UKCP18 12km,20191201-20491130,annual,"Brighton, Pavilion",6.982756355202258
69,70,E14000599,UKCP18 12km,20191201-20491130,annual,Bristol East,2.8507484009066513
70,71,E14000600,UKCP18 12km,20191201-20491130,annual,Bristol North West,4.021579480180262
71,72,E14000601,UKCP18 12km,20191201-20491130,annual,Bristol South,4.021579480180262
72,73,E14000602,UKCP18 12km,20191201-20491130,annual,Bristol West,4.021579480180262
73,74,E14000603,UKCP18 12km,20191201-20491130,annual,Broadland,2.2535127663964842
74,75,E14000604,UKCP18 12km,20191201-20491130,annual,Bromley and Chislehurst,1.9115239601777219
75,76,E14000605,UKCP18 12km,20191201-20491130,annual,Bromsgrove,2.0102541605511726
76,77,E14000606,UKCP18 12km,20191201-20491130,annual,Broxbourne,3.3660362752945727
77,78,E14000607,UKCP18 12km,20191201-20491130,annual,Broxtowe,0.954963629539194
78,79,E14000608,UKCP18 12km,20191201-20491130,annual,Buckingham,3.002220556385267
79,80,E14000609,UKCP18 12km,20191201-20491130,annual,Burnley,4.543392677147808
80,81,E14000610,UKCP18 12km,20191201-20491130,annual,Burton,2.9533261638106683
81,82,E14000611,UKCP18 12km,20191201-20491130,annual,Bury North,5.437363936388199
82,83,E14000612,UKCP18 12km,20191201-20491130,annual,Bury South,4.6332877708333084
83,84,E14000613,UKCP18 12km,20191201-20491130,annual,Bury St Edmunds,3.359739855767828
84,85,E14000614,UKCP18 12km,20191201-20491130,annual,Calder Valley,3.787634547251607
85,86,E14000615,UKCP18 12km,20191201-20491130,annual,Camberwell and Peckham,2.332999987550117
86,87,E14000616,UKCP18 12km,20191201-20491130,annual,Camborne and Redruth,5.265391731539742
87,88,E14000617,UKCP18 12km,20191201-20491130,annual,Cambridge,3.455953668420848
88,89,E14000618,UKCP18 12km,20191201-20491130,annual,Cannock Chase,2.4696319874884995
89,90,E14000619,UKCP18 12km,20191201-20491130,annual,Canterbury,3.793506197094632
90,91,E14000620,UKCP18 12km,20191201-20491130,annual,Carlisle,5.4232735113147585
91,92,E14000621,UKCP18 12km,20191201-20491130,annual,Carshalton and Wallington,2.419315535007026
92,93,E14000622,UKCP18 12km,20191201-20491130,annual,Castle Point,1.6118008364228373
93,94,E14000623,UKCP18 12km,20191201-20491130,annual,Central Devon,0.08069385655484211
94,95,E14000624,UKCP18 12km,20191201-20491130,annual,Central Suffolk and North Ipswich,2.7187574056268216
95,96,E14000625,UKCP18 12km,20191201-20491130,annual,Charnwood,3.2778585283361426
96,97,E14000626,UKCP18 12km,20191201-20491130,annual,Chatham and Aylesford,0.5232888888406974
97,98,E14000627,UKCP18 12km,20191201-20491130,annual,Cheadle,3.681371606087397
98,99,E14000628,UKCP18 12km,20191201-20491130,annual,Chelmsford,2.5599884886903124
99,100,E14000629,UKCP18 12km,20191201-20491130,annual,Chelsea and Fulham,2.764330297050428
100,101,E14000630,UKCP18 12km,20191201-20491130,annual,Cheltenham,2.1883897603597604
101,102,E14000631,UKCP18 12km,20191201-20491130,annual,Chesham and Amersham,2.7338204770289205
102,103,E14000632,UKCP18 12km,20191201-20491130,annual,Chesterfield,0.6679696698737546
103,104,E14000633,UKCP18 12km,20191201-20491130,annual,Chichester,7.060304677790254
104,105,E14000634,UKCP18 12km,20191201-20491130,annual,Chingford and Woodford Green,3.3935801075285883
105,106,E14000635,UKCP18 12km,20191201-20491130,annual,Chippenham,2.9161339281222727
106,107,E14000636,UKCP18 12km,20191201-20491130,annual,Chipping Barnet,3.7862012170092414
107,108,E14000637,UKCP18 12km,20191201-20491130,annual,Chorley,3.7931852501428316
108,109,E14000638,UKCP18 12km,20191201-20491130,annual,Christchurch,4.632997848562934
109,110,E14000639,UKCP18 12km,20191201-20491130,annual,Cities of London and Westminster,2.8161528772363424
110,111,E14000640,UKCP18 12km,20191201-20491130,annual,City of Chester,0.8922505631114852
111,112,E14000641,UKCP18 12km,20191201-20491130,annual,City of Durham,-1.3861555190746315
112,113,E14000642,UKCP18 12km,20191201-20491130,annual,Clacton,2.841757097811687
113,114,E14000643,UKCP18 12km,20191201-20491130,annual,Cleethorpes,-0.477971621700693
114,115,E14000644,UKCP18 12km,20191201-20491130,annual,Colchester,2.7044702658846638
115,116,E14000645,UKCP18 12km,20191201-20491130,annual,Colne Valley,3.1289855284155443
116,117,E14000646,UKCP18 12km,20191201-20491130,annual,Congleton,3.142074294526843
117,118,E14000647,UKCP18 12km,20191201-20491130,annual,Copeland,11.551225536321251
118,119,E14000648,UKCP18 12km,20191201-20491130,annual,Corby,2.498693691504576
119,120,E14000649,UKCP18 12km,20191201-20491130,annual,Coventry North East,1.9509266602944333
120,121,E14000650,UKCP18 12km,20191201-20491130,annual,Coventry North West,1.7649465234673436
121,122,E14000651,UKCP18 12km,20191201-20491130,annual,Coventry South,1.9509266602944333
122,123,E14000652,UKCP18 12km,20191201-20491130,annual,Crawley,3.590005125656766
123,124,E14000653,UKCP18 12km,20191201-20491130,annual,Crewe and Nantwich,2.7630453783849127
124,125,E14000654,UKCP18 12km,20191201-20491130,annual,Croydon Central,2.419315535007026
125,126,E14000655,UKCP18 12km,20191201-20491130,annual,Croydon North,2.332999987550117
126,127,E14000656,UKCP18 12km,20191201-20491130,annual,Croydon South,2.419315535007026
127,128,E14000657,UKCP18 12km,20191201-20491130,annual,Dagenham and Rainham,1.764946585099932
128,129,E14000658,UKCP18 12km,20191201-20491130,annual,Darlington,1.1903305856408206
129,130,E14000659,UKCP18 12km,20191201-20491130,annual,Dartford,1.4455599394950938
130,131,E14000660,UKCP18 12km,20191201-20491130,annual,Daventry,3.311848403340253
131,132,E14000661,UKCP18 12km,20191201-20491130,annual,Denton and Reddish,3.681371606087397
132,133,E14000662,UKCP18 12km,20191201-20491130,annual,Derby North,1.7422092018781143
133,134,E14000663,UKCP18 12km,20191201-20491130,annual,Derby South,1.5482499738706619
134,135,E14000664,UKCP18 12km,20191201-20491130,annual,Derbyshire Dales,3.1472822305601014
135,136,E14000665,UKCP18 12km,20191201-20491130,annual,Devizes,1.9917407679837904
136,137,E14000666,UKCP18 12km,20191201-20491130,annual,Dewsbury,1.7848704362857835
137,138,E14000667,UKCP18 12km,20191201-20491130,annual,Don Valley,-0.23802846011361112
138,139,E14000668,UKCP18 12km,20191201-20491130,annual,Doncaster Central,-0.23802846011361112
139,140,E14000669,UKCP18 12km,20191201-20491130,annual,Doncaster North,0.8214375699243602
140,141,E14000670,UKCP18 12km,20191201-20491130,annual,Dover,4.234933986001328
141,142,E14000671,UKCP18 12km,20191201-20491130,annual,Dudley North,0.5795929824458069
142,143,E14000672,UKCP18 12km,20191201-20491130,annual,Dudley South,0.5795929824458069
143,144,E14000673,UKCP18 12km,20191201-20491130,annual,Dulwich and West Norwood,2.332999987550117
144,145,E14000674,UKCP18 12km,20191201-20491130,annual,Ealing Central and Acton,3.8280304967924192
145,146,E14000675,UKCP18 12km,20191201-20491130,annual,Ealing North,3.7099166130252477
146,147,E14000676,UKCP18 12km,20191201-20491130,annual,"Ealing, Southall",2.2504062325619785
147,148,E14000677,UKCP18 12km,20191201-20491130,annual,Easington,-0.5256846947962158
148,149,E14000678,UKCP18 12km,20191201-20491130,annual,East Devon,-0.7167861206616001
149,150,E14000679,UKCP18 12km,20191201-20491130,annual,East Ham,1.764946585099932
150,151,E14000680,UKCP18 12km,20191201-20491130,annual,East Hampshire,4.634764555928675
151,152,E14000681,UKCP18 12km,20191201-20491130,annual,East Surrey,3.0692543215301655
152,153,E14000682,UKCP18 12km,20191201-20491130,annual,East Worthing and Shoreham,7.188294782779532
153,154,E14000683,UKCP18 12km,20191201-20491130,annual,East Yorkshire,0.03330620035213042
154,155,E14000684,UKCP18 12km,20191201-20491130,annual,Eastbourne,9.568354708365748
155,156,E14000685,UKCP18 12km,20191201-20491130,annual,Eastleigh,5.284030761891891
156,157,E14000686,UKCP18 12km,20191201-20491130,annual,Eddisbury,1.3275458943881673
157,158,E14000687,UKCP18 12km,20191201-20491130,annual,Edmonton,3.3935801075285883
158,159,E14000688,UKCP18 12km,20191201-20491130,annual,Ellesmere Port and Neston,1.1853090130247796
159,160,E14000689,UKCP18 12km,20191201-20491130,annual,Elmet and Rothwell,2.433744564322801
160,161,E14000690,UKCP18 12km,20191201-20491130,annual,Eltham,1.9115239601777219
161,162,E14000691,UKCP18 12km,20191201-20491130,annual,Enfield North,3.3935801075285883
162,163,E14000692,UKCP18 12km,20191201-20491130,annual,"Enfield, Southgate",3.3935801075285883
163,164,E14000693,UKCP18 12km,20191201-20491130,annual,Epping Forest,2.6514297901295536
164,165,E14000694,UKCP18 12km,20191201-20491130,annual,Epsom and Ewell,2.4525294982642407
165,166,E14000695,UKCP18 12km,20191201-20491130,annual,Erewash,0.954963629539194
166,167,E14000696,UKCP18 12km,20191201-20491130,annual,Erith and Thamesmead,1.9115239601777219
167,168,E14000697,UKCP18 12km,20191201-20491130,annual,Esher and Walton,2.552751315904656
168,169,E14000698,UKCP18 12km,20191201-20491130,annual,Exeter,-0.9053964048352677
169,170,E14000699,UKCP18 12km,20191201-20491130,annual,Fareham,5.284030761891891
170,171,E14000700,UKCP18 12km,20191201-20491130,annual,Faversham and Mid Kent,1.5684798396939785
171,172,E14000701,UKCP18 12km,20191201-20491130,annual,Feltham and Heston,2.2504062325619785
172,173,E14000702,UKCP18 12km,20191201-20491130,annual,Filton and Bradley Stoke,6.492480841124281
173,174,E14000703,UKCP18 12km,20191201-20491130,annual,Finchley and Golders Green,3.8280304967924192
174,175,E14000704,UKCP18 12km,20191201-20491130,annual,Folkestone and Hythe,5.488742592720666
175,176,E14000705,UKCP18 12km,20191201-20491130,annual,Forest of Dean,2.4594052907839354
176,177,E14000706,UKCP18 12km,20191201-20491130,annual,Fylde,4.90898855950016
177,178,E14000707,UKCP18 12km,20191201-20491130,annual,Gainsborough,-0.26201661241249047
178,179,E14000708,UKCP18 12km,20191201-20491130,annual,Garston and Halewood,1.274893240056236
179,180,E14000709,UKCP18 12km,20191201-20491130,annual,Gateshead,-0.6908941282487131
180,181,E14000710,UKCP18 12km,20191201-20491130,annual,Gedling,0.7294338732579752
181,182,E14000711,UKCP18 12km,20191201-20491130,annual,Gillingham and Rainham,0.1021661068806085
182,183,E14000712,UKCP18 12km,20191201-20491130,annual,Gloucester,1.4294847874050103
183,184,E14000713,UKCP18 12km,20191201-20491130,annual,Gosport,6.148084229669252
184,185,E14000714,UKCP18 12km,20191201-20491130,annual,Grantham and Stamford,1.144945479457172
185,186,E14000715,UKCP18 12km,20191201-20491130,annual,Gravesham,1.236988916461512
186,187,E14000716,UKCP18 12km,20191201-20491130,annual,Great Grimsby,-0.1981933541657034
187,188,E14000717,UKCP18 12km,20191201-20491130,annual,Great Yarmouth,2.7256467895154652
188,189,E14000718,UKCP18 12km,20191201-20491130,annual,Greenwich and Woolwich,1.9115239601777219
189,190,E14000719,UKCP18 12km,20191201-20491130,annual,Guildford,2.454959756456944
190,191,E14000720,UKCP18 12km,20191201-20491130,annual,Hackney North and Stoke Newington,2.8161528772363424
191,192,E14000721,UKCP18 12km,20191201-20491130,annual,Hackney South and Shoreditch,2.8161528772363424
192,193,E14000722,UKCP18 12km,20191201-20491130,annual,Halesowen and Rowley Regis,1.6325161836441797
193,194,E14000723,UKCP18 12km,20191201-20491130,annual,Halifax,2.82196849376538
194,195,E14000724,UKCP18 12km,20191201-20491130,annual,Haltemprice and Howden,1.502712665259801
195,196,E14000725,UKCP18 12km,20191201-20491130,annual,Halton,0.9357179877763068
196,197,E14000726,UKCP18 12km,20191201-20491130,annual,Hammersmith,2.764330297050428
197,198,E14000727,UKCP18 12km,20191201-20491130,annual,Hampstead and Kilburn,3.8280304967924192
198,199,E14000728,UKCP18 12km,20191201-20491130,annual,Harborough,3.5857622136261837
199,200,E14000729,UKCP18 12km,20191201-20491130,annual,Harlow,3.538781986244169
200,201,E14000730,UKCP18 12km,20191201-20491130,annual,Harrogate and Knaresborough,2.884545713599675
201,202,E14000731,UKCP18 12km,20191201-20491130,annual,Harrow East,3.8280304967924192
202,203,E14000732,UKCP18 12km,20191201-20491130,annual,Harrow West,3.7099166130252477
203,204,E14000733,UKCP18 12km,20191201-20491130,annual,Hartlepool,-0.0019848823621444467
204,205,E14000734,UKCP18 12km,20191201-20491130,annual,Harwich and North Essex,2.504800050050383
205,206,E14000735,UKCP18 12km,20191201-20491130,annual,Hastings and Rye,7.710847133751645
206,207,E14000736,UKCP18 12km,20191201-20491130,annual,Havant,7.266201906047147
207,208,E14000737,UKCP18 12km,20191201-20491130,annual,Hayes and Harlington,2.2504062325619785
208,209,E14000738,UKCP18 12km,20191201-20491130,annual,Hazel Grove,3.681371606087397
209,210,E14000739,UKCP18 12km,20191201-20491130,annual,Hemel Hempstead,2.5474526124754475
210,211,E14000740,UKCP18 12km,20191201-20491130,annual,Hemsworth,1.6373757106781697
211,212,E14000741,UKCP18 12km,20191201-20491130,annual,Hendon,3.8280304967924192
212,213,E14000742,UKCP18 12km,20191201-20491130,annual,Henley,2.00474309733628
213,214,E14000743,UKCP18 12km,20191201-20491130,annual,Hereford and South Herefordshire,0.7766502726891537
214,215,E14000744,UKCP18 12km,20191201-20491130,annual,Hertford and Stortford,3.3660362752945727
215,216,E14000745,UKCP18 12km,20191201-20491130,annual,Hertsmere,3.7862012170092414
216,217,E14000746,UKCP18 12km,20191201-20491130,annual,Hexham,2.421736326426506
217,218,E14000747,UKCP18 12km,20191201-20491130,annual,Heywood and Middleton,4.417185479194036
218,219,E14000748,UKCP18 12km,20191201-20491130,annual,High Peak,3.188384288600026
219,220,E14000749,UKCP18 12km,20191201-20491130,annual,Hitchin and Harpenden,2.5474526124754475
220,221,E14000750,UKCP18 12km,20191201-20491130,annual,Holborn and St Pancras,2.8161528772363424
221,222,E14000751,UKCP18 12km,20191201-20491130,annual,Hornchurch and Upminster,1.5148135860190812
222,223,E14000752,UKCP18 12km,20191201-20491130,annual,Hornsey and Wood Green,2.8161528772363424
223,224,E14000753,UKCP18 12km,20191201-20491130,annual,Horsham,4.3945648537407225
224,225,E14000754,UKCP18 12km,20191201-20491130,annual,Houghton and Sunderland South,-0.5256846947962158
225,226,E14000755,UKCP18 12km,20191201-20491130,annual,Hove,8.2765286155706
226,227,E14000756,UKCP18 12km,20191201-20491130,annual,Huddersfield,2.2006406547076978
227,228,E14000757,UKCP18 12km,20191201-20491130,annual,Huntingdon,3.0220448689703256
228,229,E14000758,UKCP18 12km,20191201-20491130,annual,Hyndburn,5.075931595885488
229,230,E14000759,UKCP18 12km,20191201-20491130,annual,Ilford North,1.764946585099932
230,231,E14000760,UKCP18 12km,20191201-20491130,annual,Ilford South,1.764946585099932
231,232,E14000761,UKCP18 12km,20191201-20491130,annual,Ipswich,3.470521633356787
232,233,E14000762,UKCP18 12km,20191201-20491130,annual,Isle of Wight,7.238557771271425
233,234,E14000763,UKCP18 12km,20191201-20491130,annual,Islington North,2.8161528772363424
234,235,E14000764,UKCP18 12km,20191201-20491130,annual,Islington South and Finsbury,2.8161528772363424
235,236,E14000765,UKCP18 12km,20191201-20491130,annual,Jarrow,0.19026037267800908
236,237,E14000766,UKCP18 12km,20191201-20491130,annual,Keighley,3.5593101592442125
237,238,E14000767,UKCP18 12km,20191201-20491130,annual,Kenilworth and Southam,3.0845370771355403
238,239,E14000768,UKCP18 12km,20191201-20491130,annual,Kensington,3.8280304967924192
239,240,E14000769,UKCP18 12km,20191201-20491130,annual,Kettering,2.7990793509553935
240,241,E14000770,UKCP18 12km,20191201-20491130,annual,Kingston and Surbiton,2.4525294982642407
241,242,E14000771,UKCP18 12km,20191201-20491130,annual,Kingston upon Hull East,0.4809267981855996
242,243,E14000772,UKCP18 12km,20191201-20491130,annual,Kingston upon Hull North,0.03172463735560882
243,244,E14000773,UKCP18 12km,20191201-20491130,annual,Kingston upon Hull West and Hessle,0.4809267981855996
244,245,E14000774,UKCP18 12km,20191201-20491130,annual,Kingswood,2.8507484009066513
245,246,E14000775,UKCP18 12km,20191201-20491130,annual,Knowsley,1.274893240056236
246,247,E14000776,UKCP18 12km,20191201-20491130,annual,Lancaster and Fleetwood,7.224346299514731
247,248,E14000777,UKCP18 12km,20191201-20491130,annual,Leeds Central,2.268816304449121
248,249,E14000778,UKCP18 12km,20191201-20491130,annual,Leeds East,2.7048243751555003
249,250,E14000779,UKCP18 12km,20191201-20491130,annual,Leeds North East,3.1875626649797346
250,251,E14000780,UKCP18 12km,20191201-20491130,annual,Leeds North West,3.1875626649797346
251,252,E14000781,UKCP18 12km,20191201-20491130,annual,Leeds West,3.1875626649797346
252,253,E14000782,UKCP18 12km,20191201-20491130,annual,Leicester East,3.305484114938091
253,254,E14000783,UKCP18 12km,20191201-20491130,annual,Leicester South,3.305484114938091
254,255,E14000784,UKCP18 12km,20191201-20491130,annual,Leicester West,3.305484114938091
255,256,E14000785,UKCP18 12km,20191201-20491130,annual,Leigh,3.5491663201278256
256,257,E14000786,UKCP18 12km,20191201-20491130,annual,Lewes,6.815269329605311
257,258,E14000787,UKCP18 12km,20191201-20491130,annual,Lewisham East,2.332999987550117
258,259,E14000788,UKCP18 12km,20191201-20491130,annual,Lewisham West and Penge,2.332999987550117
259,260,E14000789,UKCP18 12km,20191201-20491130,annual,"Lewisham, Deptford",2.332999987550117
260,261,E14000790,UKCP18 12km,20191201-20491130,annual,Leyton and Wanstead,2.8161528772363424
261,262,E14000791,UKCP18 12km,20191201-20491130,annual,Lichfield,2.485658412148727
262,263,E14000792,UKCP18 12km,20191201-20491130,annual,Lincoln,-0.0627839826307041
263,264,E14000793,UKCP18 12km,20191201-20491130,annual,"Liverpool, Riverside",1.274893240056236
264,265,E14000794,UKCP18 12km,20191201-20491130,annual,"Liverpool, Walton",1.274893240056236
265,266,E14000795,UKCP18 12km,20191201-20491130,annual,"Liverpool, Wavertree",1.274893240056236
266,267,E14000796,UKCP18 12km,20191201-20491130,annual,"Liverpool, West Derby",1.274893240056236
267,268,E14000797,UKCP18 12km,20191201-20491130,annual,Loughborough,3.349283423603764
268,269,E14000798,UKCP18 12km,20191201-20491130,annual,Louth and Horncastle,-0.06500206966270246
269,270,E14000799,UKCP18 12km,20191201-20491130,annual,Ludlow,1.123694461486717
270,271,E14000800,UKCP18 12km,20191201-20491130,annual,Luton North,2.7405976251713984
271,272,E14000801,UKCP18 12km,20191201-20491130,annual,Luton South,2.7405976251713984
272,273,E14000802,UKCP18 12km,20191201-20491130,annual,Macclesfield,3.527993402643257
273,274,E14000803,UKCP18 12km,20191201-20491130,annual,Maidenhead,0.554062542273075
274,275,E14000804,UKCP18 12km,20191201-20491130,annual,Maidstone and The Weald,1.2377409283489467
275,276,E14000805,UKCP18 12km,20191201-20491130,annual,Makerfield,2.3874457452037956
276,277,E14000806,UKCP18 12km,20191201-20491130,annual,Maldon,2.3167449752273135
277,278,E14000807,UKCP18 12km,20191201-20491130,annual,Manchester Central,4.736682871366626
278,279,E14000808,UKCP18 12km,20191201-20491130,annual,"Manchester, Gorton",3.681371606087397
279,280,E14000809,UKCP18 12km,20191201-20491130,annual,"Manchester, Withington",4.008173144979627
280,281,E14000810,UKCP18 12km,20191201-20491130,annual,Mansfield,-0.4912045927344675
281,282,E14000811,UKCP18 12km,20191201-20491130,annual,Meon Valley,6.627159778110922
282,283,E14000812,UKCP18 12km,20191201-20491130,annual,Meriden,1.7649465234673436
283,284,E14000813,UKCP18 12km,20191201-20491130,annual,Mid Bedfordshire,2.895183986621522
284,285,E14000814,UKCP18 12km,20191201-20491130,annual,Mid Derbyshire,1.7422092018781143
285,286,E14000815,UKCP18 12km,20191201-20491130,annual,Mid Dorset and North Poole,6.461213391340567
286,287,E14000816,UKCP18 12km,20191201-20491130,annual,Mid Norfolk,3.142360495309602
287,288,E14000817,UKCP18 12km,20191201-20491130,annual,Mid Sussex,5.552755269511569
288,289,E14000818,UKCP18 12km,20191201-20491130,annual,Mid Worcestershire,1.3149385786229346
289,290,E14000819,UKCP18 12km,20191201-20491130,annual,Middlesbrough,-0.0019848823621444467
290,291,E14000820,UKCP18 12km,20191201-20491130,annual,Middlesbrough South and East Cleveland,-3.7659747450320396
291,292,E14000821,UKCP18 12km,20191201-20491130,annual,Milton Keynes North,4.611416335332528
292,293,E14000822,UKCP18 12km,20191201-20491130,annual,Milton Keynes South,3.017023462482807
293,294,E14000823,UKCP18 12km,20191201-20491130,annual,Mitcham and Morden,2.764330297050428
294,295,E14000824,UKCP18 12km,20191201-20491130,annual,Mole Valley,2.6336827639380638
295,296,E14000825,UKCP18 12km,20191201-20491130,annual,Morecambe and Lunesdale,10.825770424757707
296,297,E14000826,UKCP18 12km,20191201-20491130,annual,Morley and Outwood,2.268816304449121
297,298,E14000827,UKCP18 12km,20191201-20491130,annual,New Forest East,4.8499928167745825
298,299,E14000828,UKCP18 12km,20191201-20491130,annual,New Forest West,4.180640732110252
299,300,E14000829,UKCP18 12km,20191201-20491130,annual,Newark,0.1207239524587631
300,301,E14000830,UKCP18 12km,20191201-20491130,annual,Newbury,1.9594862336237047
301,302,E14000831,UKCP18 12km,20191201-20491130,annual,Newcastle upon Tyne Central,0.26093725080571123
302,303,E14000832,UKCP18 12km,20191201-20491130,annual,Newcastle upon Tyne East,0.26093725080571123
303,304,E14000833,UKCP18 12km,20191201-20491130,annual,Newcastle upon Tyne North,0.26093725080571123
304,305,E14000834,UKCP18 12km,20191201-20491130,annual,Newcastle-under-Lyme,3.1291029417328633
305,306,E14000835,UKCP18 12km,20191201-20491130,annual,Newton Abbot,0.16031852581711212
306,307,E14000836,UKCP18 12km,20191201-20491130,annual,"Normanton, Pontefract and Castleford",2.297217629670332
307,308,E14000837,UKCP18 12km,20191201-20491130,annual,North Cornwall,4.594608259405298
308,309,E14000838,UKCP18 12km,20191201-20491130,annual,North Devon,4.345455961248168
309,310,E14000839,UKCP18 12km,20191201-20491130,annual,North Dorset,3.2396276128604113
310,311,E14000840,UKCP18 12km,20191201-20491130,annual,North Durham,-1.3861555190746315
311,312,E14000841,UKCP18 12km,20191201-20491130,annual,North East Bedfordshire,3.1044470197689726
312,313,E14000842,UKCP18 12km,20191201-20491130,annual,North East Cambridgeshire,3.6559848313047367
313,314,E14000843,UKCP18 12km,20191201-20491130,annual,North East Derbyshire,0.5429541963019583
314,315,E14000844,UKCP18 12km,20191201-20491130,annual,North East Hampshire,0.8891444724163192
315,316,E14000845,UKCP18 12km,20191201-20491130,annual,North East Hertfordshire,2.5719197650933117
316,317,E14000846,UKCP18 12km,20191201-20491130,annual,North East Somerset,2.822901759060714
317,318,E14000847,UKCP18 12km,20191201-20491130,annual,North Herefordshire,0.8153944334648222
318,319,E14000848,UKCP18 12km,20191201-20491130,annual,North Norfolk,2.4190987623439613
319,320,E14000849,UKCP18 12km,20191201-20491130,annual,North Shropshire,1.6212415809352165
320,321,E14000850,UKCP18 12km,20191201-20491130,annual,North Somerset,4.3452312759792795
321,322,E14000851,UKCP18 12km,20191201-20491130,annual,North Swindon,2.849933115195364
322,323,E14000852,UKCP18 12km,20191201-20491130,annual,North Thanet,4.01053775644973
323,324,E14000853,UKCP18 12km,20191201-20491130,annual,North Tyneside,0.26093725080571123
324,325,E14000854,UKCP18 12km,20191201-20491130,annual,North Warwickshire,1.9563800295597273
325,326,E14000855,UKCP18 12km,20191201-20491130,annual,North West Cambridgeshire,2.7695081650687237
326,327,E14000856,UKCP18 12km,20191201-20491130,annual,North West Durham,1.1725600335315574
327,328,E14000857,UKCP18 12km,20191201-20491130,annual,North West Hampshire,1.358110844169575
328,329,E14000858,UKCP18 12km,20191201-20491130,annual,North West Leicestershire,1.549252527660477
329,330,E14000859,UKCP18 12km,20191201-20491130,annual,North West Norfolk,1.7174673392365338
330,331,E14000860,UKCP18 12km,20191201-20491130,annual,North Wiltshire,3.330182420575623
331,332,E14000861,UKCP18 12km,20191201-20491130,annual,Northampton North,2.9631091269053598
332,333,E14000862,UKCP18 12km,20191201-20491130,annual,Northampton South,2.9631091269053598
333,334,E14000863,UKCP18 12km,20191201-20491130,annual,Norwich North,3.0636820121951125
334,335,E14000864,UKCP18 12km,20191201-20491130,annual,Norwich South,2.7495728348978083
335,336,E14000865,UKCP18 12km,20191201-20491130,annual,Nottingham East,0.7294338732579752
336,337,E14000866,UKCP18 12km,20191201-20491130,annual,Nottingham North,0.954963629539194
337,338,E14000867,UKCP18 12km,20191201-20491130,annual,Nottingham South,0.954963629539194
338,339,E14000868,UKCP18 12km,20191201-20491130,annual,Nuneaton,1.8882710663234643
339,340,E14000869,UKCP18 12km,20191201-20491130,annual,Old Bexley and Sidcup,1.9115239601777219
340,341,E14000870,UKCP18 12km,20191201-20491130,annual,Oldham East and Saddleworth,4.335019303602267
341,342,E14000871,UKCP18 12km,20191201-20491130,annual,Oldham West and Royton,4.736682871366626
342,343,E14000872,UKCP18 12km,20191201-20491130,annual,Orpington,2.1253709645763013
343,344,E14000873,UKCP18 12km,20191201-20491130,annual,Oxford East,1.9829558955330728
344,345,E14000874,UKCP18 12km,20191201-20491130,annual,Oxford West and Abingdon,2.1077801959084947
345,346,E14000875,UKCP18 12km,20191201-20491130,annual,Pendle,4.732668922956088
346,347,E14000876,UKCP18 12km,20191201-20491130,annual,Penistone and Stocksbridge,2.15106462840264
347,348,E14000877,UKCP18 12km,20191201-20491130,annual,Penrith and The Border,5.0686940815182835
348,349,E14000878,UKCP18 12km,20191201-20491130,annual,Peterborough,2.298706907133877
349,350,E14000879,UKCP18 12km,20191201-20491130,annual,"Plymouth, Moor View",4.714860555490595
350,351,E14000880,UKCP18 12km,20191201-20491130,annual,"Plymouth, Sutton and Devonport",6.224038207358583
351,352,E14000881,UKCP18 12km,20191201-20491130,annual,Poole,6.476693360913892
352,353,E14000882,UKCP18 12km,20191201-20491130,annual,Poplar and Limehouse,2.8161528772363424
353,354,E14000883,UKCP18 12km,20191201-20491130,annual,Portsmouth North,6.148084229669252
354,355,E14000884,UKCP18 12km,20191201-20491130,annual,Portsmouth South,6.148084229669252
355,356,E14000885,UKCP18 12km,20191201-20491130,annual,Preston,4.618200558597397
356,357,E14000886,UKCP18 12km,20191201-20491130,annual,Pudsey,3.1875626649797346
357,358,E14000887,UKCP18 12km,20191201-20491130,annual,Putney,2.764330297050428
358,359,E14000888,UKCP18 12km,20191201-20491130,annual,Rayleigh and Wickford,2.758823549514183
359,360,E14000889,UKCP18 12km,20191201-20491130,annual,Reading East,0.579242787582702
360,361,E14000890,UKCP18 12km,20191201-20491130,annual,Reading West,1.1819783223511298
361,362,E14000891,UKCP18 12km,20191201-20491130,annual,Redcar,-1.0174019989154186
362,363,E14000892,UKCP18 12km,20191201-20491130,annual,Redditch,2.4367983778882802
363,364,E14000893,UKCP18 12km,20191201-20491130,annual,Reigate,2.842801991638854
364,365,E14000894,UKCP18 12km,20191201-20491130,annual,Ribble Valley,6.148817314568205
365,366,E14000895,UKCP18 12km,20191201-20491130,annual,Richmond (Yorks),1.517332967968919
366,367,E14000896,UKCP18 12km,20191201-20491130,annual,Richmond Park,2.764330297050428
367,368,E14000897,UKCP18 12km,20191201-20491130,annual,Rochdale,4.417185479194036
368,369,E14000898,UKCP18 12km,20191201-20491130,annual,Rochester and Strood,1.0075150669637758
369,370,E14000899,UKCP18 12km,20191201-20491130,annual,Rochford and Southend East,2.4694472099426004
370,371,E14000900,UKCP18 12km,20191201-20491130,annual,Romford,1.764946585099932
371,372,E14000901,UKCP18 12km,20191201-20491130,annual,Romsey and Southampton North,2.135306104061312
372,373,E14000902,UKCP18 12km,20191201-20491130,annual,Rossendale and Darwen,5.075931595885488
373,374,E14000903,UKCP18 12km,20191201-20491130,annual,Rother Valley,0.4775800111987281
374,375,E14000904,UKCP18 12km,20191201-20491130,annual,Rotherham,1.5159704776283516
375,376,E14000905,UKCP18 12km,20191201-20491130,annual,Rugby,3.2009970713042937
376,377,E14000906,UKCP18 12km,20191201-20491130,annual,"Ruislip, Northwood and Pinner",3.7099166130252477
377,378,E14000907,UKCP18 12km,20191201-20491130,annual,Runnymede and Weybridge,2.0578595371366055
378,379,E14000908,UKCP18 12km,20191201-20491130,annual,Rushcliffe,2.375814167240729
379,380,E14000909,UKCP18 12km,20191201-20491130,annual,Rutland and Melton,2.384658224987043
380,381,E14000910,UKCP18 12km,20191201-20491130,annual,Saffron Walden,2.6544578676276327
381,382,E14000911,UKCP18 12km,20191201-20491130,annual,Salford and Eccles,4.6332877708333084
382,383,E14000912,UKCP18 12km,20191201-20491130,annual,Salisbury,2.104820045095977
383,384,E14000913,UKCP18 12km,20191201-20491130,annual,Scarborough and Whitby,-0.2552219389046761
384,385,E14000914,UKCP18 12km,20191201-20491130,annual,Scunthorpe,-0.46124721255996154
385,386,E14000915,UKCP18 12km,20191201-20491130,annual,Sedgefield,0.12529390049879396
386,387,E14000916,UKCP18 12km,20191201-20491130,annual,Sefton Central,5.974649884285718
387,388,E14000917,UKCP18 12km,20191201-20491130,annual,Selby and Ainsty,2.036910613752393
388,389,E14000918,UKCP18 12km,20191201-20491130,annual,Sevenoaks,1.906896386648575
389,390,E14000919,UKCP18 12km,20191201-20491130,annual,Sheffield Central,1.5159704776283516
390,391,E14000920,UKCP18 12km,20191201-20491130,annual,Sheffield South East,1.5159704776283516
391,392,E14000921,UKCP18 12km,20191201-20491130,annual,"Sheffield, Brightside and Hillsborough",1.5159704776283516
392,393,E14000922,UKCP18 12km,20191201-20491130,annual,"Sheffield, Hallam",2.0979058311534664
393,394,E14000923,UKCP18 12km,20191201-20491130,annual,"Sheffield, Heeley",0.6679696698737546
394,395,E14000924,UKCP18 12km,20191201-20491130,annual,Sherwood,-0.2962096067414028
395,396,E14000925,UKCP18 12km,20191201-20491130,annual,Shipley,3.330066680842028
396,397,E14000926,UKCP18 12km,20191201-20491130,annual,Shrewsbury and Atcham,1.3723786358411387
397,398,E14000927,UKCP18 12km,20191201-20491130,annual,Sittingbourne and Sheppey,1.7172443216823516
398,399,E14000928,UKCP18 12km,20191201-20491130,annual,Skipton and Ripon,5.160338891755126
399,400,E14000929,UKCP18 12km,20191201-20491130,annual,Sleaford and North Hykeham,1.0509134868715109
400,401,E14000930,UKCP18 12km,20191201-20491130,annual,Slough,2.7572808996873306
401,402,E14000931,UKCP18 12km,20191201-20491130,annual,Solihull,1.9213799457412317
402,403,E14000932,UKCP18 12km,20191201-20491130,annual,Somerton and Frome,0.9697186961257962
403,404,E14000933,UKCP18 12km,20191201-20491130,annual,South Basildon and East Thurrock,1.7190311909762344
404,405,E14000934,UKCP18 12km,20191201-20491130,annual,South Cambridgeshire,3.4104328902972996
405,406,E14000935,UKCP18 12km,20191201-20491130,annual,South Derbyshire,2.2569316419844476
406,407,E14000936,UKCP18 12km,20191201-20491130,annual,South Dorset,7.132074386520619
407,408,E14000937,UKCP18 12km,20191201-20491130,annual,South East Cambridgeshire,3.889743093236139
408,409,E14000938,UKCP18 12km,20191201-20491130,annual,South East Cornwall,1.357159840714514
409,410,E14000939,UKCP18 12km,20191201-20491130,annual,South Holland and The Deepings,2.159542507431935
410,411,E14000940,UKCP18 12km,20191201-20491130,annual,South Leicestershire,3.096752895986763
411,412,E14000941,UKCP18 12km,20191201-20491130,annual,South Norfolk,2.66243280071811
412,413,E14000942,UKCP18 12km,20191201-20491130,annual,South Northamptonshire,3.2826732422812612
413,414,E14000943,UKCP18 12km,20191201-20491130,annual,South Ribble,4.207741328127145
414,415,E14000944,UKCP18 12km,20191201-20491130,annual,South Shields,0.19026037267800908
415,416,E14000945,UKCP18 12km,20191201-20491130,annual,South Staffordshire,0.6779761296107726
416,417,E14000946,UKCP18 12km,20191201-20491130,annual,South Suffolk,3.2473085595396745
417,418,E14000947,UKCP18 12km,20191201-20491130,annual,South Swindon,2.849933115195364
418,419,E14000948,UKCP18 12km,20191201-20491130,annual,South Thanet,4.01053775644973
419,420,E14000949,UKCP18 12km,20191201-20491130,annual,South West Bedfordshire,2.3972864775005758
420,421,E14000950,UKCP18 12km,20191201-20491130,annual,South West Devon,5.178283028114546
421,422,E14000951,UKCP18 12km,20191201-20491130,annual,South West Hertfordshire,2.081803439507946
422,423,E14000952,UKCP18 12km,20191201-20491130,annual,South West Norfolk,3.377433807786556
423,424,E14000953,UKCP18 12km,20191201-20491130,annual,South West Surrey,3.5945580726720214
424,425,E14000954,UKCP18 12km,20191201-20491130,annual,South West Wiltshire,1.5068045637943073
425,426,E14000955,UKCP18 12km,20191201-20491130,annual,"Southampton, Itchen",5.284030761891891
426,427,E14000956,UKCP18 12km,20191201-20491130,annual,"Southampton, Test",4.030838160031777
427,428,E14000957,UKCP18 12km,20191201-20491130,annual,Southend West,1.6118008364228373
428,429,E14000958,UKCP18 12km,20191201-20491130,annual,Southport,7.114894876573377
429,430,E14000959,UKCP18 12km,20191201-20491130,annual,Spelthorne,2.2504062325619785
430,431,E14000960,UKCP18 12km,20191201-20491130,annual,St Albans,2.5474526124754475
431,432,E14000961,UKCP18 12km,20191201-20491130,annual,St Austell and Newquay,3.758610970956795
432,433,E14000962,UKCP18 12km,20191201-20491130,annual,St Helens North,2.3874457452037956
433,434,E14000963,UKCP18 12km,20191201-20491130,annual,St Helens South and Whiston,0.9357179877763068
434,435,E14000964,UKCP18 12km,20191201-20491130,annual,St Ives,4.235207284152436
435,436,E14000965,UKCP18 12km,20191201-20491130,annual,Stafford,2.5023428759125284
436,437,E14000966,UKCP18 12km,20191201-20491130,annual,Staffordshire Moorlands,4.312141054603645
437,438,E14000967,UKCP18 12km,20191201-20491130,annual,Stalybridge and Hyde,4.335019303602267
438,439,E14000968,UKCP18 12km,20191201-20491130,annual,Stevenage,2.3265256351594554
439,440,E14000969,UKCP18 12km,20191201-20491130,annual,Stockport,3.681371606087397
440,441,E14000970,UKCP18 12km,20191201-20491130,annual,Stockton North,-0.0019848823621444467
441,442,E14000971,UKCP18 12km,20191201-20491130,annual,Stockton South,0.5437853734560433
442,443,E14000972,UKCP18 12km,20191201-20491130,annual,Stoke-on-Trent Central,3.9195276865236903
443,444,E14000973,UKCP18 12km,20191201-20491130,annual,Stoke-on-Trent North,3.5842304138313863
444,445,E14000974,UKCP18 12km,20191201-20491130,annual,Stoke-on-Trent South,3.9195276865236903
445,446,E14000975,UKCP18 12km,20191201-20491130,annual,Stone,2.8173697164604596
446,447,E14000976,UKCP18 12km,20191201-20491130,annual,Stourbridge,1.2934413209723594
447,448,E14000977,UKCP18 12km,20191201-20491130,annual,Stratford-on-Avon,2.118822626687547
448,449,E14000978,UKCP18 12km,20191201-20491130,annual,Streatham,2.332999987550117
449,450,E14000979,UKCP18 12km,20191201-20491130,annual,Stretford and Urmston,4.008173144979627
450,451,E14000980,UKCP18 12km,20191201-20491130,annual,Stroud,3.6464206840468254
451,452,E14000981,UKCP18 12km,20191201-20491130,annual,Suffolk Coastal,2.769450837282357
452,453,E14000982,UKCP18 12km,20191201-20491130,annual,Sunderland Central,0.19026037267800908
453,454,E14000983,UKCP18 12km,20191201-20491130,annual,Surrey Heath,2.0578595371366055
454,455,E14000984,UKCP18 12km,20191201-20491130,annual,Sutton and Cheam,2.4525294982642407
455,456,E14000985,UKCP18 12km,20191201-20491130,annual,Sutton Coldfield,1.8720330344169038
456,457,E14000986,UKCP18 12km,20191201-20491130,annual,Tamworth,2.2534876570551945
457,458,E14000987,UKCP18 12km,20191201-20491130,annual,Tatton,2.7182071557816045
458,459,E14000988,UKCP18 12km,20191201-20491130,annual,Taunton Deane,-0.5341372580373998
459,460,E14000989,UKCP18 12km,20191201-20491130,annual,Telford,1.0842574759940593
460,461,E14000990,UKCP18 12km,20191201-20491130,annual,Tewkesbury,1.3838919517701738
461,462,E14000991,UKCP18 12km,20191201-20491130,annual,The Cotswolds,3.50016383730705
462,463,E14000992,UKCP18 12km,20191201-20491130,annual,The Wrekin,1.1732163228630605
463,464,E14000993,UKCP18 12km,20191201-20491130,annual,Thirsk and Malton,-0.2721731660991072
464,465,E14000994,UKCP18 12km,20191201-20491130,annual,Thornbury and Yate,3.593131670521109
465,466,E14000995,UKCP18 12km,20191201-20491130,annual,Thurrock,1.4455599394950938
466,467,E14000996,UKCP18 12km,20191201-20491130,annual,Tiverton and Honiton,-0.1506860503977468
467,468,E14000997,UKCP18 12km,20191201-20491130,annual,Tonbridge and Malling,2.083308511026815
468,469,E14000998,UKCP18 12km,20191201-20491130,annual,Tooting,2.764330297050428
469,470,E14000999,UKCP18 12km,20191201-20491130,annual,Torbay,1.0267331619648938
470,471,E14001000,UKCP18 12km,20191201-20491130,annual,Torridge and West Devon,4.02582628087708
471,472,E14001001,UKCP18 12km,20191201-20491130,annual,Totnes,3.2380766216978074
472,473,E14001002,UKCP18 12km,20191201-20491130,annual,Tottenham,2.8161528772363424
473,474,E14001003,UKCP18 12km,20191201-20491130,annual,Truro and Falmouth,3.3194044655836774
474,475,E14001004,UKCP18 12km,20191201-20491130,annual,Tunbridge Wells,3.511948977499142
475,476,E14001005,UKCP18 12km,20191201-20491130,annual,Twickenham,2.2504062325619785
476,477,E14001006,UKCP18 12km,20191201-20491130,annual,Tynemouth,0.26093725080571123
477,478,E14001007,UKCP18 12km,20191201-20491130,annual,Uxbridge and South Ruislip,3.7099166130252477
478,479,E14001008,UKCP18 12km,20191201-20491130,annual,Vauxhall,2.332999987550117
479,480,E14001009,UKCP18 12km,20191201-20491130,annual,Wakefield,1.7848704362857835
480,481,E14001010,UKCP18 12km,20191201-20491130,annual,Wallasey,7.587412164780139
481,482,E14001011,UKCP18 12km,20191201-20491130,annual,Walsall North,2.523790333614875
482,483,E14001012,UKCP18 12km,20191201-20491130,annual,Walsall South,2.106684348705922
483,484,E14001013,UKCP18 12km,20191201-20491130,annual,Walthamstow,2.8161528772363424
484,485,E14001014,UKCP18 12km,20191201-20491130,annual,Wansbeck,0.7736636734185106
485,486,E14001015,UKCP18 12km,20191201-20491130,annual,Wantage,3.027697934852714
486,487,E14001016,UKCP18 12km,20191201-20491130,annual,Warley,1.6325161836441797
487,488,E14001017,UKCP18 12km,20191201-20491130,annual,Warrington North,1.4992697356938844
488,489,E14001018,UKCP18 12km,20191201-20491130,annual,Warrington South,1.4992697356938844
489,490,E14001019,UKCP18 12km,20191201-20491130,annual,Warwick and Leamington,2.088979081444101
490,491,E14001020,UKCP18 12km,20191201-20491130,annual,Washington and Sunderland West,0.19026037267800908
491,492,E14001021,UKCP18 12km,20191201-20491130,annual,Watford,3.3203513172902013
492,493,E14001022,UKCP18 12km,20191201-20491130,annual,Waveney,1.561038617352401
493,494,E14001023,UKCP18 12km,20191201-20491130,annual,Wealden,5.278278773370451
494,495,E14001024,UKCP18 12km,20191201-20491130,annual,Weaver Vale,0.9011087597575346
495,496,E14001025,UKCP18 12km,20191201-20491130,annual,Wellingborough,3.379272323238805
496,497,E14001026,UKCP18 12km,20191201-20491130,annual,Wells,2.3572827106536987
497,498,E14001027,UKCP18 12km,20191201-20491130,annual,Welwyn Hatfield,2.8916411095638783
498,499,E14001028,UKCP18 12km,20191201-20491130,annual,Wentworth and Dearne,0.7936306784543122
499,500,E14001029,UKCP18 12km,20191201-20491130,annual,West Bromwich East,2.106684348705922
500,501,E14001030,UKCP18 12km,20191201-20491130,annual,West Bromwich West,2.106684348705922
501,502,E14001031,UKCP18 12km,20191201-20491130,annual,West Dorset,4.322799415629709
502,503,E14001032,UKCP18 12km,20191201-20491130,annual,West Ham,2.8161528772363424
503,504,E14001033,UKCP18 12km,20191201-20491130,annual,West Lancashire,2.7280702808299666
504,505,E14001034,UKCP18 12km,20191201-20491130,annual,West Suffolk,3.926005484938758
505,506,E14001035,UKCP18 12km,20191201-20491130,annual,West Worcestershire,0.6455323217850072
506,507,E14001036,UKCP18 12km,20191201-20491130,annual,Westminster North,3.8280304967924192
507,508,E14001037,UKCP18 12km,20191201-20491130,annual,Westmorland and Lonsdale,12.17906960425984
508,509,E14001038,UKCP18 12km,20191201-20491130,annual,Weston-Super-Mare,2.3187673910310322
509,510,E14001039,UKCP18 12km,20191201-20491130,annual,Wigan,2.3874457452037956
510,511,E14001040,UKCP18 12km,20191201-20491130,annual,Wimbledon,2.764330297050428
511,512,E14001041,UKCP18 12km,20191201-20491130,annual,Winchester,4.0280075329602125
512,513,E14001042,UKCP18 12km,20191201-20491130,annual,Windsor,0.7998722463104035
513,514,E14001043,UKCP18 12km,20191201-20491130,annual,Wirral South,1.1853090130247796
514,515,E14001044,UKCP18 12km,20191201-20491130,annual,Wirral West,7.587412164780139
515,516,E14001045,UKCP18 12km,20191201-20491130,annual,Witham,2.9211305616080465
516,517,E14001046,UKCP18 12km,20191201-20491130,annual,Witney,2.4109688029846383
517,518,E14001047,UKCP18 12km,20191201-20491130,annual,Woking,2.0578595371366055
518,519,E14001048,UKCP18 12km,20191201-20491130,annual,Wokingham,0.3982372443707008
519,520,E14001049,UKCP18 12km,20191201-20491130,annual,Wolverhampton North East,0.7763592767757382
520,521,E14001050,UKCP18 12km,20191201-20491130,annual,Wolverhampton South East,0.5795929824458069
521,522,E14001051,UKCP18 12km,20191201-20491130,annual,Wolverhampton South West,0.5795929824458069
522,523,E14001052,UKCP18 12km,20191201-20491130,annual,Worcester,1.713204820273291
523,524,E14001053,UKCP18 12km,20191201-20491130,annual,Workington,7.0370321672242016
524,525,E14001054,UKCP18 12km,20191201-20491130,annual,Worsley and Eccles South,4.6332877708333084
525,526,E14001055,UKCP18 12km,20191201-20491130,annual,Worthing West,7.121139448327619
526,527,E14001056,UKCP18 12km,20191201-20491130,annual,Wycombe,2.2574917349699195
527,528,E14001057,UKCP18 12km,20191201-20491130,annual,Wyre and Preston North,6.335526787431587
528,529,E14001058,UKCP18 12km,20191201-20491130,annual,Wyre Forest,0.6223069698015902
529,530,E14001059,UKCP18 12km,20191201-20491130,annual,Wythenshawe and Sale East,4.008173144979627
530,531,E14001060,UKCP18 12km,20191201-20491130,annual,Yeovil,1.5034759397916473
531,532,E14001061,UKCP18 12km,20191201-20491130,annual,York Central,1.0125143118188387
532,533,E14001062,UKCP18 12km,20191201-20491130,annual,York Outer,1.310030333034843
533,534,N06000001,UKCP18 12km,20191201-20491130,annual,Belfast East,3.88090621756227
534,535,N06000002,UKCP18 12km,20191201-20491130,annual,Belfast North,3.88090621756227
535,536,N06000003,UKCP18 12km,20191201-20491130,annual,Belfast South,4.152491820150871
536,537,N06000004,UKCP18 12km,20191201-20491130,annual,Belfast West,1.4400995962917165
537,538,N06000005,UKCP18 12km,20191201-20491130,annual,East Antrim,3.054172196539094
538,539,N06000006,UKCP18 12km,20191201-20491130,annual,East Londonderry,-0.5680639384216817
539,540,N06000007,UKCP18 12km,20191201-20491130,annual,Fermanagh and South Tyrone,1.410938081756027
540,541,N06000008,UKCP18 12km,20191201-20491130,annual,Foyle,-0.605139994958261
541,542,N06000009,UKCP18 12km,20191201-20491130,annual,Lagan Valley,1.5634981229066236
542,543,N06000010,UKCP18 12km,20191201-20491130,annual,Mid Ulster,2.46790197676366
543,544,N06000011,UKCP18 12km,20191201-20491130,annual,Newry and Armagh,2.416320471039387
544,545,N06000012,UKCP18 12km,20191201-20491130,annual,North Antrim,0.0796041318569105
545,546,N06000013,UKCP18 12km,20191201-20491130,annual,North Down,4.54596583163779
546,547,N06000014,UKCP18 12km,20191201-20491130,annual,South Antrim,1.497587926139719
547,548,N06000015,UKCP18 12km,20191201-20491130,annual,South Down,3.872796822696666
548,549,N06000016,UKCP18 12km,20191201-20491130,annual,Strangford,4.203995615283964
549,550,N06000017,UKCP18 12km,20191201-20491130,annual,Upper Bann,1.6695769821615805
550,551,N06000018,UKCP18 12km,20191201-20491130,annual,West Tyrone,-0.7661221743538212
551,552,S14000001,UKCP18 12km,20191201-20491130,annual,Aberdeen North,2.6233830494634582
552,553,S14000002,UKCP18 12km,20191201-20491130,annual,Aberdeen South,3.5902491632644975
553,554,S14000003,UKCP18 12km,20191201-20491130,annual,Airdrie and Shotts,3.2362886628497316
554,555,S14000004,UKCP18 12km,20191201-20491130,annual,Angus,5.000876167573771
555,556,S14000005,UKCP18 12km,20191201-20491130,annual,Argyll and Bute,4.669838577510856
556,557,S14000006,UKCP18 12km,20191201-20491130,annual,"Ayr, Carrick and Cumnock",2.139988512378419
557,558,S14000007,UKCP18 12km,20191201-20491130,annual,Banff and Buchan,1.2727885581089866
558,559,S14000008,UKCP18 12km,20191201-20491130,annual,"Berwickshire, Roxburgh and Selkirk",3.3063033007186275
559,560,S14000009,UKCP18 12km,20191201-20491130,annual,"Caithness, Sutherland and Easter Ross",-1.5791320486345704
560,561,S14000010,UKCP18 12km,20191201-20491130,annual,Central Ayrshire,2.6980139283912776
561,562,S14000011,UKCP18 12km,20191201-20491130,annual,"Coatbridge, Chryston and Bellshill",4.5920697266280674
562,563,S14000012,UKCP18 12km,20191201-20491130,annual,"Cumbernauld, Kilsyth and Kirkintilloch East",2.6123452238645823
563,564,S14000013,UKCP18 12km,20191201-20491130,annual,Dumfries and Galloway,5.995940254343123
564,565,S14000014,UKCP18 12km,20191201-20491130,annual,"Dumfriesshire, Clydesdale and Tweeddale",5.780990913064822
565,566,S14000015,UKCP18 12km,20191201-20491130,annual,Dundee East,5.308000894978788
566,567,S14000016,UKCP18 12km,20191201-20491130,annual,Dundee West,3.10313221675076
567,568,S14000017,UKCP18 12km,20191201-20491130,annual,Dunfermline and West Fife,3.4764162780402192
568,569,S14000018,UKCP18 12km,20191201-20491130,annual,East Dunbartonshire,1.8651797034724105
569,570,S14000019,UKCP18 12km,20191201-20491130,annual,"East Kilbride, Strathaven and Lesmahagow",2.622687697376763
570,571,S14000020,UKCP18 12km,20191201-20491130,annual,East Lothian,2.551917102535959
571,572,S14000021,UKCP18 12km,20191201-20491130,annual,East Renfrewshire,4.191522745097454
572,573,S14000022,UKCP18 12km,20191201-20491130,annual,Edinburgh East,3.253311636147286
573,574,S14000023,UKCP18 12km,20191201-20491130,annual,Edinburgh North and Leith,4.328372689084708
574,575,S14000024,UKCP18 12km,20191201-20491130,annual,Edinburgh South,3.253311636147286
575,576,S14000025,UKCP18 12km,20191201-20491130,annual,Edinburgh South West,3.1737018995274924
576,577,S14000026,UKCP18 12km,20191201-20491130,annual,Edinburgh West,4.328372689084708
577,578,S14000027,UKCP18 12km,20191201-20491130,annual,Na h-Eileanan an Iar,2.1715018837387907
578,579,S14000028,UKCP18 12km,20191201-20491130,annual,Falkirk,3.9247965643248803
579,580,S14000029,UKCP18 12km,20191201-20491130,annual,Glasgow Central,4.7290824772389835
580,581,S14000030,UKCP18 12km,20191201-20491130,annual,Glasgow East,4.5920697266280674
581,582,S14000031,UKCP18 12km,20191201-20491130,annual,Glasgow North,4.7290824772389835
582,583,S14000032,UKCP18 12km,20191201-20491130,annual,Glasgow North East,4.7290824772389835
583,584,S14000033,UKCP18 12km,20191201-20491130,annual,Glasgow North West,4.7290824772389835
584,585,S14000034,UKCP18 12km,20191201-20491130,annual,Glasgow South,4.7290824772389835
585,586,S14000035,UKCP18 12km,20191201-20491130,annual,Glasgow South West,4.7290824772389835
586,587,S14000036,UKCP18 12km,20191201-20491130,annual,Glenrothes,4.53979990270872
587,588,S14000037,UKCP18 12km,20191201-20491130,annual,Gordon,1.1153713649010735
588,589,S14000038,UKCP18 12km,20191201-20491130,annual,Inverclyde,4.232035173266547
589,590,S14000039,UKCP18 12km,20191201-20491130,annual,"Inverness, Nairn, Badenoch and Strathspey",1.4773130351422432
590,591,S14000040,UKCP18 12km,20191201-20491130,annual,Kilmarnock and Loudoun,1.8896653965786914
591,592,S14000041,UKCP18 12km,20191201-20491130,annual,Kirkcaldy and Cowdenbeath,4.83637324867469
592,593,S14000042,UKCP18 12km,20191201-20491130,annual,Lanark and Hamilton East,2.2688651239829016
593,594,S14000043,UKCP18 12km,20191201-20491130,annual,Linlithgow and East Falkirk,3.4142375628385464
594,595,S14000044,UKCP18 12km,20191201-20491130,annual,Livingston,2.418987446724104
595,596,S14000045,UKCP18 12km,20191201-20491130,annual,Midlothian,3.1504538900919865
596,597,S14000046,UKCP18 12km,20191201-20491130,annual,Moray,0.9740621303123422
597,598,S14000047,UKCP18 12km,20191201-20491130,annual,Motherwell and Wishaw,2.753325575777913
598,599,S14000048,UKCP18 12km,20191201-20491130,annual,North Ayrshire and Arran,3.55069232466257
599,600,S14000049,UKCP18 12km,20191201-20491130,annual,North East Fife,4.55995524063458
600,601,S14000050,UKCP18 12km,20191201-20491130,annual,Ochil and South Perthshire,3.9509300046406923
601,602,S14000051,UKCP18 12km,20191201-20491130,annual,Orkney and Shetland,0.18752927554266777
602,603,S14000052,UKCP18 12km,20191201-20491130,annual,Paisley and Renfrewshire North,4.2300976665940775
603,604,S14000053,UKCP18 12km,20191201-20491130,annual,Paisley and Renfrewshire South,4.232035173266547
604,605,S14000054,UKCP18 12km,20191201-20491130,annual,Perth and North Perthshire,2.805535814556224
605,606,S14000055,UKCP18 12km,20191201-20491130,annual,"Ross, Skye and Lochaber",2.90200571666333
606,607,S14000056,UKCP18 12km,20191201-20491130,annual,Rutherglen and Hamilton West,2.4764360803361463
607,608,S14000057,UKCP18 12km,20191201-20491130,annual,Stirling,5.036734366462423
608,609,S14000058,UKCP18 12km,20191201-20491130,annual,West Aberdeenshire and Kincardine,2.6452256612158185
609,610,S14000059,UKCP18 12km,20191201-20491130,annual,West Dunbartonshire,1.8975217684338783
610,611,W07000041,UKCP18 12km,20191201-20491130,annual,Ynys Mon,5.653276907514223
611,612,W07000042,UKCP18 12km,20191201-20491130,annual,Delyn,1.2056697890371044
612,613,W07000043,UKCP18 12km,20191201-20491130,annual,Alyn and Deeside,0.9911175935851423
613,614,W07000044,UKCP18 12km,20191201-20491130,annual,Wrexham,0.650467840881964
614,615,W07000045,UKCP18 12km,20191201-20491130,annual,Llanelli,13.48820306408215
615,616,W07000046,UKCP18 12km,20191201-20491130,annual,Gower,13.221148223776881
616,617,W07000047,UKCP18 12km,20191201-20491130,annual,Swansea West,13.221148223776881
617,618,W07000048,UKCP18 12km,20191201-20491130,annual,Swansea East,16.85538851541703
618,619,W07000049,UKCP18 12km,20191201-20491130,annual,Aberavon,15.344270492346602
619,620,W07000050,UKCP18 12km,20191201-20491130,annual,Cardiff Central,6.13053874152396
620,621,W07000051,UKCP18 12km,20191201-20491130,annual,Cardiff North,7.023136761462374
621,622,W07000052,UKCP18 12km,20191201-20491130,annual,Rhondda,18.171002794073978
622,623,W07000053,UKCP18 12km,20191201-20491130,annual,Torfaen,4.686956354283971
623,624,W07000054,UKCP18 12km,20191201-20491130,annual,Monmouth,2.197243196925117
624,625,W07000055,UKCP18 12km,20191201-20491130,annual,Newport East,6.449440494041613
625,626,W07000056,UKCP18 12km,20191201-20491130,annual,Newport West,6.449440494041613
626,627,W07000057,UKCP18 12km,20191201-20491130,annual,Arfon,11.751511874531708
627,628,W07000058,UKCP18 12km,20191201-20491130,annual,Aberconwy,6.279141867277295
628,629,W07000059,UKCP18 12km,20191201-20491130,annual,Clwyd West,2.6310409945082585
629,630,W07000060,UKCP18 12km,20191201-20491130,annual,Vale of Clwyd,2.8647852048276587
630,631,W07000061,UKCP18 12km,20191201-20491130,annual,Dwyfor Meirionnydd,9.923708785586827
631,632,W07000062,UKCP18 12km,20191201-20491130,annual,Clwyd South,1.6653974710386354
632,633,W07000063,UKCP18 12km,20191201-20491130,annual,Montgomeryshire,2.9382891031936564
633,634,W07000064,UKCP18 12km,20191201-20491130,annual,Ceredigion,6.267737793731757
634,635,W07000065,UKCP18 12km,20191201-20491130,annual,Preseli Pembrokeshire,7.281831898059654
635,636,W07000066,UKCP18 12km,20191201-20491130,annual,Carmarthen West and South Pembrokeshire,8.911244760870321
636,637,W07000067,UKCP18 12km,20191201-20491130,annual,Carmarthen East and Dinefwr,8.717250560497192
637,638,W07000068,UKCP18 12km,20191201-20491130,annual,Brecon and Radnorshire,3.817887814051054
638,639,W07000069,UKCP18 12km,20191201-20491130,annual,Neath,16.79294917959949
639,640,W07000070,UKCP18 12km,20191201-20491130,annual,Cynon Valley,13.202252832109586
640,641,W07000071,UKCP18 12km,20191201-20491130,annual,Merthyr Tydfil and Rhymney,7.865196944808115
641,642,W07000072,UKCP18 12km,20191201-20491130,annual,Blaenau Gwent,4.783651444857994
642,643,W07000073,UKCP18 12km,20191201-20491130,annual,Bridgend,15.344270492346602
643,644,W07000074,UKCP18 12km,20191201-20491130,annual,Ogmore,14.956434956483724
644,645,W07000075,UKCP18 12km,20191201-20491130,annual,Pontypridd,10.268698642031284
645,646,W07000076,UKCP18 12km,20191201-20491130,annual,Caerphilly,7.023136761462374
646,647,W07000077,UKCP18 12km,20191201-20491130,annual,Islwyn,7.710252347140007
647,648,W07000078,UKCP18 12km,20191201-20491130,annual,Vale of Glamorgan,7.218165774972945
648,649,W07000079,UKCP18 12km,20191201-20491130,annual,Cardiff West,6.13053874152396
649,650,W07000080,UKCP18 12km,20191201-20491130,annual,Cardiff South and Penarth,6.13053874152396
