,region,constituency,name,rx5day_reanal
0,0,E14001063,Aldershot,1.4662635
1,1,E14001064,Aldridge-Brownhills,9.9951315
2,2,E14001065,Altrincham and Sale West,4.2040014
3,3,E14001066,Amber Valley,5.3474417
4,4,E14001067,Arundel and South Downs,4.138793
5,5,E14001068,Ashfield,7.4458704
6,6,E14001069,Ashford,2.4769773
7,7,E14001070,Ashton-under-Lyne,6.7892475
8,8,E14001071,Aylesbury,4.253677
9,9,E14001072,Banbury,5.3081946
10,10,E14001073,Barking,6.488494
11,11,E14001074,Barnsley North,6.7652593
12,12,E14001075,Barnsley South,5.713724
13,13,E14001076,Barrow and Furness,4.557013
14,14,E14001077,Basildon and Billericay,3.609934
15,15,E14001078,Basingstoke,-0.40395615
16,16,E14001079,Bassetlaw,9.463839
17,17,E14001080,Bath,7.1983776
18,18,E14001081,Battersea,5.462683
19,19,E14001082,Beaconsfield,4.0776744
20,20,E14001083,Beckenham and Penge,3.3701174
21,21,E14001084,Bedford,2.8865945
22,22,E14001085,Bermondsey and Old Southwark,6.148457
23,23,E14001086,Bethnal Green and Stepney,6.148457
24,24,E14001087,Beverley and Holderness,11.822651
25,25,E14001088,Bexhill and Battle,-1.7679803
26,26,E14001089,Bexleyheath and Crayford,5.601827
27,27,E14001090,Bicester and Woodstock,4.5864854
28,28,E14001091,Birkenhead,-1.0286137
29,29,E14001092,Birmingham Edgbaston,11.378362
30,30,E14001093,Birmingham Erdington,11.329454
31,31,E14001094,Birmingham Hall Green and Moseley,12.246766
32,32,E14001095,Birmingham Hodge Hill and Solihull North,10.78974
33,33,E14001096,Birmingham Ladywood,11.329454
34,34,E14001097,Birmingham Northfield,12.162952
35,35,E14001098,Birmingham Perry Barr,11.329454
36,36,E14001099,Birmingham Selly Oak,12.246766
37,37,E14001100,Birmingham Yardley,10.78974
38,38,E14001101,Bishop Auckland,9.481005
39,39,E14001102,Blackburn,7.199067
40,40,E14001103,Blackley and Middleton South,6.526173
41,41,E14001104,Blackpool North and Fleetwood,6.8809643
42,42,E14001105,Blackpool South,6.994687
43,43,E14001106,Blaydon and Consett,9.635102
44,44,E14001107,Blyth and Ashington,9.352069
45,45,E14001108,Bognor Regis and Littlehampton,3.6185508
46,46,E14001109,Bolsover,8.091432
47,47,E14001110,Bolton North East,6.0129304
48,48,E14001111,Bolton South and Walkden,4.2446623
49,49,E14001112,Bolton West,4.782912
50,50,E14001113,Bootle,1.7503494
51,51,E14001114,Boston and Skegness,6.0906157
52,52,E14001115,Bournemouth East,13.102001
53,53,E14001116,Bournemouth West,13.102001
54,54,E14001117,Bracknell,1.9508948
55,55,E14001118,Bradford East,14.447395
56,56,E14001119,Bradford South,14.1340685
57,57,E14001120,Bradford West,14.1340685
58,58,E14001121,Braintree,3.5110986
59,59,E14001122,Brent East,6.0446873
60,60,E14001123,Brent West,6.0446873
61,61,E14001124,Brentford and Isleworth,4.530869
62,62,E14001125,Brentwood and Ongar,5.8386445
63,63,E14001126,Bridgwater,5.583318
64,64,E14001127,Bridlington and The Wolds,11.018602
65,65,E14001128,Brigg and Immingham,11.251477
66,66,E14001129,Brighton Kemptown and Peacehaven,1.6257275
67,67,E14001130,Brighton Pavilion,1.6257275
68,68,E14001131,Bristol Central,9.66075
69,69,E14001132,Bristol East,8.686641
70,70,E14001133,Bristol North East,9.187394
71,71,E14001134,Bristol North West,9.730048
72,72,E14001135,Bristol South,8.686641
73,73,E14001136,Broadland and Fakenham,3.7497947
74,74,E14001137,Bromley and Biggin Hill,3.3701174
75,75,E14001138,Bromsgrove,11.878403
76,76,E14001139,Broxbourne,6.9869413
77,77,E14001140,Broxtowe,4.928451
78,78,E14001141,Buckingham and Bletchley,4.0953617
79,79,E14001142,Burnley,9.488736
80,80,E14001143,Burton and Uttoxeter,5.2936773
81,81,E14001144,Bury North,6.8162775
82,82,E14001145,Bury South,5.5316744
83,83,E14001146,Bury St Edmunds and Stowmarket,3.5458233
84,84,E14001147,Calder Valley,11.707965
85,85,E14001148,Camborne and Redruth,7.458589
86,86,E14001149,Cambridge,4.180105
87,87,E14001150,Cannock Chase,8.418651
88,88,E14001151,Canterbury,1.9951787
89,89,E14001152,Carlisle,12.702708
90,90,E14001153,Carshalton and Wallington,2.9767106
91,91,E14001154,Castle Point,-0.24095926
92,92,E14001155,Central Devon,3.9404573
93,93,E14001156,Central Suffolk and North Ipswich,3.668209
94,94,E14001157,Chatham and Aylesford,1.6412749
95,95,E14001158,Cheadle,6.044136
96,96,E14001159,Chelmsford,2.4068434
97,97,E14001160,Chelsea and Fulham,5.462683
98,98,E14001161,Cheltenham,4.8462286
99,99,E14001162,Chesham and Amersham,4.0475063
100,100,E14001163,Chester North and Neston,0.46451044
101,101,E14001164,Chester South and Eddisbury,2.3766458
102,102,E14001165,Chesterfield,6.8821406
103,103,E14001166,Chichester,6.0355735
104,104,E14001167,Chingford and Woodford Green,8.908532
105,105,E14001168,Chippenham,4.8193607
106,106,E14001169,Chipping Barnet,6.757866
107,107,E14001170,Chorley,6.598507
108,108,E14001171,Christchurch,12.093031
109,109,E14001172,Cities of London and Westminster,6.148457
110,110,E14001173,City of Durham,6.8148828
111,111,E14001174,Clacton,-0.09019747
112,112,E14001175,Clapham and Brixton Hill,6.148457
113,113,E14001176,Colchester,-0.5955139
114,114,E14001177,Colne Valley,12.440836
115,115,E14001178,Congleton,5.23578
116,116,E14001179,Corby and East Northamptonshire,4.638501
117,117,E14001180,Coventry East,6.7618265
118,118,E14001181,Coventry North West,8.784855
119,119,E14001182,Coventry South,7.7733407
120,120,E14001183,Cramlington and Killingworth,9.676239
121,121,E14001184,Crawley,4.438945
122,122,E14001185,Crewe and Nantwich,3.6653714
123,123,E14001186,Croydon East,3.0803773
124,124,E14001187,Croydon South,0.107945
125,125,E14001188,Croydon West,3.0803773
126,126,E14001189,Dagenham and Rainham,5.601827
127,127,E14001190,Darlington,4.9863997
128,128,E14001191,Dartford,3.2083063
129,129,E14001192,Daventry,3.5306823
130,130,E14001193,Derby North,2.7546558
131,131,E14001194,Derby South,2.7546558
132,132,E14001195,Derbyshire Dales,5.6265936
133,133,E14001196,Dewsbury and Batley,13.380933
134,134,E14001197,Didcot and Wantage,5.4511886
135,135,E14001198,Doncaster Central,7.1031084
136,136,E14001199,Doncaster East and the Isle of Axholme,9.203488
137,137,E14001200,Doncaster North,6.8147845
138,138,E14001201,Dorking and Horley,2.974584
139,139,E14001202,Dover and Deal,0.6834732
140,140,E14001203,Droitwich and Evesham,10.324581
141,141,E14001204,Dudley,10.849727
142,142,E14001205,Dulwich and West Norwood,3.0803773
143,143,E14001206,Dunstable and Leighton Buzzard,3.6677604
144,144,E14001207,Ealing Central and Acton,5.1167803
145,145,E14001208,Ealing North,4.530869
146,146,E14001209,Ealing Southall,4.530869
147,147,E14001210,Earley and Woodley,0.84486324
148,148,E14001211,Easington,4.695713
149,149,E14001212,East Grinstead and Uckfield,2.9260814
150,150,E14001213,East Ham,6.7304535
151,151,E14001214,East Hampshire,3.0482574
152,152,E14001215,East Surrey,1.1144971
153,153,E14001216,East Thanet,1.2308838
154,154,E14001217,East Wiltshire,3.8196108
155,155,E14001218,East Worthing and Shoreham,2.5251417
156,156,E14001219,Eastbourne,0.8756682
157,157,E14001220,Eastleigh,5.11674
158,158,E14001221,Edmonton and Winchmore Hill,7.674693
159,159,E14001222,Ellesmere Port and Bromborough,1.6720557
160,160,E14001223,Eltham and Chislehurst,3.3701174
161,161,E14001224,Ely and East Cambridgeshire,3.590587
162,162,E14001225,Enfield North,7.3707976
163,163,E14001226,Epping Forest,7.8870144
164,164,E14001227,Epsom and Ewell,1.2200378
165,165,E14001228,Erewash,3.5937433
166,166,E14001229,Erith and Thamesmead,6.488494
167,167,E14001230,Esher and Walton,3.362307
168,168,E14001231,Exeter,6.715019
169,169,E14001232,Exmouth and Exeter East,6.3442335
170,170,E14001233,Fareham and Waterlooville,5.715892
171,171,E14001234,Farnham and Bordon,3.85131
172,172,E14001235,Faversham and Mid Kent,3.2241256
173,173,E14001236,Feltham and Heston,4.530869
174,174,E14001237,Filton and Bradley Stoke,9.187394
175,175,E14001238,Finchley and Golders Green,6.757866
176,176,E14001239,Folkestone and Hythe,2.6532073
177,177,E14001240,Forest of Dean,5.9415665
178,178,E14001241,Frome and East Somerset,5.62701
179,179,E14001242,Fylde,7.039935
180,180,E14001243,Gainsborough,12.865129
181,181,E14001244,Gateshead Central and Whickham,9.4553175
182,182,E14001245,Gedling,6.519981
183,183,E14001246,Gillingham and Rainham,2.556484
184,184,E14001247,Glastonbury and Somerton,4.9030824
185,185,E14001248,Gloucester,3.8608503
186,186,E14001249,Godalming and Ash,4.179188
187,187,E14001250,Goole and Pocklington,11.856884
188,188,E14001251,Gorton and Denton,5.9437184
189,189,E14001252,Gosport,6.0169106
190,190,E14001253,Grantham and Bourne,8.253752
191,191,E14001254,Gravesham,2.8307571
192,192,E14001255,Great Grimsby and Cleethorpes,10.583045
193,193,E14001256,Great Yarmouth,6.2621565
194,194,E14001257,Greenwich and Woolwich,6.7304535
195,195,E14001258,Guildford,2.375116
196,196,E14001259,Hackney North and Stoke Newington,7.674693
197,197,E14001260,Hackney South and Shoreditch,6.148457
198,198,E14001261,Halesowen,10.849727
199,199,E14001262,Halifax,13.208315
200,200,E14001263,Hamble Valley,6.7790995
201,201,E14001264,Hammersmith and Chiswick,5.1167803
202,202,E14001265,Hampstead and Highgate,6.757866
203,203,E14001266,"Harborough, Oadby and Wigston",3.8426242
204,204,E14001267,Harlow,6.076707
205,205,E14001268,Harpenden and Berkhamsted,4.7947316
206,206,E14001269,Harrogate and Knaresborough,9.937249
207,207,E14001270,Harrow East,6.0446873
208,208,E14001271,Harrow West,5.2479396
209,209,E14001272,Hartlepool,2.6327024
210,210,E14001273,Harwich and North Essex,-0.099574804
211,211,E14001274,Hastings and Rye,-0.14752173
212,212,E14001275,Havant,5.2716
213,213,E14001276,Hayes and Harlington,3.9635348
214,214,E14001277,Hazel Grove,5.9437184
215,215,E14001278,Hemel Hempstead,4.4471393
216,216,E14001279,Hendon,6.0446873
217,217,E14001280,Henley and Thame,4.041589
218,218,E14001281,Hereford and South Herefordshire,8.022006
219,219,E14001282,Herne Bay and Sandwich,1.6260277
220,220,E14001283,Hertford and Stortford,6.1642933
221,221,E14001284,Hertsmere,6.01208
222,222,E14001285,Hexham,12.692058
223,223,E14001286,Heywood and Middleton North,7.437458
224,224,E14001287,High Peak,7.4360843
225,225,E14001288,Hinckley and Bosworth,3.5991259
226,226,E14001289,Hitchin,3.914252
227,227,E14001290,Holborn and St Pancras,6.148457
228,228,E14001291,Honiton and Sidmouth,8.178588
229,229,E14001292,Hornchurch and Upminster,7.0386777
230,230,E14001293,Hornsey and Friern Barnet,7.674693
231,231,E14001294,Horsham,5.361061
232,232,E14001295,Houghton and Sunderland South,7.199423
233,233,E14001296,Hove and Portslade,2.0197341
234,234,E14001297,Huddersfield,14.0511465
235,235,E14001298,Huntingdon,3.6620872
236,236,E14001299,Hyndburn,9.171733
237,237,E14001300,Ilford North,8.268029
238,238,E14001301,Ilford South,8.268029
239,239,E14001302,Ipswich,3.2804604
240,240,E14001303,Isle of Wight East,9.570522
241,241,E14001304,Isle of Wight West,10.462413
242,242,E14001305,Islington North,7.674693
243,243,E14001306,Islington South and Finsbury,6.148457
244,244,E14001307,Jarrow and Gateshead East,8.410467
245,245,E14001308,Keighley and Ilkley,12.033369
246,246,E14001309,Kenilworth and Southam,6.8630714
247,247,E14001310,Kensington and Bayswater,5.462683
248,248,E14001311,Kettering,3.5135136
249,249,E14001312,Kingston and Surbiton,3.2613094
250,250,E14001313,Kingston upon Hull East,12.249823
251,251,E14001314,Kingston upon Hull North and Cottingham,13.680866
252,252,E14001315,Kingston upon Hull West and Haltemprice,12.267813
253,253,E14001316,Kingswinford and South Staffordshire,9.708784
254,254,E14001317,Knowsley,0.90426135
255,255,E14001318,Lancaster and Wyre,7.690493
256,256,E14001319,Leeds Central and Headingley,13.162795
257,257,E14001320,Leeds East,9.613954
258,258,E14001321,Leeds North East,11.574183
259,259,E14001322,Leeds North West,12.485878
260,260,E14001323,Leeds South,11.574183
261,261,E14001324,Leeds South West and Morley,13.162795
262,262,E14001325,Leeds West and Pudsey,13.805096
263,263,E14001326,Leicester East,2.893733
264,264,E14001327,Leicester South,2.893733
265,265,E14001328,Leicester West,2.2273014
266,266,E14001329,Leigh and Atherton,3.0992887
267,267,E14001330,Lewes,0.77922046
268,268,E14001331,Lewisham East,3.3701174
269,269,E14001332,Lewisham North,6.7304535
270,270,E14001333,Lewisham West and East Dulwich,3.0803773
271,271,E14001334,Leyton and Wanstead,8.908532
272,272,E14001335,Lichfield,7.3603783
273,273,E14001336,Lincoln,13.494232
274,274,E14001337,Liverpool Garston,-1.5711192
275,275,E14001338,Liverpool Riverside,-1.5205008
276,276,E14001339,Liverpool Walton,0.90426135
277,277,E14001340,Liverpool Wavertree,-1.5711192
278,278,E14001341,Liverpool West Derby,-1.5711192
279,279,E14001342,Loughborough,5.016799
280,280,E14001343,Louth and Horncastle,10.2932205
281,281,E14001344,Lowestoft,6.90752
282,282,E14001345,Luton North,3.844118
283,283,E14001346,Luton South and South Bedfordshire,4.1302414
284,284,E14001347,Macclesfield,5.5838766
285,285,E14001348,Maidenhead,2.921559
286,286,E14001349,Maidstone and Malling,1.6123973
287,287,E14001350,Makerfield,1.997896
288,288,E14001351,Maldon,0.3465679
289,289,E14001352,Manchester Central,6.526173
290,290,E14001353,Manchester Rusholme,6.526173
291,291,E14001354,Manchester Withington,5.196063
292,292,E14001355,Mansfield,9.134598
293,293,E14001356,Melksham and Devizes,5.2386026
294,294,E14001357,Melton and Syston,6.8917556
295,295,E14001358,Meriden and Solihull East,10.803857
296,296,E14001359,Mid Bedfordshire,3.132981
297,297,E14001360,Mid Buckinghamshire,4.2371526
298,298,E14001361,Mid Cheshire,2.9351683
299,299,E14001362,Mid Derbyshire,3.7563689
300,300,E14001363,Mid Dorset and North Poole,13.892936
301,301,E14001364,Mid Leicestershire,1.9585303
302,302,E14001365,Mid Norfolk,3.1137078
303,303,E14001366,Mid Sussex,3.9269917
304,304,E14001367,Middlesbrough and Thornaby East,2.6692665
305,305,E14001368,Middlesbrough South and East Cleveland,2.3589613
306,306,E14001369,Milton Keynes Central,3.6420617
307,307,E14001370,Milton Keynes North,3.844028
308,308,E14001371,Mitcham and Morden,2.9767106
309,309,E14001372,Morecambe and Lunesdale,9.8168745
310,310,E14001373,New Forest East,8.642569
311,311,E14001374,New Forest West,8.819254
312,312,E14001375,Newark,10.284333
313,313,E14001376,Newbury,2.327654
314,314,E14001377,Newcastle upon Tyne Central and West,10.493682
315,315,E14001378,Newcastle upon Tyne East and Wallsend,8.841301
316,316,E14001379,Newcastle upon Tyne North,9.272135
317,317,E14001380,Newcastle-under-Lyme,4.7109785
318,318,E14001381,Newton Abbot,6.539869
319,319,E14001382,Newton Aycliffe and Spennymoor,4.6978846
320,320,E14001383,Normanton and Hemsworth,7.8146133
321,321,E14001384,North Bedfordshire,2.8882065
322,322,E14001385,North Cornwall,6.7326612
323,323,E14001386,North Cotswolds,5.3800497
324,324,E14001387,North Devon,4.707436
325,325,E14001388,North Dorset,7.876906
326,326,E14001389,North Durham,8.784224
327,327,E14001390,North East Cambridgeshire,3.02937
328,328,E14001391,North East Derbyshire,6.8568277
329,329,E14001392,North East Hampshire,0.57335687
330,330,E14001393,North East Hertfordshire,4.2844315
331,331,E14001394,North East Somerset and Hanham,7.365069
332,332,E14001395,North Herefordshire,8.732243
333,333,E14001396,North Norfolk,1.0958879
334,334,E14001397,North Northumberland,10.835814
335,335,E14001398,North Shropshire,3.0580647
336,336,E14001399,North Somerset,8.855175
337,337,E14001400,North Warwickshire and Bedworth,7.8860116
338,338,E14001401,North West Cambridgeshire,4.060917
339,339,E14001402,North West Essex,4.4720287
340,340,E14001403,North West Hampshire,0.8540768
341,341,E14001404,North West Leicestershire,2.8307118
342,342,E14001405,North West Norfolk,2.3612
343,343,E14001406,Northampton North,3.144494
344,344,E14001407,Northampton South,4.236777
345,345,E14001408,Norwich North,5.1166935
346,346,E14001409,Norwich South,5.2756114
347,347,E14001410,Nottingham East,6.519981
348,348,E14001411,Nottingham North and Kimberley,5.7053757
349,349,E14001412,Nottingham South,4.5556793
350,350,E14001413,Nuneaton,5.6365314
351,351,E14001414,Old Bexley and Sidcup,3.5180948
352,352,E14001415,Oldham East and Saddleworth,10.59108
353,353,E14001416,"Oldham West, Chadderton and Royton",7.437458
354,354,E14001417,Orpington,3.5180948
355,355,E14001418,Ossett and Denby Dale,11.459252
356,356,E14001419,Oxford East,4.9568233
357,357,E14001420,Oxford West and Abingdon,5.349078
358,358,E14001421,Peckham,6.148457
359,359,E14001422,Pendle and Clitheroe,11.950641
360,360,E14001423,Penistone and Stocksbridge,9.347919
361,361,E14001424,Penrith and Solway,5.8332458
362,362,E14001425,Peterborough,3.659381
363,363,E14001426,Plymouth Moor View,6.865407
364,364,E14001427,Plymouth Sutton and Devonport,7.079939
365,365,E14001428,"Pontefract, Castleford and Knottingley",8.177776
366,366,E14001429,Poole,14.939286
367,367,E14001430,Poplar and Limehouse,6.7304535
368,368,E14001431,Portsmouth North,5.4148726
369,369,E14001432,Portsmouth South,5.4148726
370,370,E14001433,Preston,7.28475
371,371,E14001434,Putney,5.462683
372,372,E14001435,Queen's Park and Maida Vale,5.462683
373,373,E14001436,Rawmarsh and Conisbrough,5.9809937
374,374,E14001437,Rayleigh and Wickford,0.52938193
375,375,E14001438,Reading Central,2.992516
376,376,E14001439,Reading West and Mid Berkshire,1.6043113
377,377,E14001440,Redcar,2.4862068
378,378,E14001441,Redditch,11.623651
379,379,E14001442,Reigate,0.5316472
380,380,E14001443,Ribble Valley,9.232487
381,381,E14001444,Richmond and Northallerton,8.255622
382,382,E14001445,Richmond Park,3.2613094
383,383,E14001446,Rochdale,8.554333
384,384,E14001447,Rochester and Strood,1.413313
385,385,E14001448,Romford,7.0386777
386,386,E14001449,Romsey and Southampton North,4.811903
387,387,E14001450,Rossendale and Darwen,8.137355
388,388,E14001451,Rother Valley,6.439288
389,389,E14001452,Rotherham,6.0188627
390,390,E14001453,Rugby,4.024333
391,391,E14001454,"Ruislip, Northwood and Pinner",4.8840513
392,392,E14001455,Runcorn and Helsby,2.1715372
393,393,E14001456,Runnymede and Weybridge,3.2337575
394,394,E14001457,Rushcliffe,5.5121417
395,395,E14001458,Rutland and Stamford,6.608829
396,396,E14001459,Salford,5.5316744
397,397,E14001460,Salisbury,4.9909096
398,398,E14001461,Scarborough and Whitby,2.1195943
399,399,E14001462,Scunthorpe,11.391132
400,400,E14001463,Sefton Central,1.7503494
401,401,E14001464,Selby,9.781394
402,402,E14001465,Sevenoaks,1.7669636
403,403,E14001466,Sheffield Brightside and Hillsborough,6.9703765
404,404,E14001467,Sheffield Central,6.9703765
405,405,E14001468,Sheffield Hallam,8.242063
406,406,E14001469,Sheffield Heeley,6.9703765
407,407,E14001470,Sheffield South East,6.0188627
408,408,E14001471,Sherwood Forest,9.03578
409,409,E14001472,Shipley,13.182983
410,410,E14001473,Shrewsbury,7.126199
411,411,E14001474,Sittingbourne and Sheppey,1.1046453
412,412,E14001475,Skipton and Ripon,12.842029
413,413,E14001476,Sleaford and North Hykeham,11.589184
414,414,E14001477,Slough,3.3826668
415,415,E14001478,Smethwick,11.378362
416,416,E14001479,Solihull West and Shirley,11.9257555
417,417,E14001480,South Basildon and East Thurrock,3.061548
418,418,E14001481,South Cambridgeshire,3.7156615
419,419,E14001482,South Cotswolds,5.823189
420,420,E14001483,South Derbyshire,3.1880023
421,421,E14001484,South Devon,7.0335507
422,422,E14001485,South Dorset,14.287984
423,423,E14001486,South East Cornwall,6.2933264
424,424,E14001487,South Holland and The Deepings,4.241053
425,425,E14001488,South Leicestershire,2.527261
426,426,E14001489,South Norfolk,5.055985
427,427,E14001490,South Northamptonshire,4.864398
428,428,E14001491,South Ribble,5.469281
429,429,E14001492,South Shields,7.9104133
430,430,E14001493,South Shropshire,8.0918
431,431,E14001494,South Suffolk,2.6747813
432,432,E14001495,South West Devon,5.893018
433,433,E14001496,South West Hertfordshire,5.1598825
434,434,E14001497,South West Norfolk,1.6491714
435,435,E14001498,South West Wiltshire,4.830569
436,436,E14001499,Southampton Itchen,6.6479487
437,437,E14001500,Southampton Test,6.6479487
438,438,E14001501,Southend East and Rochford,-2.633744
439,439,E14001502,Southend West and Leigh,-1.9645125
440,440,E14001503,Southgate and Wood Green,7.674693
441,441,E14001504,Southport,5.4527655
442,442,E14001505,Spelthorne,3.2337575
443,443,E14001506,Spen Valley,13.380933
444,444,E14001507,St Albans,5.7132187
445,445,E14001508,St Austell and Newquay,5.635749
446,446,E14001509,St Helens North,1.2511876
447,447,E14001510,St Helens South and Whiston,1.0028633
448,448,E14001511,St Ives,6.105854
449,449,E14001512,St Neots and Mid Cambridgeshire,3.3198469
450,450,E14001513,Stafford,5.570031
451,451,E14001514,Staffordshire Moorlands,5.549981
452,452,E14001515,Stalybridge and Hyde,8.247463
453,453,E14001516,Stevenage,4.6233187
454,454,E14001517,Stockport,6.044136
455,455,E14001518,Stockton North,2.564077
456,456,E14001519,Stockton West,3.5726216
457,457,E14001520,Stoke-on-Trent Central,5.586643
458,458,E14001521,Stoke-on-Trent North,6.42977
459,459,E14001522,Stoke-on-Trent South,5.5994925
460,460,E14001523,"Stone, Great Wyrley and Penkridge",7.116948
461,461,E14001524,Stourbridge,10.849727
462,462,E14001525,Stratford and Bow,6.7304535
463,463,E14001526,Stratford-on-Avon,9.177268
464,464,E14001527,Streatham and Croydon North,3.0803773
465,465,E14001528,Stretford and Urmston,4.2040014
466,466,E14001529,Stroud,5.8665366
467,467,E14001530,Suffolk Coastal,4.0930133
468,468,E14001531,Sunderland Central,6.731861
469,469,E14001532,Surrey Heath,1.7411467
470,470,E14001533,Sussex Weald,-0.11296744
471,471,E14001534,Sutton and Cheam,2.9767106
472,472,E14001535,Sutton Coldfield,9.521012
473,473,E14001536,Swindon North,6.336255
474,474,E14001537,Swindon South,6.0409727
475,475,E14001538,Tamworth,8.514953
476,476,E14001539,Tatton,3.7551224
477,477,E14001540,Taunton and Wellington,3.939726
478,478,E14001541,Telford,7.0775175
479,479,E14001542,Tewkesbury,7.1045322
480,480,E14001543,The Wrekin,6.131192
481,481,E14001544,Thirsk and Malton,7.690945
482,482,E14001545,Thornbury and Yate,9.020719
483,483,E14001546,Thurrock,4.5057163
484,484,E14001547,Tipton and Wednesbury,10.849727
485,485,E14001548,Tiverton and Minehead,4.9599047
486,486,E14001549,Tonbridge,1.554575
487,487,E14001550,Tooting,2.9767106
488,488,E14001551,Torbay,5.761136
489,489,E14001552,Torridge and Tavistock,6.110561
490,490,E14001553,Tottenham,7.674693
491,491,E14001554,Truro and Falmouth,6.877912
492,492,E14001555,Tunbridge Wells,-0.04591891
493,493,E14001556,Twickenham,3.362307
494,494,E14001557,Tynemouth,8.410467
495,495,E14001558,Uxbridge and South Ruislip,5.2479396
496,496,E14001559,Vauxhall and Camberwell Green,6.148457
497,497,E14001560,Wakefield and Rothwell,10.189305
498,498,E14001561,Wallasey,-1.0286137
499,499,E14001562,Walsall and Bloxwich,10.114429
500,500,E14001563,Walthamstow,8.908532
501,501,E14001564,Warrington North,2.5574455
502,502,E14001565,Warrington South,2.0582345
503,503,E14001566,Warwick and Leamington,8.603479
504,504,E14001567,Washington and Gateshead South,7.199423
505,505,E14001568,Watford,5.1598825
506,506,E14001569,Waveney Valley,3.9199965
507,507,E14001570,Weald of Kent,1.0718639
508,508,E14001571,Wellingborough and Rushden,3.3626208
509,509,E14001572,Wells and Mendip Hills,6.932024
510,510,E14001573,Welwyn Hatfield,5.7757597
511,511,E14001574,West Bromwich,11.378362
512,512,E14001575,West Dorset,8.930777
513,513,E14001576,West Ham and Beckton,6.488494
514,514,E14001577,West Lancashire,3.2485857
515,515,E14001578,West Suffolk,3.021592
516,516,E14001579,West Worcestershire,8.819465
517,517,E14001580,Westmorland and Lonsdale,10.941029
518,518,E14001581,Weston-super-Mare,7.3680944
519,519,E14001582,Wetherby and Easingwold,9.773593
520,520,E14001583,Whitehaven and Workington,-0.17433977
521,521,E14001584,Widnes and Halewood,-0.3632191
522,522,E14001585,Wigan,4.3333645
523,523,E14001586,Wimbledon,2.9767106
524,524,E14001587,Winchester,3.7315276
525,525,E14001588,Windsor,2.608322
526,526,E14001589,Wirral West,-1.0257099
527,527,E14001590,Witham,0.83296263
528,528,E14001591,Witney,5.6662483
529,529,E14001592,Woking,2.3086185
530,530,E14001593,Wokingham,2.396725
531,531,E14001594,Wolverhampton North East,9.86029
532,532,E14001595,Wolverhampton South East,9.86029
533,533,E14001596,Wolverhampton West,9.432418
534,534,E14001597,Worcester,10.19351
535,535,E14001598,Worsley and Eccles,4.2446623
536,536,E14001599,Worthing West,2.5251417
537,537,E14001600,Wycombe,4.62789
538,538,E14001601,Wyre Forest,10.293499
539,539,E14001602,Wythenshawe and Sale East,5.196063
540,540,E14001603,Yeovil,6.58096
541,541,E14001604,York Central,10.72719
542,542,E14001605,York Outer,10.530612
543,543,N05000001,Belfast East,0.3143862
544,544,N05000002,Belfast North,-0.111724146
545,545,N05000003,Belfast South and Mid Down,-0.7194126
546,546,N05000004,Belfast West,-0.111724146
547,547,N05000005,East Antrim,4.6282244
548,548,N05000006,East Londonderry,3.7789302
549,549,N05000007,Fermanagh and South Tyrone,12.090546
550,550,N05000008,Foyle,4.133129
551,551,N05000009,Lagan Valley,0.7551211
552,552,N05000010,Mid Ulster,7.1601458
553,553,N05000011,Newry and Armagh,4.4310026
554,554,N05000012,North Antrim,4.340689
555,555,N05000013,North Down,1.3098825
556,556,N05000014,South Antrim,2.0981452
557,557,N05000015,South Down,-2.3660872
558,558,N05000016,Strangford,-1.3205427
559,559,N05000017,Upper Bann,3.8288639
560,560,N05000018,West Tyrone,8.994774
561,561,S14000021,East Renfrewshire,8.424016
562,562,S14000027,Na h-Eileanan an Iar,7.1041417
563,563,S14000045,Midlothian,11.502774
564,564,S14000048,North Ayrshire and Arran,7.8287024
565,565,S14000051,Orkney and Shetland,1.9450942
566,566,S14000060,Aberdeen North,19.509775
567,567,S14000061,Aberdeen South,17.623995
568,568,S14000062,Aberdeenshire North and Moray East,10.004572
569,569,S14000063,Airdrie and Shotts,14.258136
570,570,S14000064,Alloa and Grangemouth,18.677135
571,571,S14000065,Angus and Perthshire Glens,14.457086
572,572,S14000066,Arbroath and Broughty Ferry,13.340772
573,573,S14000067,"Argyll, Bute and South Lochaber",10.312852
574,574,S14000068,Bathgate and Linlithgow,17.644793
575,575,S14000069,"Caithness, Sutherland and Easter Ross",5.6222153
576,576,S14000070,Coatbridge and Bellshill,12.865119
577,577,S14000071,Cowdenbeath and Kirkcaldy,18.21668
578,578,S14000072,Cumbernauld and Kirkintilloch,14.446915
579,579,S14000073,Dumfries and Galloway,6.4853535
580,580,S14000074,"Dumfriesshire, Clydesdale and Tweeddale",8.498416
581,581,S14000075,Dundee Central,12.443885
582,582,S14000076,Dunfermline and Dollar,20.290867
583,583,S14000077,East Kilbride and Strathaven,7.9131203
584,584,S14000078,Edinburgh East and Musselburgh,12.6608715
585,585,S14000079,Edinburgh North and Leith,13.7030525
586,586,S14000080,Edinburgh South,13.7030525
587,587,S14000081,Edinburgh South West,14.559431
588,588,S14000082,Edinburgh West,17.483019
589,589,S14000083,Falkirk,18.223116
590,590,S14000084,Glasgow East,10.009736
591,591,S14000085,Glasgow North,10.762334
592,592,S14000086,Glasgow North East,11.534209
593,593,S14000087,Glasgow South,9.004424
594,594,S14000088,Glasgow South West,10.762334
595,595,S14000089,Glasgow West,10.46106
596,596,S14000090,Glenrothes and Mid Fife,14.00239
597,597,S14000091,Gordon and Buchan,16.048218
598,598,S14000092,Hamilton and Clyde Valley,9.016816
599,599,S14000093,Inverclyde and Renfrewshire West,11.1558695
600,600,S14000094,"Inverness, Skye and West Ross-shire",8.458378
601,601,S14000095,Livingston,14.430136
602,602,S14000096,Lothian East,6.954265
603,603,S14000097,Mid Dunbartonshire,13.519064
604,604,S14000098,"Moray West, Nairn and Strathspey",9.385419
605,605,S14000099,"Motherwell, Wishaw and Carluke",12.681377
606,606,S14000100,North East Fife,11.843283
607,607,S14000101,Paisley and Renfrewshire North,10.68395
608,608,S14000102,Paisley and Renfrewshire South,9.63429
609,609,S14000103,Perth and Kinross-shire,14.773096
610,610,S14000104,Rutherglen,10.965936
611,611,S14000105,Stirling and Strathallan,13.795707
612,612,S14000106,West Dunbartonshire,11.722069
613,613,S14000107,"Ayr, Carrick and Cumnock",6.0990624
614,614,S14000108,"Berwickshire, Roxburgh and Selkirk",11.004343
615,615,S14000109,Central Ayrshire,4.097719
616,616,S14000110,Kilmarnock and Loudoun,5.7815223
617,617,S14000111,West Aberdeenshire and Kincardine,15.832442
618,618,W07000081,Aberafan Maesteg,14.473493
619,619,W07000082,Alyn and Deeside,1.0679657
620,620,W07000083,Bangor Aberconwy,2.885263
621,621,W07000084,Blaenau Gwent and Rhymney,11.215145
622,622,W07000085,"Brecon, Radnor and Cwm Tawe",5.8019395
623,623,W07000086,Bridgend,14.579707
624,624,W07000087,Caerfyrddin,7.056069
625,625,W07000088,Caerphilly,14.039944
626,626,W07000089,Cardiff East,13.557254
627,627,W07000090,Cardiff North,13.557254
628,628,W07000091,Cardiff South and Penarth,12.229465
629,629,W07000092,Cardiff West,13.921328
630,630,W07000093,Ceredigion Preseli,3.1123428
631,631,W07000094,Clwyd East,-0.57566744
632,632,W07000095,Clwyd North,-0.7985958
633,633,W07000096,Dwyfor Meirionnydd,7.527206
634,634,W07000097,Gower,10.3839445
635,635,W07000098,Llanelli,9.317212
636,636,W07000099,Merthyr Tydfil and Aberdare,12.08941
637,637,W07000100,Mid and South Pembrokeshire,4.7307973
638,638,W07000101,Monmouthshire,10.037285
639,639,W07000102,Montgomeryshire and Glyndwr,0.7500453
640,640,W07000103,Neath and Swansea East,12.202744
641,641,W07000104,Newport East,10.876656
642,642,W07000105,Newport West and Islwyn,12.91469
643,643,W07000106,Pontypridd,13.080007
644,644,W07000107,Rhondda and Ogmore,15.552582
645,645,W07000108,Swansea West,12.278153
646,646,W07000109,Torfaen,12.284345
647,647,W07000110,Vale of Glamorgan,12.99375
648,648,W07000111,Wrexham,0.71215296
649,649,W07000112,Ynys MÃ´n,5.1631517
