,region,constituency,ensemble,period,season,name,spei6dd_2030s
0,1,E14000530,UKCP18 12km,20191201-20491130,annual,Aldershot,2.011752808325268
1,2,E14000531,UKCP18 12km,20191201-20491130,annual,Aldridge-Brownhills,1.535669257867055
2,3,E14000532,UKCP18 12km,20191201-20491130,annual,Altrincham and Sale West,0.8241983720662139
3,4,E14000533,UKCP18 12km,20191201-20491130,annual,Amber Valley,1.4630194609418394
4,5,E14000534,UKCP18 12km,20191201-20491130,annual,Arundel and South Downs,1.582110026648486
5,6,E14000535,UKCP18 12km,20191201-20491130,annual,Ashfield,1.5083606243559948
6,7,E14000536,UKCP18 12km,20191201-20491130,annual,Ashford,1.9065669941840437
7,8,E14000537,UKCP18 12km,20191201-20491130,annual,Ashton-under-Lyne,1.118391062109596
8,9,E14000538,UKCP18 12km,20191201-20491130,annual,Aylesbury,1.9469421661566568
9,10,E14000539,UKCP18 12km,20191201-20491130,annual,Banbury,1.8925137442896993
10,11,E14000540,UKCP18 12km,20191201-20491130,annual,Barking,1.8013401101120146
11,12,E14000541,UKCP18 12km,20191201-20491130,annual,Barnsley Central,1.6786619036408146
12,13,E14000542,UKCP18 12km,20191201-20491130,annual,Barnsley East,1.7760501906450639
13,14,E14000543,UKCP18 12km,20191201-20491130,annual,Barrow and Furness,0.46646653483900336
14,15,E14000544,UKCP18 12km,20191201-20491130,annual,Basildon and Billericay,2.182093544223399
15,16,E14000545,UKCP18 12km,20191201-20491130,annual,Basingstoke,2.0452182742036285
16,17,E14000546,UKCP18 12km,20191201-20491130,annual,Bassetlaw,1.7244019179541397
17,18,E14000547,UKCP18 12km,20191201-20491130,annual,Bath,1.7647883584970303
18,19,E14000548,UKCP18 12km,20191201-20491130,annual,Batley and Spen,1.920215457465515
19,20,E14000549,UKCP18 12km,20191201-20491130,annual,Battersea,1.6112347006001135
20,21,E14000550,UKCP18 12km,20191201-20491130,annual,Beaconsfield,1.9699332636144002
21,22,E14000551,UKCP18 12km,20191201-20491130,annual,Beckenham,1.9560543467618723
22,23,E14000552,UKCP18 12km,20191201-20491130,annual,Bedford,2.034384605170357
23,24,E14000553,UKCP18 12km,20191201-20491130,annual,Bermondsey and Old Southwark,1.7418665012306944
24,25,E14000554,UKCP18 12km,20191201-20491130,annual,Berwick-upon-Tweed,1.745898749120451
25,26,E14000555,UKCP18 12km,20191201-20491130,annual,Bethnal Green and Bow,1.5404532408675047
26,27,E14000556,UKCP18 12km,20191201-20491130,annual,Beverley and Holderness,1.705321184161588
27,28,E14000557,UKCP18 12km,20191201-20491130,annual,Bexhill and Battle,1.8600371195107541
28,29,E14000558,UKCP18 12km,20191201-20491130,annual,Bexleyheath and Crayford,2.094193636027596
29,30,E14000559,UKCP18 12km,20191201-20491130,annual,Birkenhead,1.0366350806789466
30,31,E14000560,UKCP18 12km,20191201-20491130,annual,"Birmingham, Edgbaston",1.7671070375516447
31,32,E14000561,UKCP18 12km,20191201-20491130,annual,"Birmingham, Erdington",1.862751182463305
32,33,E14000562,UKCP18 12km,20191201-20491130,annual,"Birmingham, Hall Green",1.9087096092451643
33,34,E14000563,UKCP18 12km,20191201-20491130,annual,"Birmingham, Hodge Hill",1.9087096092451643
34,35,E14000564,UKCP18 12km,20191201-20491130,annual,"Birmingham, Ladywood",1.7671070375516447
35,36,E14000565,UKCP18 12km,20191201-20491130,annual,"Birmingham, Northfield",1.7671070375516447
36,37,E14000566,UKCP18 12km,20191201-20491130,annual,"Birmingham, Perry Barr",1.599175395165207
37,38,E14000567,UKCP18 12km,20191201-20491130,annual,"Birmingham, Selly Oak",1.7671070375516447
38,39,E14000568,UKCP18 12km,20191201-20491130,annual,"Birmingham, Yardley",1.9087096092451643
39,40,E14000569,UKCP18 12km,20191201-20491130,annual,Bishop Auckland,2.11595387984986
40,41,E14000570,UKCP18 12km,20191201-20491130,annual,Blackburn,1.0402594861766514
41,42,E14000571,UKCP18 12km,20191201-20491130,annual,Blackley and Broughton,1.118391062109596
42,43,E14000572,UKCP18 12km,20191201-20491130,annual,Blackpool North and Cleveleys,0.7058571628978925
43,44,E14000573,UKCP18 12km,20191201-20491130,annual,Blackpool South,0.7058571628978925
44,45,E14000574,UKCP18 12km,20191201-20491130,annual,Blaydon,2.048381079153849
45,46,E14000575,UKCP18 12km,20191201-20491130,annual,Blyth Valley,1.7165353774233978
46,47,E14000576,UKCP18 12km,20191201-20491130,annual,Bognor Regis and Littlehampton,1.4778357047078357
47,48,E14000577,UKCP18 12km,20191201-20491130,annual,Bolsover,1.7621281196969392
48,49,E14000578,UKCP18 12km,20191201-20491130,annual,Bolton North East,1.0697367791828054
49,50,E14000579,UKCP18 12km,20191201-20491130,annual,Bolton South East,0.906407331143479
50,51,E14000580,UKCP18 12km,20191201-20491130,annual,Bolton West,0.8424085241577934
51,52,E14000581,UKCP18 12km,20191201-20491130,annual,Bootle,0.913372818243066
52,53,E14000582,UKCP18 12km,20191201-20491130,annual,Boston and Skegness,1.5359454758052646
53,54,E14000583,UKCP18 12km,20191201-20491130,annual,Bosworth,1.8602677844412847
54,55,E14000584,UKCP18 12km,20191201-20491130,annual,Bournemouth East,1.6737980033917481
55,56,E14000585,UKCP18 12km,20191201-20491130,annual,Bournemouth West,1.699631233419785
56,57,E14000586,UKCP18 12km,20191201-20491130,annual,Bracknell,2.096299890643714
57,58,E14000587,UKCP18 12km,20191201-20491130,annual,Bradford East,1.9851598991866275
58,59,E14000588,UKCP18 12km,20191201-20491130,annual,Bradford South,1.993258215622438
59,60,E14000589,UKCP18 12km,20191201-20491130,annual,Bradford West,1.9851598991866275
60,61,E14000590,UKCP18 12km,20191201-20491130,annual,Braintree,1.8452159531360566
61,62,E14000591,UKCP18 12km,20191201-20491130,annual,Brent Central,1.4349196960120463
62,63,E14000592,UKCP18 12km,20191201-20491130,annual,Brent North,1.4349196960120463
63,64,E14000593,UKCP18 12km,20191201-20491130,annual,Brentford and Isleworth,1.6112347006001135
64,65,E14000594,UKCP18 12km,20191201-20491130,annual,Brentwood and Ongar,1.9906262431302615
65,66,E14000595,UKCP18 12km,20191201-20491130,annual,Bridgwater and West Somerset,2.1250427868528328
66,67,E14000596,UKCP18 12km,20191201-20491130,annual,Brigg and Goole,1.4727871409349154
67,68,E14000597,UKCP18 12km,20191201-20491130,annual,"Brighton, Kemptown",1.5328373620979792
68,69,E14000598,UKCP18 12km,20191201-20491130,annual,"Brighton, Pavilion",1.5635295153059647
69,70,E14000599,UKCP18 12km,20191201-20491130,annual,Bristol East,1.6169199477020275
70,71,E14000600,UKCP18 12km,20191201-20491130,annual,Bristol North West,1.6628699603392276
71,72,E14000601,UKCP18 12km,20191201-20491130,annual,Bristol South,1.6628699603392276
72,73,E14000602,UKCP18 12km,20191201-20491130,annual,Bristol West,1.6628699603392276
73,74,E14000603,UKCP18 12km,20191201-20491130,annual,Broadland,1.9848762550308703
74,75,E14000604,UKCP18 12km,20191201-20491130,annual,Bromley and Chislehurst,2.094193636027596
75,76,E14000605,UKCP18 12km,20191201-20491130,annual,Bromsgrove,1.885175397792655
76,77,E14000606,UKCP18 12km,20191201-20491130,annual,Broxbourne,1.780288858587679
77,78,E14000607,UKCP18 12km,20191201-20491130,annual,Broxtowe,1.5298440815626309
78,79,E14000608,UKCP18 12km,20191201-20491130,annual,Buckingham,1.794248816390218
79,80,E14000609,UKCP18 12km,20191201-20491130,annual,Burnley,1.736473261928878
80,81,E14000610,UKCP18 12km,20191201-20491130,annual,Burton,1.4925395744087153
81,82,E14000611,UKCP18 12km,20191201-20491130,annual,Bury North,1.0697367791828054
82,83,E14000612,UKCP18 12km,20191201-20491130,annual,Bury South,0.906407331143479
83,84,E14000613,UKCP18 12km,20191201-20491130,annual,Bury St Edmunds,1.8589948628346817
84,85,E14000614,UKCP18 12km,20191201-20491130,annual,Calder Valley,1.8898844575127651
85,86,E14000615,UKCP18 12km,20191201-20491130,annual,Camberwell and Peckham,1.7418665012306944
86,87,E14000616,UKCP18 12km,20191201-20491130,annual,Camborne and Redruth,1.505392435277888
87,88,E14000617,UKCP18 12km,20191201-20491130,annual,Cambridge,1.8445611206885122
88,89,E14000618,UKCP18 12km,20191201-20491130,annual,Cannock Chase,1.5679184995227518
89,90,E14000619,UKCP18 12km,20191201-20491130,annual,Canterbury,2.003471193530328
90,91,E14000620,UKCP18 12km,20191201-20491130,annual,Carlisle,0.7517775800830512
91,92,E14000621,UKCP18 12km,20191201-20491130,annual,Carshalton and Wallington,1.9560543467618723
92,93,E14000622,UKCP18 12km,20191201-20491130,annual,Castle Point,2.2173227718630444
93,94,E14000623,UKCP18 12km,20191201-20491130,annual,Central Devon,2.1915927723451327
94,95,E14000624,UKCP18 12km,20191201-20491130,annual,Central Suffolk and North Ipswich,1.7604613273888738
95,96,E14000625,UKCP18 12km,20191201-20491130,annual,Charnwood,1.773858518512803
96,97,E14000626,UKCP18 12km,20191201-20491130,annual,Chatham and Aylesford,2.3486639542699383
97,98,E14000627,UKCP18 12km,20191201-20491130,annual,Cheadle,1.0331135080994929
98,99,E14000628,UKCP18 12km,20191201-20491130,annual,Chelmsford,2.0986685466856048
99,100,E14000629,UKCP18 12km,20191201-20491130,annual,Chelsea and Fulham,1.6112347006001135
100,101,E14000630,UKCP18 12km,20191201-20491130,annual,Cheltenham,1.7699968598960172
101,102,E14000631,UKCP18 12km,20191201-20491130,annual,Chesham and Amersham,1.8054898435526672
102,103,E14000632,UKCP18 12km,20191201-20491130,annual,Chesterfield,1.9457308520802383
103,104,E14000633,UKCP18 12km,20191201-20491130,annual,Chichester,1.5405616997169485
104,105,E14000634,UKCP18 12km,20191201-20491130,annual,Chingford and Woodford Green,1.6289302058628705
105,106,E14000635,UKCP18 12km,20191201-20491130,annual,Chippenham,1.811385905343905
106,107,E14000636,UKCP18 12km,20191201-20491130,annual,Chipping Barnet,1.5805281293350344
107,108,E14000637,UKCP18 12km,20191201-20491130,annual,Chorley,0.8256632931058007
108,109,E14000638,UKCP18 12km,20191201-20491130,annual,Christchurch,1.6737980033917481
109,110,E14000639,UKCP18 12km,20191201-20491130,annual,Cities of London and Westminster,1.5404532408675047
110,111,E14000640,UKCP18 12km,20191201-20491130,annual,City of Chester,1.2932205091385915
111,112,E14000641,UKCP18 12km,20191201-20491130,annual,City of Durham,2.206091084882718
112,113,E14000642,UKCP18 12km,20191201-20491130,annual,Clacton,1.9492537013858022
113,114,E14000643,UKCP18 12km,20191201-20491130,annual,Cleethorpes,1.786655274095449
114,115,E14000644,UKCP18 12km,20191201-20491130,annual,Colchester,1.9814181218411868
115,116,E14000645,UKCP18 12km,20191201-20491130,annual,Colne Valley,1.8490393533499692
116,117,E14000646,UKCP18 12km,20191201-20491130,annual,Congleton,1.2483482336337486
117,118,E14000647,UKCP18 12km,20191201-20491130,annual,Copeland,0.5307230749431533
118,119,E14000648,UKCP18 12km,20191201-20491130,annual,Corby,1.9028334519856287
119,120,E14000649,UKCP18 12km,20191201-20491130,annual,Coventry North East,2.004596724559011
120,121,E14000650,UKCP18 12km,20191201-20491130,annual,Coventry North West,1.9751118589843102
121,122,E14000651,UKCP18 12km,20191201-20491130,annual,Coventry South,2.004596724559011
122,123,E14000652,UKCP18 12km,20191201-20491130,annual,Crawley,1.9439159917521627
123,124,E14000653,UKCP18 12km,20191201-20491130,annual,Crewe and Nantwich,1.228080422179378
124,125,E14000654,UKCP18 12km,20191201-20491130,annual,Croydon Central,1.9560543467618723
125,126,E14000655,UKCP18 12km,20191201-20491130,annual,Croydon North,1.7418665012306944
126,127,E14000656,UKCP18 12km,20191201-20491130,annual,Croydon South,1.9560543467618723
127,128,E14000657,UKCP18 12km,20191201-20491130,annual,Dagenham and Rainham,1.8013401101120146
128,129,E14000658,UKCP18 12km,20191201-20491130,annual,Darlington,1.8491753793481547
129,130,E14000659,UKCP18 12km,20191201-20491130,annual,Dartford,2.3108333399898604
130,131,E14000660,UKCP18 12km,20191201-20491130,annual,Daventry,2.0101839790017433
131,132,E14000661,UKCP18 12km,20191201-20491130,annual,Denton and Reddish,1.0331135080994929
132,133,E14000662,UKCP18 12km,20191201-20491130,annual,Derby North,1.3934448999980813
133,134,E14000663,UKCP18 12km,20191201-20491130,annual,Derby South,1.6042447289071264
134,135,E14000664,UKCP18 12km,20191201-20491130,annual,Derbyshire Dales,1.6700529385570815
135,136,E14000665,UKCP18 12km,20191201-20491130,annual,Devizes,1.982355080753753
136,137,E14000666,UKCP18 12km,20191201-20491130,annual,Dewsbury,2.100268397468221
137,138,E14000667,UKCP18 12km,20191201-20491130,annual,Don Valley,1.66246110357804
138,139,E14000668,UKCP18 12km,20191201-20491130,annual,Doncaster Central,1.66246110357804
139,140,E14000669,UKCP18 12km,20191201-20491130,annual,Doncaster North,1.4773083203142505
140,141,E14000670,UKCP18 12km,20191201-20491130,annual,Dover,1.9772439173497967
141,142,E14000671,UKCP18 12km,20191201-20491130,annual,Dudley North,1.5590473718347362
142,143,E14000672,UKCP18 12km,20191201-20491130,annual,Dudley South,1.5590473718347362
143,144,E14000673,UKCP18 12km,20191201-20491130,annual,Dulwich and West Norwood,1.7418665012306944
144,145,E14000674,UKCP18 12km,20191201-20491130,annual,Ealing Central and Acton,1.4349196960120463
145,146,E14000675,UKCP18 12km,20191201-20491130,annual,Ealing North,1.6256065959418173
146,147,E14000676,UKCP18 12km,20191201-20491130,annual,"Ealing, Southall",1.8009024198076602
147,148,E14000677,UKCP18 12km,20191201-20491130,annual,Easington,1.8735090861437094
148,149,E14000678,UKCP18 12km,20191201-20491130,annual,East Devon,1.7932219618542264
149,150,E14000679,UKCP18 12km,20191201-20491130,annual,East Ham,1.8013401101120146
150,151,E14000680,UKCP18 12km,20191201-20491130,annual,East Hampshire,1.778068856606379
151,152,E14000681,UKCP18 12km,20191201-20491130,annual,East Surrey,1.9213993135063303
152,153,E14000682,UKCP18 12km,20191201-20491130,annual,East Worthing and Shoreham,1.5498516904636557
153,154,E14000683,UKCP18 12km,20191201-20491130,annual,East Yorkshire,1.7760100899825062
154,155,E14000684,UKCP18 12km,20191201-20491130,annual,Eastbourne,1.7498377244938823
155,156,E14000685,UKCP18 12km,20191201-20491130,annual,Eastleigh,1.5168607975969959
156,157,E14000686,UKCP18 12km,20191201-20491130,annual,Eddisbury,1.2914744323266876
157,158,E14000687,UKCP18 12km,20191201-20491130,annual,Edmonton,1.6289302058628705
158,159,E14000688,UKCP18 12km,20191201-20491130,annual,Ellesmere Port and Neston,1.1256608532264791
159,160,E14000689,UKCP18 12km,20191201-20491130,annual,Elmet and Rothwell,1.670416135660128
160,161,E14000690,UKCP18 12km,20191201-20491130,annual,Eltham,2.094193636027596
161,162,E14000691,UKCP18 12km,20191201-20491130,annual,Enfield North,1.6289302058628705
162,163,E14000692,UKCP18 12km,20191201-20491130,annual,"Enfield, Southgate",1.6289302058628705
163,164,E14000693,UKCP18 12km,20191201-20491130,annual,Epping Forest,1.804771138811974
164,165,E14000694,UKCP18 12km,20191201-20491130,annual,Epsom and Ewell,1.9486595186047644
165,166,E14000695,UKCP18 12km,20191201-20491130,annual,Erewash,1.5298440815626309
166,167,E14000696,UKCP18 12km,20191201-20491130,annual,Erith and Thamesmead,2.094193636027596
167,168,E14000697,UKCP18 12km,20191201-20491130,annual,Esher and Walton,2.0023076078619395
168,169,E14000698,UKCP18 12km,20191201-20491130,annual,Exeter,1.920468252544385
169,170,E14000699,UKCP18 12km,20191201-20491130,annual,Fareham,1.5168607975969959
170,171,E14000700,UKCP18 12km,20191201-20491130,annual,Faversham and Mid Kent,2.1559886110779707
171,172,E14000701,UKCP18 12km,20191201-20491130,annual,Feltham and Heston,1.8009024198076602
172,173,E14000702,UKCP18 12km,20191201-20491130,annual,Filton and Bradley Stoke,1.5146826517504357
173,174,E14000703,UKCP18 12km,20191201-20491130,annual,Finchley and Golders Green,1.4349196960120463
174,175,E14000704,UKCP18 12km,20191201-20491130,annual,Folkestone and Hythe,1.9162897391184235
175,176,E14000705,UKCP18 12km,20191201-20491130,annual,Forest of Dean,1.6361955649886122
176,177,E14000706,UKCP18 12km,20191201-20491130,annual,Fylde,0.7058571628978925
177,178,E14000707,UKCP18 12km,20191201-20491130,annual,Gainsborough,1.7282621698558034
178,179,E14000708,UKCP18 12km,20191201-20491130,annual,Garston and Halewood,1.108394471852684
179,180,E14000709,UKCP18 12km,20191201-20491130,annual,Gateshead,1.971032377588279
180,181,E14000710,UKCP18 12km,20191201-20491130,annual,Gedling,1.662797509975426
181,182,E14000711,UKCP18 12km,20191201-20491130,annual,Gillingham and Rainham,2.312100149576193
182,183,E14000712,UKCP18 12km,20191201-20491130,annual,Gloucester,1.7568542714772393
183,184,E14000713,UKCP18 12km,20191201-20491130,annual,Gosport,1.4399146788186934
184,185,E14000714,UKCP18 12km,20191201-20491130,annual,Grantham and Stamford,1.8825232395258003
185,186,E14000715,UKCP18 12km,20191201-20491130,annual,Gravesham,2.3110128571428663
186,187,E14000716,UKCP18 12km,20191201-20491130,annual,Great Grimsby,1.6900189077137207
187,188,E14000717,UKCP18 12km,20191201-20491130,annual,Great Yarmouth,1.7931412146436871
188,189,E14000718,UKCP18 12km,20191201-20491130,annual,Greenwich and Woolwich,2.094193636027596
189,190,E14000719,UKCP18 12km,20191201-20491130,annual,Guildford,2.008671501653497
190,191,E14000720,UKCP18 12km,20191201-20491130,annual,Hackney North and Stoke Newington,1.5404532408675047
191,192,E14000721,UKCP18 12km,20191201-20491130,annual,Hackney South and Shoreditch,1.5404532408675047
192,193,E14000722,UKCP18 12km,20191201-20491130,annual,Halesowen and Rowley Regis,1.7671070375516447
193,194,E14000723,UKCP18 12km,20191201-20491130,annual,Halifax,1.993258215622438
194,195,E14000724,UKCP18 12km,20191201-20491130,annual,Haltemprice and Howden,1.4406069995601243
195,196,E14000725,UKCP18 12km,20191201-20491130,annual,Halton,1.1836836617618698
196,197,E14000726,UKCP18 12km,20191201-20491130,annual,Hammersmith,1.6112347006001135
197,198,E14000727,UKCP18 12km,20191201-20491130,annual,Hampstead and Kilburn,1.4349196960120463
198,199,E14000728,UKCP18 12km,20191201-20491130,annual,Harborough,2.009738014796001
199,200,E14000729,UKCP18 12km,20191201-20491130,annual,Harlow,1.898160249717698
200,201,E14000730,UKCP18 12km,20191201-20491130,annual,Harrogate and Knaresborough,1.8954177083176802
201,202,E14000731,UKCP18 12km,20191201-20491130,annual,Harrow East,1.4349196960120463
202,203,E14000732,UKCP18 12km,20191201-20491130,annual,Harrow West,1.6256065959418173
203,204,E14000733,UKCP18 12km,20191201-20491130,annual,Hartlepool,2.0755380083897514
204,205,E14000734,UKCP18 12km,20191201-20491130,annual,Harwich and North Essex,2.0938042805807173
205,206,E14000735,UKCP18 12km,20191201-20491130,annual,Hastings and Rye,1.8560732292716378
206,207,E14000736,UKCP18 12km,20191201-20491130,annual,Havant,1.4533498386778945
207,208,E14000737,UKCP18 12km,20191201-20491130,annual,Hayes and Harlington,1.8009024198076602
208,209,E14000738,UKCP18 12km,20191201-20491130,annual,Hazel Grove,1.0331135080994929
209,210,E14000739,UKCP18 12km,20191201-20491130,annual,Hemel Hempstead,1.7670977146062208
210,211,E14000740,UKCP18 12km,20191201-20491130,annual,Hemsworth,1.555709599215593
211,212,E14000741,UKCP18 12km,20191201-20491130,annual,Hendon,1.4349196960120463
212,213,E14000742,UKCP18 12km,20191201-20491130,annual,Henley,1.8433194378309055
213,214,E14000743,UKCP18 12km,20191201-20491130,annual,Hereford and South Herefordshire,1.7681980186170425
214,215,E14000744,UKCP18 12km,20191201-20491130,annual,Hertford and Stortford,1.780288858587679
215,216,E14000745,UKCP18 12km,20191201-20491130,annual,Hertsmere,1.5805281293350344
216,217,E14000746,UKCP18 12km,20191201-20491130,annual,Hexham,1.8819540080278316
217,218,E14000747,UKCP18 12km,20191201-20491130,annual,Heywood and Middleton,1.387119295693763
218,219,E14000748,UKCP18 12km,20191201-20491130,annual,High Peak,1.6918345522106355
219,220,E14000749,UKCP18 12km,20191201-20491130,annual,Hitchin and Harpenden,1.7670977146062208
220,221,E14000750,UKCP18 12km,20191201-20491130,annual,Holborn and St Pancras,1.5404532408675047
221,222,E14000751,UKCP18 12km,20191201-20491130,annual,Hornchurch and Upminster,2.1515317780735166
222,223,E14000752,UKCP18 12km,20191201-20491130,annual,Hornsey and Wood Green,1.5404532408675047
223,224,E14000753,UKCP18 12km,20191201-20491130,annual,Horsham,1.8144196659370886
224,225,E14000754,UKCP18 12km,20191201-20491130,annual,Houghton and Sunderland South,1.8735090861437094
225,226,E14000755,UKCP18 12km,20191201-20491130,annual,Hove,1.5328373620979792
226,227,E14000756,UKCP18 12km,20191201-20491130,annual,Huddersfield,2.188354208952735
227,228,E14000757,UKCP18 12km,20191201-20491130,annual,Huntingdon,1.8759404045288008
228,229,E14000758,UKCP18 12km,20191201-20491130,annual,Hyndburn,1.3110279114831078
229,230,E14000759,UKCP18 12km,20191201-20491130,annual,Ilford North,1.8013401101120146
230,231,E14000760,UKCP18 12km,20191201-20491130,annual,Ilford South,1.8013401101120146
231,232,E14000761,UKCP18 12km,20191201-20491130,annual,Ipswich,1.808751443328598
232,233,E14000762,UKCP18 12km,20191201-20491130,annual,Isle of Wight,1.8166666666666664
233,234,E14000763,UKCP18 12km,20191201-20491130,annual,Islington North,1.5404532408675047
234,235,E14000764,UKCP18 12km,20191201-20491130,annual,Islington South and Finsbury,1.5404532408675047
235,236,E14000765,UKCP18 12km,20191201-20491130,annual,Jarrow,1.796090151049861
236,237,E14000766,UKCP18 12km,20191201-20491130,annual,Keighley,1.9764959836298186
237,238,E14000767,UKCP18 12km,20191201-20491130,annual,Kenilworth and Southam,2.048612545334913
238,239,E14000768,UKCP18 12km,20191201-20491130,annual,Kensington,1.4349196960120463
239,240,E14000769,UKCP18 12km,20191201-20491130,annual,Kettering,1.908285492704578
240,241,E14000770,UKCP18 12km,20191201-20491130,annual,Kingston and Surbiton,1.9486595186047644
241,242,E14000771,UKCP18 12km,20191201-20491130,annual,Kingston upon Hull East,1.6772181790202245
242,243,E14000772,UKCP18 12km,20191201-20491130,annual,Kingston upon Hull North,1.71364723785717
243,244,E14000773,UKCP18 12km,20191201-20491130,annual,Kingston upon Hull West and Hessle,1.6772181790202245
244,245,E14000774,UKCP18 12km,20191201-20491130,annual,Kingswood,1.6169199477020275
245,246,E14000775,UKCP18 12km,20191201-20491130,annual,Knowsley,1.108394471852684
246,247,E14000776,UKCP18 12km,20191201-20491130,annual,Lancaster and Fleetwood,0.7439752323118963
247,248,E14000777,UKCP18 12km,20191201-20491130,annual,Leeds Central,1.920215457465515
248,249,E14000778,UKCP18 12km,20191201-20491130,annual,Leeds East,1.7119045163387108
249,250,E14000779,UKCP18 12km,20191201-20491130,annual,Leeds North East,1.8464719372208807
250,251,E14000780,UKCP18 12km,20191201-20491130,annual,Leeds North West,1.8464719372208807
251,252,E14000781,UKCP18 12km,20191201-20491130,annual,Leeds West,1.8464719372208807
252,253,E14000782,UKCP18 12km,20191201-20491130,annual,Leicester East,1.8974075940376174
253,254,E14000783,UKCP18 12km,20191201-20491130,annual,Leicester South,1.8974075940376174
254,255,E14000784,UKCP18 12km,20191201-20491130,annual,Leicester West,1.8974075940376174
255,256,E14000785,UKCP18 12km,20191201-20491130,annual,Leigh,0.8897599667287319
256,257,E14000786,UKCP18 12km,20191201-20491130,annual,Lewes,1.5969860298881224
257,258,E14000787,UKCP18 12km,20191201-20491130,annual,Lewisham East,1.7418665012306944
258,259,E14000788,UKCP18 12km,20191201-20491130,annual,Lewisham West and Penge,1.7418665012306944
259,260,E14000789,UKCP18 12km,20191201-20491130,annual,"Lewisham, Deptford",1.7418665012306944
260,261,E14000790,UKCP18 12km,20191201-20491130,annual,Leyton and Wanstead,1.5404532408675047
261,262,E14000791,UKCP18 12km,20191201-20491130,annual,Lichfield,1.6474199016919642
262,263,E14000792,UKCP18 12km,20191201-20491130,annual,Lincoln,1.613955957568405
263,264,E14000793,UKCP18 12km,20191201-20491130,annual,"Liverpool, Riverside",1.108394471852684
264,265,E14000794,UKCP18 12km,20191201-20491130,annual,"Liverpool, Walton",1.108394471852684
265,266,E14000795,UKCP18 12km,20191201-20491130,annual,"Liverpool, Wavertree",1.108394471852684
266,267,E14000796,UKCP18 12km,20191201-20491130,annual,"Liverpool, West Derby",1.108394471852684
267,268,E14000797,UKCP18 12km,20191201-20491130,annual,Loughborough,1.8359757305652806
268,269,E14000798,UKCP18 12km,20191201-20491130,annual,Louth and Horncastle,1.6450937951064908
269,270,E14000799,UKCP18 12km,20191201-20491130,annual,Ludlow,1.8024346413988834
270,271,E14000800,UKCP18 12km,20191201-20491130,annual,Luton North,1.9484913678538849
271,272,E14000801,UKCP18 12km,20191201-20491130,annual,Luton South,1.9484913678538849
272,273,E14000802,UKCP18 12km,20191201-20491130,annual,Macclesfield,1.2595433132533789
273,274,E14000803,UKCP18 12km,20191201-20491130,annual,Maidenhead,2.070279280934437
274,275,E14000804,UKCP18 12km,20191201-20491130,annual,Maidstone and The Weald,2.228532654428952
275,276,E14000805,UKCP18 12km,20191201-20491130,annual,Makerfield,0.998944951917243
276,277,E14000806,UKCP18 12km,20191201-20491130,annual,Maldon,2.247366947503299
277,278,E14000807,UKCP18 12km,20191201-20491130,annual,Manchester Central,1.118391062109596
278,279,E14000808,UKCP18 12km,20191201-20491130,annual,"Manchester, Gorton",1.0331135080994929
279,280,E14000809,UKCP18 12km,20191201-20491130,annual,"Manchester, Withington",0.8241983720662139
280,281,E14000810,UKCP18 12km,20191201-20491130,annual,Mansfield,1.7280468446486352
281,282,E14000811,UKCP18 12km,20191201-20491130,annual,Meon Valley,1.4828746034306828
282,283,E14000812,UKCP18 12km,20191201-20491130,annual,Meriden,1.9751118589843102
283,284,E14000813,UKCP18 12km,20191201-20491130,annual,Mid Bedfordshire,1.9653418003838603
284,285,E14000814,UKCP18 12km,20191201-20491130,annual,Mid Derbyshire,1.3934448999980813
285,286,E14000815,UKCP18 12km,20191201-20491130,annual,Mid Dorset and North Poole,1.6050707121168826
286,287,E14000816,UKCP18 12km,20191201-20491130,annual,Mid Norfolk,2.0382180081128487
287,288,E14000817,UKCP18 12km,20191201-20491130,annual,Mid Sussex,1.7133873702901943
288,289,E14000818,UKCP18 12km,20191201-20491130,annual,Mid Worcestershire,1.9421536978169072
289,290,E14000819,UKCP18 12km,20191201-20491130,annual,Middlesbrough,2.0755380083897514
290,291,E14000820,UKCP18 12km,20191201-20491130,annual,Middlesbrough South and East Cleveland,2.212851084798964
291,292,E14000821,UKCP18 12km,20191201-20491130,annual,Milton Keynes North,1.821913519046323
292,293,E14000822,UKCP18 12km,20191201-20491130,annual,Milton Keynes South,1.8695572326274992
293,294,E14000823,UKCP18 12km,20191201-20491130,annual,Mitcham and Morden,1.6112347006001135
294,295,E14000824,UKCP18 12km,20191201-20491130,annual,Mole Valley,2.0250411675340634
295,296,E14000825,UKCP18 12km,20191201-20491130,annual,Morecambe and Lunesdale,0.62791187062301
296,297,E14000826,UKCP18 12km,20191201-20491130,annual,Morley and Outwood,1.920215457465515
297,298,E14000827,UKCP18 12km,20191201-20491130,annual,New Forest East,1.6730312551232258
298,299,E14000828,UKCP18 12km,20191201-20491130,annual,New Forest West,1.6837465648344276
299,300,E14000829,UKCP18 12km,20191201-20491130,annual,Newark,1.6953651968597576
300,301,E14000830,UKCP18 12km,20191201-20491130,annual,Newbury,2.0037814618752265
301,302,E14000831,UKCP18 12km,20191201-20491130,annual,Newcastle upon Tyne Central,1.7925054181799356
302,303,E14000832,UKCP18 12km,20191201-20491130,annual,Newcastle upon Tyne East,1.7925054181799356
303,304,E14000833,UKCP18 12km,20191201-20491130,annual,Newcastle upon Tyne North,1.7925054181799356
304,305,E14000834,UKCP18 12km,20191201-20491130,annual,Newcastle-under-Lyme,1.2877155116631425
305,306,E14000835,UKCP18 12km,20191201-20491130,annual,Newton Abbot,1.9346932216006638
306,307,E14000836,UKCP18 12km,20191201-20491130,annual,"Normanton, Pontefract and Castleford",1.4621585970467155
307,308,E14000837,UKCP18 12km,20191201-20491130,annual,North Cornwall,1.6184972280196512
308,309,E14000838,UKCP18 12km,20191201-20491130,annual,North Devon,1.7274686455077852
309,310,E14000839,UKCP18 12km,20191201-20491130,annual,North Dorset,1.75528294458818
310,311,E14000840,UKCP18 12km,20191201-20491130,annual,North Durham,2.206091084882718
311,312,E14000841,UKCP18 12km,20191201-20491130,annual,North East Bedfordshire,1.9962315215024344
312,313,E14000842,UKCP18 12km,20191201-20491130,annual,North East Cambridgeshire,1.605511626879721
313,314,E14000843,UKCP18 12km,20191201-20491130,annual,North East Derbyshire,1.8545700572291726
314,315,E14000844,UKCP18 12km,20191201-20491130,annual,North East Hampshire,2.062220672473778
315,316,E14000845,UKCP18 12km,20191201-20491130,annual,North East Hertfordshire,1.9688512070302822
316,317,E14000846,UKCP18 12km,20191201-20491130,annual,North East Somerset,1.7079019577105434
317,318,E14000847,UKCP18 12km,20191201-20491130,annual,North Herefordshire,1.7922219689579657
318,319,E14000848,UKCP18 12km,20191201-20491130,annual,North Norfolk,2.0332638858495815
319,320,E14000849,UKCP18 12km,20191201-20491130,annual,North Shropshire,1.493779969814297
320,321,E14000850,UKCP18 12km,20191201-20491130,annual,North Somerset,1.673113108015232
321,322,E14000851,UKCP18 12km,20191201-20491130,annual,North Swindon,1.8930112329352646
322,323,E14000852,UKCP18 12km,20191201-20491130,annual,North Thanet,1.802607277591352
323,324,E14000853,UKCP18 12km,20191201-20491130,annual,North Tyneside,1.7925054181799356
324,325,E14000854,UKCP18 12km,20191201-20491130,annual,North Warwickshire,1.893582281207245
325,326,E14000855,UKCP18 12km,20191201-20491130,annual,North West Cambridgeshire,1.7494831477388304
326,327,E14000856,UKCP18 12km,20191201-20491130,annual,North West Durham,2.3036385506153496
327,328,E14000857,UKCP18 12km,20191201-20491130,annual,North West Hampshire,2.014827280556941
328,329,E14000858,UKCP18 12km,20191201-20491130,annual,North West Leicestershire,1.8455450682097638
329,330,E14000859,UKCP18 12km,20191201-20491130,annual,North West Norfolk,1.957827715886623
330,331,E14000860,UKCP18 12km,20191201-20491130,annual,North Wiltshire,1.769190684679662
331,332,E14000861,UKCP18 12km,20191201-20491130,annual,Northampton North,1.8378237931559351
332,333,E14000862,UKCP18 12km,20191201-20491130,annual,Northampton South,1.8378237931559351
333,334,E14000863,UKCP18 12km,20191201-20491130,annual,Norwich North,1.8237844857440884
334,335,E14000864,UKCP18 12km,20191201-20491130,annual,Norwich South,1.8240571428285168
335,336,E14000865,UKCP18 12km,20191201-20491130,annual,Nottingham East,1.662797509975426
336,337,E14000866,UKCP18 12km,20191201-20491130,annual,Nottingham North,1.5298440815626309
337,338,E14000867,UKCP18 12km,20191201-20491130,annual,Nottingham South,1.5298440815626309
338,339,E14000868,UKCP18 12km,20191201-20491130,annual,Nuneaton,1.8368229460742327
339,340,E14000869,UKCP18 12km,20191201-20491130,annual,Old Bexley and Sidcup,2.094193636027596
340,341,E14000870,UKCP18 12km,20191201-20491130,annual,Oldham East and Saddleworth,1.6512173346204078
341,342,E14000871,UKCP18 12km,20191201-20491130,annual,Oldham West and Royton,1.118391062109596
342,343,E14000872,UKCP18 12km,20191201-20491130,annual,Orpington,2.0753620293040806
343,344,E14000873,UKCP18 12km,20191201-20491130,annual,Oxford East,1.7317551918398826
344,345,E14000874,UKCP18 12km,20191201-20491130,annual,Oxford West and Abingdon,1.759399428395916
345,346,E14000875,UKCP18 12km,20191201-20491130,annual,Pendle,1.6944074795284332
346,347,E14000876,UKCP18 12km,20191201-20491130,annual,Penistone and Stocksbridge,2.1482715525051335
347,348,E14000877,UKCP18 12km,20191201-20491130,annual,Penrith and The Border,1.294253443577853
348,349,E14000878,UKCP18 12km,20191201-20491130,annual,Peterborough,1.63349195159432
349,350,E14000879,UKCP18 12km,20191201-20491130,annual,"Plymouth, Moor View",1.1305849583231689
350,351,E14000880,UKCP18 12km,20191201-20491130,annual,"Plymouth, Sutton and Devonport",1.2269948402293809
351,352,E14000881,UKCP18 12km,20191201-20491130,annual,Poole,1.699631233419785
352,353,E14000882,UKCP18 12km,20191201-20491130,annual,Poplar and Limehouse,1.5404532408675047
353,354,E14000883,UKCP18 12km,20191201-20491130,annual,Portsmouth North,1.4399146788186934
354,355,E14000884,UKCP18 12km,20191201-20491130,annual,Portsmouth South,1.4399146788186934
355,356,E14000885,UKCP18 12km,20191201-20491130,annual,Preston,0.8938391866582194
356,357,E14000886,UKCP18 12km,20191201-20491130,annual,Pudsey,1.8464719372208807
357,358,E14000887,UKCP18 12km,20191201-20491130,annual,Putney,1.6112347006001135
358,359,E14000888,UKCP18 12km,20191201-20491130,annual,Rayleigh and Wickford,2.2392422569957486
359,360,E14000889,UKCP18 12km,20191201-20491130,annual,Reading East,2.0074111345635166
360,361,E14000890,UKCP18 12km,20191201-20491130,annual,Reading West,2.0186480331474295
361,362,E14000891,UKCP18 12km,20191201-20491130,annual,Redcar,2.1571120724681383
362,363,E14000892,UKCP18 12km,20191201-20491130,annual,Redditch,1.8420720988156611
363,364,E14000893,UKCP18 12km,20191201-20491130,annual,Reigate,2.019235589387954
364,365,E14000894,UKCP18 12km,20191201-20491130,annual,Ribble Valley,1.1324304388271693
365,366,E14000895,UKCP18 12km,20191201-20491130,annual,Richmond (Yorks),1.9212150449748375
366,367,E14000896,UKCP18 12km,20191201-20491130,annual,Richmond Park,1.6112347006001135
367,368,E14000897,UKCP18 12km,20191201-20491130,annual,Rochdale,1.387119295693763
368,369,E14000898,UKCP18 12km,20191201-20491130,annual,Rochester and Strood,2.2148806244995423
369,370,E14000899,UKCP18 12km,20191201-20491130,annual,Rochford and Southend East,2.320765041290749
370,371,E14000900,UKCP18 12km,20191201-20491130,annual,Romford,1.8013401101120146
371,372,E14000901,UKCP18 12km,20191201-20491130,annual,Romsey and Southampton North,1.7566783548347062
372,373,E14000902,UKCP18 12km,20191201-20491130,annual,Rossendale and Darwen,1.3110279114831078
373,374,E14000903,UKCP18 12km,20191201-20491130,annual,Rother Valley,1.763622869103551
374,375,E14000904,UKCP18 12km,20191201-20491130,annual,Rotherham,1.9072638143509704
375,376,E14000905,UKCP18 12km,20191201-20491130,annual,Rugby,1.9574850007566063
376,377,E14000906,UKCP18 12km,20191201-20491130,annual,"Ruislip, Northwood and Pinner",1.6256065959418173
377,378,E14000907,UKCP18 12km,20191201-20491130,annual,Runnymede and Weybridge,2.096028118664577
378,379,E14000908,UKCP18 12km,20191201-20491130,annual,Rushcliffe,1.6992742830523775
379,380,E14000909,UKCP18 12km,20191201-20491130,annual,Rutland and Melton,1.9137199750424219
380,381,E14000910,UKCP18 12km,20191201-20491130,annual,Saffron Walden,1.9995737278054786
381,382,E14000911,UKCP18 12km,20191201-20491130,annual,Salford and Eccles,0.906407331143479
382,383,E14000912,UKCP18 12km,20191201-20491130,annual,Salisbury,1.8915342891858387
383,384,E14000913,UKCP18 12km,20191201-20491130,annual,Scarborough and Whitby,1.8792161875456064
384,385,E14000914,UKCP18 12km,20191201-20491130,annual,Scunthorpe,1.8640077389968248
385,386,E14000915,UKCP18 12km,20191201-20491130,annual,Sedgefield,1.986402634279304
386,387,E14000916,UKCP18 12km,20191201-20491130,annual,Sefton Central,0.913372818243066
387,388,E14000917,UKCP18 12km,20191201-20491130,annual,Selby and Ainsty,1.6053949884732692
388,389,E14000918,UKCP18 12km,20191201-20491130,annual,Sevenoaks,2.0820867256113926
389,390,E14000919,UKCP18 12km,20191201-20491130,annual,Sheffield Central,1.9072638143509704
390,391,E14000920,UKCP18 12km,20191201-20491130,annual,Sheffield South East,1.9072638143509704
391,392,E14000921,UKCP18 12km,20191201-20491130,annual,"Sheffield, Brightside and Hillsborough",1.9072638143509704
392,393,E14000922,UKCP18 12km,20191201-20491130,annual,"Sheffield, Hallam",2.1411409528273966
393,394,E14000923,UKCP18 12km,20191201-20491130,annual,"Sheffield, Heeley",1.9457308520802383
394,395,E14000924,UKCP18 12km,20191201-20491130,annual,Sherwood,1.7098711989949562
395,396,E14000925,UKCP18 12km,20191201-20491130,annual,Shipley,1.9851598991866275
396,397,E14000926,UKCP18 12km,20191201-20491130,annual,Shrewsbury and Atcham,1.5562465151159264
397,398,E14000927,UKCP18 12km,20191201-20491130,annual,Sittingbourne and Sheppey,2.077487481984234
398,399,E14000928,UKCP18 12km,20191201-20491130,annual,Skipton and Ripon,1.6647382007984683
399,400,E14000929,UKCP18 12km,20191201-20491130,annual,Sleaford and North Hykeham,1.6029518466931638
400,401,E14000930,UKCP18 12km,20191201-20491130,annual,Slough,1.9166182638217533
401,402,E14000931,UKCP18 12km,20191201-20491130,annual,Solihull,1.9087096092451643
402,403,E14000932,UKCP18 12km,20191201-20491130,annual,Somerton and Frome,1.962088106712662
403,404,E14000933,UKCP18 12km,20191201-20491130,annual,South Basildon and East Thurrock,2.244863453552425
404,405,E14000934,UKCP18 12km,20191201-20491130,annual,South Cambridgeshire,1.8521508240053202
405,406,E14000935,UKCP18 12km,20191201-20491130,annual,South Derbyshire,1.544958274924134
406,407,E14000936,UKCP18 12km,20191201-20491130,annual,South Dorset,1.5173953166101934
407,408,E14000937,UKCP18 12km,20191201-20491130,annual,South East Cambridgeshire,1.835547664463705
408,409,E14000938,UKCP18 12km,20191201-20491130,annual,South East Cornwall,1.4704992978508244
409,410,E14000939,UKCP18 12km,20191201-20491130,annual,South Holland and The Deepings,1.6215208805689338
410,411,E14000940,UKCP18 12km,20191201-20491130,annual,South Leicestershire,1.9262527522949278
411,412,E14000941,UKCP18 12km,20191201-20491130,annual,South Norfolk,1.7296090225914111
412,413,E14000942,UKCP18 12km,20191201-20491130,annual,South Northamptonshire,1.8535740802357394
413,414,E14000943,UKCP18 12km,20191201-20491130,annual,South Ribble,0.7672255874998046
414,415,E14000944,UKCP18 12km,20191201-20491130,annual,South Shields,1.796090151049861
415,416,E14000945,UKCP18 12km,20191201-20491130,annual,South Staffordshire,1.5644214773844978
416,417,E14000946,UKCP18 12km,20191201-20491130,annual,South Suffolk,1.8959105858377738
417,418,E14000947,UKCP18 12km,20191201-20491130,annual,South Swindon,1.8930112329352646
418,419,E14000948,UKCP18 12km,20191201-20491130,annual,South Thanet,1.802607277591352
419,420,E14000949,UKCP18 12km,20191201-20491130,annual,South West Bedfordshire,2.008547255000457
420,421,E14000950,UKCP18 12km,20191201-20491130,annual,South West Devon,1.339808653166319
421,422,E14000951,UKCP18 12km,20191201-20491130,annual,South West Hertfordshire,1.8774492591499066
422,423,E14000952,UKCP18 12km,20191201-20491130,annual,South West Norfolk,1.7438710160229203
423,424,E14000953,UKCP18 12km,20191201-20491130,annual,South West Surrey,1.8848829122603656
424,425,E14000954,UKCP18 12km,20191201-20491130,annual,South West Wiltshire,2.0965230033051503
425,426,E14000955,UKCP18 12km,20191201-20491130,annual,"Southampton, Itchen",1.5168607975969959
426,427,E14000956,UKCP18 12km,20191201-20491130,annual,"Southampton, Test",1.6463977661689821
427,428,E14000957,UKCP18 12km,20191201-20491130,annual,Southend West,2.2173227718630444
428,429,E14000958,UKCP18 12km,20191201-20491130,annual,Southport,0.8805555555555555
429,430,E14000959,UKCP18 12km,20191201-20491130,annual,Spelthorne,1.8009024198076602
430,431,E14000960,UKCP18 12km,20191201-20491130,annual,St Albans,1.7670977146062208
431,432,E14000961,UKCP18 12km,20191201-20491130,annual,St Austell and Newquay,1.5569385449998987
432,433,E14000962,UKCP18 12km,20191201-20491130,annual,St Helens North,0.998944951917243
433,434,E14000963,UKCP18 12km,20191201-20491130,annual,St Helens South and Whiston,1.1836836617618698
434,435,E14000964,UKCP18 12km,20191201-20491130,annual,St Ives,1.4793347595748105
435,436,E14000965,UKCP18 12km,20191201-20491130,annual,Stafford,1.5584550510352544
436,437,E14000966,UKCP18 12km,20191201-20491130,annual,Staffordshire Moorlands,1.4494709846285758
437,438,E14000967,UKCP18 12km,20191201-20491130,annual,Stalybridge and Hyde,1.6512173346204078
438,439,E14000968,UKCP18 12km,20191201-20491130,annual,Stevenage,1.9088021963192225
439,440,E14000969,UKCP18 12km,20191201-20491130,annual,Stockport,1.0331135080994929
440,441,E14000970,UKCP18 12km,20191201-20491130,annual,Stockton North,2.0755380083897514
441,442,E14000971,UKCP18 12km,20191201-20491130,annual,Stockton South,2.0257455269739517
442,443,E14000972,UKCP18 12km,20191201-20491130,annual,Stoke-on-Trent Central,1.466206166251914
443,444,E14000973,UKCP18 12km,20191201-20491130,annual,Stoke-on-Trent North,1.347164969131214
444,445,E14000974,UKCP18 12km,20191201-20491130,annual,Stoke-on-Trent South,1.466206166251914
445,446,E14000975,UKCP18 12km,20191201-20491130,annual,Stone,1.4622724960717848
446,447,E14000976,UKCP18 12km,20191201-20491130,annual,Stourbridge,1.697187635020998
447,448,E14000977,UKCP18 12km,20191201-20491130,annual,Stratford-on-Avon,2.035004626603393
448,449,E14000978,UKCP18 12km,20191201-20491130,annual,Streatham,1.7418665012306944
449,450,E14000979,UKCP18 12km,20191201-20491130,annual,Stretford and Urmston,0.8241983720662139
450,451,E14000980,UKCP18 12km,20191201-20491130,annual,Stroud,1.6834421491295268
451,452,E14000981,UKCP18 12km,20191201-20491130,annual,Suffolk Coastal,1.6465159101998137
452,453,E14000982,UKCP18 12km,20191201-20491130,annual,Sunderland Central,1.796090151049861
453,454,E14000983,UKCP18 12km,20191201-20491130,annual,Surrey Heath,2.096028118664577
454,455,E14000984,UKCP18 12km,20191201-20491130,annual,Sutton and Cheam,1.9486595186047644
455,456,E14000985,UKCP18 12km,20191201-20491130,annual,Sutton Coldfield,1.862751182463305
456,457,E14000986,UKCP18 12km,20191201-20491130,annual,Tamworth,1.7682421262738515
457,458,E14000987,UKCP18 12km,20191201-20491130,annual,Tatton,1.0974531805009726
458,459,E14000988,UKCP18 12km,20191201-20491130,annual,Taunton Deane,2.208804045658007
459,460,E14000989,UKCP18 12km,20191201-20491130,annual,Telford,1.5020833089670969
460,461,E14000990,UKCP18 12km,20191201-20491130,annual,Tewkesbury,1.9424829545242532
461,462,E14000991,UKCP18 12km,20191201-20491130,annual,The Cotswolds,1.8344833016426751
462,463,E14000992,UKCP18 12km,20191201-20491130,annual,The Wrekin,1.4842807430468425
463,464,E14000993,UKCP18 12km,20191201-20491130,annual,Thirsk and Malton,1.9076019135185414
464,465,E14000994,UKCP18 12km,20191201-20491130,annual,Thornbury and Yate,1.6046172559992293
465,466,E14000995,UKCP18 12km,20191201-20491130,annual,Thurrock,2.3108333399898604
466,467,E14000996,UKCP18 12km,20191201-20491130,annual,Tiverton and Honiton,1.9878285855748106
467,468,E14000997,UKCP18 12km,20191201-20491130,annual,Tonbridge and Malling,2.1201544396156153
468,469,E14000998,UKCP18 12km,20191201-20491130,annual,Tooting,1.6112347006001135
469,470,E14000999,UKCP18 12km,20191201-20491130,annual,Torbay,1.828539489369418
470,471,E14001000,UKCP18 12km,20191201-20491130,annual,Torridge and West Devon,1.7214695202973054
471,472,E14001001,UKCP18 12km,20191201-20491130,annual,Totnes,1.6472010848497352
472,473,E14001002,UKCP18 12km,20191201-20491130,annual,Tottenham,1.5404532408675047
473,474,E14001003,UKCP18 12km,20191201-20491130,annual,Truro and Falmouth,1.609227475709664
474,475,E14001004,UKCP18 12km,20191201-20491130,annual,Tunbridge Wells,1.9795565231721373
475,476,E14001005,UKCP18 12km,20191201-20491130,annual,Twickenham,1.8009024198076602
476,477,E14001006,UKCP18 12km,20191201-20491130,annual,Tynemouth,1.7925054181799356
477,478,E14001007,UKCP18 12km,20191201-20491130,annual,Uxbridge and South Ruislip,1.6256065959418173
478,479,E14001008,UKCP18 12km,20191201-20491130,annual,Vauxhall,1.7418665012306944
479,480,E14001009,UKCP18 12km,20191201-20491130,annual,Wakefield,2.100268397468221
480,481,E14001010,UKCP18 12km,20191201-20491130,annual,Wallasey,1.0366350806789466
481,482,E14001011,UKCP18 12km,20191201-20491130,annual,Walsall North,1.535669257867055
482,483,E14001012,UKCP18 12km,20191201-20491130,annual,Walsall South,1.599175395165207
483,484,E14001013,UKCP18 12km,20191201-20491130,annual,Walthamstow,1.5404532408675047
484,485,E14001014,UKCP18 12km,20191201-20491130,annual,Wansbeck,1.7165353774233978
485,486,E14001015,UKCP18 12km,20191201-20491130,annual,Wantage,1.8335143513990402
486,487,E14001016,UKCP18 12km,20191201-20491130,annual,Warley,1.7671070375516447
487,488,E14001017,UKCP18 12km,20191201-20491130,annual,Warrington North,0.8603219348390442
488,489,E14001018,UKCP18 12km,20191201-20491130,annual,Warrington South,0.8603219348390442
489,490,E14001019,UKCP18 12km,20191201-20491130,annual,Warwick and Leamington,2.0978748097426614
490,491,E14001020,UKCP18 12km,20191201-20491130,annual,Washington and Sunderland West,1.796090151049861
491,492,E14001021,UKCP18 12km,20191201-20491130,annual,Watford,1.5814179900824872
492,493,E14001022,UKCP18 12km,20191201-20491130,annual,Waveney,1.602881648345255
493,494,E14001023,UKCP18 12km,20191201-20491130,annual,Wealden,1.7697530915974755
494,495,E14001024,UKCP18 12km,20191201-20491130,annual,Weaver Vale,1.1639145063573861
495,496,E14001025,UKCP18 12km,20191201-20491130,annual,Wellingborough,1.9414794560342852
496,497,E14001026,UKCP18 12km,20191201-20491130,annual,Wells,1.8312307514722856
497,498,E14001027,UKCP18 12km,20191201-20491130,annual,Welwyn Hatfield,1.7444496464928925
498,499,E14001028,UKCP18 12km,20191201-20491130,annual,Wentworth and Dearne,1.5446494492104899
499,500,E14001029,UKCP18 12km,20191201-20491130,annual,West Bromwich East,1.599175395165207
500,501,E14001030,UKCP18 12km,20191201-20491130,annual,West Bromwich West,1.599175395165207
501,502,E14001031,UKCP18 12km,20191201-20491130,annual,West Dorset,1.5778136551722586
502,503,E14001032,UKCP18 12km,20191201-20491130,annual,West Ham,1.5404532408675047
503,504,E14001033,UKCP18 12km,20191201-20491130,annual,West Lancashire,0.8654466560405415
504,505,E14001034,UKCP18 12km,20191201-20491130,annual,West Suffolk,1.813058622868649
505,506,E14001035,UKCP18 12km,20191201-20491130,annual,West Worcestershire,1.8262062112408384
506,507,E14001036,UKCP18 12km,20191201-20491130,annual,Westminster North,1.4349196960120463
507,508,E14001037,UKCP18 12km,20191201-20491130,annual,Westmorland and Lonsdale,0.7464218348408738
508,509,E14001038,UKCP18 12km,20191201-20491130,annual,Weston-Super-Mare,1.6071780138653968
509,510,E14001039,UKCP18 12km,20191201-20491130,annual,Wigan,0.998944951917243
510,511,E14001040,UKCP18 12km,20191201-20491130,annual,Wimbledon,1.6112347006001135
511,512,E14001041,UKCP18 12km,20191201-20491130,annual,Winchester,1.7346919748079621
512,513,E14001042,UKCP18 12km,20191201-20491130,annual,Windsor,2.0193772923274036
513,514,E14001043,UKCP18 12km,20191201-20491130,annual,Wirral South,1.1256608532264791
514,515,E14001044,UKCP18 12km,20191201-20491130,annual,Wirral West,1.0366350806789466
515,516,E14001045,UKCP18 12km,20191201-20491130,annual,Witham,2.0801589971907024
516,517,E14001046,UKCP18 12km,20191201-20491130,annual,Witney,1.8049365529915424
517,518,E14001047,UKCP18 12km,20191201-20491130,annual,Woking,2.096028118664577
518,519,E14001048,UKCP18 12km,20191201-20491130,annual,Wokingham,2.080708161992359
519,520,E14001049,UKCP18 12km,20191201-20491130,annual,Wolverhampton North East,1.5697955829342594
520,521,E14001050,UKCP18 12km,20191201-20491130,annual,Wolverhampton South East,1.5590473718347362
521,522,E14001051,UKCP18 12km,20191201-20491130,annual,Wolverhampton South West,1.5590473718347362
522,523,E14001052,UKCP18 12km,20191201-20491130,annual,Worcester,1.8665952965947012
523,524,E14001053,UKCP18 12km,20191201-20491130,annual,Workington,0.8710635022472827
524,525,E14001054,UKCP18 12km,20191201-20491130,annual,Worsley and Eccles South,0.906407331143479
525,526,E14001055,UKCP18 12km,20191201-20491130,annual,Worthing West,1.5544413117898073
526,527,E14001056,UKCP18 12km,20191201-20491130,annual,Wycombe,2.023248263407047
527,528,E14001057,UKCP18 12km,20191201-20491130,annual,Wyre and Preston North,0.8405284078969558
528,529,E14001058,UKCP18 12km,20191201-20491130,annual,Wyre Forest,1.7875149066665026
529,530,E14001059,UKCP18 12km,20191201-20491130,annual,Wythenshawe and Sale East,0.8241983720662139
530,531,E14001060,UKCP18 12km,20191201-20491130,annual,Yeovil,1.856968899175769
531,532,E14001061,UKCP18 12km,20191201-20491130,annual,York Central,1.637497332603594
532,533,E14001062,UKCP18 12km,20191201-20491130,annual,York Outer,1.62535321061676
533,534,N06000001,UKCP18 12km,20191201-20491130,annual,Belfast East,1.25133772499018
534,535,N06000002,UKCP18 12km,20191201-20491130,annual,Belfast North,1.25133772499018
535,536,N06000003,UKCP18 12km,20191201-20491130,annual,Belfast South,1.0633582618044588
536,537,N06000004,UKCP18 12km,20191201-20491130,annual,Belfast West,1.513835341767823
537,538,N06000005,UKCP18 12km,20191201-20491130,annual,East Antrim,1.2648583217860334
538,539,N06000006,UKCP18 12km,20191201-20491130,annual,East Londonderry,1.5956227493769173
539,540,N06000007,UKCP18 12km,20191201-20491130,annual,Fermanagh and South Tyrone,1.2395595555038401
540,541,N06000008,UKCP18 12km,20191201-20491130,annual,Foyle,1.5236358378002006
541,542,N06000009,UKCP18 12km,20191201-20491130,annual,Lagan Valley,1.559061997731716
542,543,N06000010,UKCP18 12km,20191201-20491130,annual,Mid Ulster,1.465382834954271
543,544,N06000011,UKCP18 12km,20191201-20491130,annual,Newry and Armagh,1.3558751073372384
544,545,N06000012,UKCP18 12km,20191201-20491130,annual,North Antrim,1.4294992186199034
545,546,N06000013,UKCP18 12km,20191201-20491130,annual,North Down,1.0059602453231744
546,547,N06000014,UKCP18 12km,20191201-20491130,annual,South Antrim,1.3882850106369635
547,548,N06000015,UKCP18 12km,20191201-20491130,annual,South Down,1.2224585858144787
548,549,N06000016,UKCP18 12km,20191201-20491130,annual,Strangford,1.1188189990952544
549,550,N06000017,UKCP18 12km,20191201-20491130,annual,Upper Bann,1.5247455604403897
550,551,N06000018,UKCP18 12km,20191201-20491130,annual,West Tyrone,1.5716044185914106
551,552,S14000001,UKCP18 12km,20191201-20491130,annual,Aberdeen North,0.6281359029845884
552,553,S14000002,UKCP18 12km,20191201-20491130,annual,Aberdeen South,0.5770462021482842
553,554,S14000003,UKCP18 12km,20191201-20491130,annual,Airdrie and Shotts,0.9128409780041293
554,555,S14000004,UKCP18 12km,20191201-20491130,annual,Angus,0.724913899462739
555,556,S14000005,UKCP18 12km,20191201-20491130,annual,Argyll and Bute,0.30640149934240357
556,557,S14000006,UKCP18 12km,20191201-20491130,annual,"Ayr, Carrick and Cumnock",0.6227465317347306
557,558,S14000007,UKCP18 12km,20191201-20491130,annual,Banff and Buchan,1.2078724256434323
558,559,S14000008,UKCP18 12km,20191201-20491130,annual,"Berwickshire, Roxburgh and Selkirk",1.5269151912814534
559,560,S14000009,UKCP18 12km,20191201-20491130,annual,"Caithness, Sutherland and Easter Ross",1.3083170591915037
560,561,S14000010,UKCP18 12km,20191201-20491130,annual,Central Ayrshire,0.2189348845948538
561,562,S14000011,UKCP18 12km,20191201-20491130,annual,"Coatbridge, Chryston and Bellshill",0.8974151550621912
562,563,S14000012,UKCP18 12km,20191201-20491130,annual,"Cumbernauld, Kilsyth and Kirkintilloch East",0.907852642631666
563,564,S14000013,UKCP18 12km,20191201-20491130,annual,Dumfries and Galloway,0.6381415289096958
564,565,S14000014,UKCP18 12km,20191201-20491130,annual,"Dumfriesshire, Clydesdale and Tweeddale",1.0141923881922545
565,566,S14000015,UKCP18 12km,20191201-20491130,annual,Dundee East,0.622706229842336
566,567,S14000016,UKCP18 12km,20191201-20491130,annual,Dundee West,0.5953674027082193
567,568,S14000017,UKCP18 12km,20191201-20491130,annual,Dunfermline and West Fife,1.0591154889762973
568,569,S14000018,UKCP18 12km,20191201-20491130,annual,East Dunbartonshire,0.9126566051438365
569,570,S14000019,UKCP18 12km,20191201-20491130,annual,"East Kilbride, Strathaven and Lesmahagow",0.8056720044736557
570,571,S14000020,UKCP18 12km,20191201-20491130,annual,East Lothian,1.3109790849630363
571,572,S14000021,UKCP18 12km,20191201-20491130,annual,East Renfrewshire,0.43668170008766233
572,573,S14000022,UKCP18 12km,20191201-20491130,annual,Edinburgh East,1.3023387549505916
573,574,S14000023,UKCP18 12km,20191201-20491130,annual,Edinburgh North and Leith,1.1206872064574787
574,575,S14000024,UKCP18 12km,20191201-20491130,annual,Edinburgh South,1.3023387549505916
575,576,S14000025,UKCP18 12km,20191201-20491130,annual,Edinburgh South West,1.2078506477980422
576,577,S14000026,UKCP18 12km,20191201-20491130,annual,Edinburgh West,1.1206872064574787
577,578,S14000027,UKCP18 12km,20191201-20491130,annual,Na h-Eileanan an Iar,0.6243295927667679
578,579,S14000028,UKCP18 12km,20191201-20491130,annual,Falkirk,1.0629688164693607
579,580,S14000029,UKCP18 12km,20191201-20491130,annual,Glasgow Central,0.7927203380018746
580,581,S14000030,UKCP18 12km,20191201-20491130,annual,Glasgow East,0.8974151550621912
581,582,S14000031,UKCP18 12km,20191201-20491130,annual,Glasgow North,0.7927203380018746
582,583,S14000032,UKCP18 12km,20191201-20491130,annual,Glasgow North East,0.7927203380018746
583,584,S14000033,UKCP18 12km,20191201-20491130,annual,Glasgow North West,0.7927203380018746
584,585,S14000034,UKCP18 12km,20191201-20491130,annual,Glasgow South,0.7927203380018746
585,586,S14000035,UKCP18 12km,20191201-20491130,annual,Glasgow South West,0.7927203380018746
586,587,S14000036,UKCP18 12km,20191201-20491130,annual,Glenrothes,0.8695614041141871
587,588,S14000037,UKCP18 12km,20191201-20491130,annual,Gordon,1.4134314956676415
588,589,S14000038,UKCP18 12km,20191201-20491130,annual,Inverclyde,0.34637259201281984
589,590,S14000039,UKCP18 12km,20191201-20491130,annual,"Inverness, Nairn, Badenoch and Strathspey",1.2436011330740948
590,591,S14000040,UKCP18 12km,20191201-20491130,annual,Kilmarnock and Loudoun,0.6615958616385162
591,592,S14000041,UKCP18 12km,20191201-20491130,annual,Kirkcaldy and Cowdenbeath,1.0983353874523105
592,593,S14000042,UKCP18 12km,20191201-20491130,annual,Lanark and Hamilton East,1.189333813830905
593,594,S14000043,UKCP18 12km,20191201-20491130,annual,Linlithgow and East Falkirk,1.1611682465943618
594,595,S14000044,UKCP18 12km,20191201-20491130,annual,Livingston,1.2576536030036338
595,596,S14000045,UKCP18 12km,20191201-20491130,annual,Midlothian,1.422705547227535
596,597,S14000046,UKCP18 12km,20191201-20491130,annual,Moray,1.4842505481709496
597,598,S14000047,UKCP18 12km,20191201-20491130,annual,Motherwell and Wishaw,0.8863062222586175
598,599,S14000048,UKCP18 12km,20191201-20491130,annual,North Ayrshire and Arran,0.49933150397989556
599,600,S14000049,UKCP18 12km,20191201-20491130,annual,North East Fife,0.9318653728736347
600,601,S14000050,UKCP18 12km,20191201-20491130,annual,Ochil and South Perthshire,0.9452670279122891
601,602,S14000051,UKCP18 12km,20191201-20491130,annual,Orkney and Shetland,0.9159887797199663
602,603,S14000052,UKCP18 12km,20191201-20491130,annual,Paisley and Renfrewshire North,0.5746794033847858
603,604,S14000053,UKCP18 12km,20191201-20491130,annual,Paisley and Renfrewshire South,0.34637259201281984
604,605,S14000054,UKCP18 12km,20191201-20491130,annual,Perth and North Perthshire,1.155169083373507
605,606,S14000055,UKCP18 12km,20191201-20491130,annual,"Ross, Skye and Lochaber",0.4154132811576253
606,607,S14000056,UKCP18 12km,20191201-20491130,annual,Rutherglen and Hamilton West,0.8920956923436063
607,608,S14000057,UKCP18 12km,20191201-20491130,annual,Stirling,0.828426413919789
608,609,S14000058,UKCP18 12km,20191201-20491130,annual,West Aberdeenshire and Kincardine,1.1512555048878823
609,610,S14000059,UKCP18 12km,20191201-20491130,annual,West Dunbartonshire,0.6822288972091878
610,611,W07000041,UKCP18 12km,20191201-20491130,annual,Ynys Mon,1.0885918537148564
611,612,W07000042,UKCP18 12km,20191201-20491130,annual,Delyn,1.5028087323423673
612,613,W07000043,UKCP18 12km,20191201-20491130,annual,Alyn and Deeside,1.4467330468734891
613,614,W07000044,UKCP18 12km,20191201-20491130,annual,Wrexham,1.3966742575934417
614,615,W07000045,UKCP18 12km,20191201-20491130,annual,Llanelli,0.7367478939919104
615,616,W07000046,UKCP18 12km,20191201-20491130,annual,Gower,0.7101131128257694
616,617,W07000047,UKCP18 12km,20191201-20491130,annual,Swansea West,0.7101131128257694
617,618,W07000048,UKCP18 12km,20191201-20491130,annual,Swansea East,0.7764143891023881
618,619,W07000049,UKCP18 12km,20191201-20491130,annual,Aberavon,0.8713333944811481
619,620,W07000050,UKCP18 12km,20191201-20491130,annual,Cardiff Central,1.2606545482839226
620,621,W07000051,UKCP18 12km,20191201-20491130,annual,Cardiff North,1.1295855195793003
621,622,W07000052,UKCP18 12km,20191201-20491130,annual,Rhondda,0.9455132641295064
622,623,W07000053,UKCP18 12km,20191201-20491130,annual,Torfaen,1.374205176019396
623,624,W07000054,UKCP18 12km,20191201-20491130,annual,Monmouth,1.6734819678015178
624,625,W07000055,UKCP18 12km,20191201-20491130,annual,Newport East,1.2301385343877305
625,626,W07000056,UKCP18 12km,20191201-20491130,annual,Newport West,1.2301385343877305
626,627,W07000057,UKCP18 12km,20191201-20491130,annual,Arfon,0.8273129492806391
627,628,W07000058,UKCP18 12km,20191201-20491130,annual,Aberconwy,1.5858449037980606
628,629,W07000059,UKCP18 12km,20191201-20491130,annual,Clwyd West,2.0485059950522446
629,630,W07000060,UKCP18 12km,20191201-20491130,annual,Vale of Clwyd,1.6724634115253414
630,631,W07000061,UKCP18 12km,20191201-20491130,annual,Dwyfor Meirionnydd,0.9185647924156147
631,632,W07000062,UKCP18 12km,20191201-20491130,annual,Clwyd South,1.8277155276549693
632,633,W07000063,UKCP18 12km,20191201-20491130,annual,Montgomeryshire,1.846401888709952
633,634,W07000064,UKCP18 12km,20191201-20491130,annual,Ceredigion,1.2910064614746886
634,635,W07000065,UKCP18 12km,20191201-20491130,annual,Preseli Pembrokeshire,1.0314080424199679
635,636,W07000066,UKCP18 12km,20191201-20491130,annual,Carmarthen West and South Pembrokeshire,0.9664660852194332
636,637,W07000067,UKCP18 12km,20191201-20491130,annual,Carmarthen East and Dinefwr,1.304560671126769
637,638,W07000068,UKCP18 12km,20191201-20491130,annual,Brecon and Radnorshire,2.004254643823997
638,639,W07000069,UKCP18 12km,20191201-20491130,annual,Neath,0.932258956708389
639,640,W07000070,UKCP18 12km,20191201-20491130,annual,Cynon Valley,1.1624275962353694
640,641,W07000071,UKCP18 12km,20191201-20491130,annual,Merthyr Tydfil and Rhymney,1.7136050632379156
641,642,W07000072,UKCP18 12km,20191201-20491130,annual,Blaenau Gwent,1.7832143099756088
642,643,W07000073,UKCP18 12km,20191201-20491130,annual,Bridgend,0.8713333944811481
643,644,W07000074,UKCP18 12km,20191201-20491130,annual,Ogmore,0.8718874917817873
644,645,W07000075,UKCP18 12km,20191201-20491130,annual,Pontypridd,1.12410737199834
645,646,W07000076,UKCP18 12km,20191201-20491130,annual,Caerphilly,1.1295855195793003
646,647,W07000077,UKCP18 12km,20191201-20491130,annual,Islwyn,1.205360753719342
647,648,W07000078,UKCP18 12km,20191201-20491130,annual,Vale of Glamorgan,1.1614557278646573
648,649,W07000079,UKCP18 12km,20191201-20491130,annual,Cardiff West,1.2606545482839226
649,650,W07000080,UKCP18 12km,20191201-20491130,annual,Cardiff South and Penarth,1.2606545482839226
