,region,constituency,name,t_anom
0,0,E14001063,Aldershot,0.5367584
1,1,E14001064,Aldridge-Brownhills,0.53077984
2,2,E14001065,Altrincham and Sale West,0.52503586
3,3,E14001066,Amber Valley,0.53379154
4,4,E14001067,Arundel and South Downs,0.5360956
5,5,E14001068,Ashfield,0.5332022
6,6,E14001069,Ashford,0.5234456
7,7,E14001070,Ashton-under-Lyne,0.52451277
8,8,E14001071,Aylesbury,0.5299635
9,9,E14001072,Banbury,0.5304661
10,10,E14001073,Barking,0.52970505
11,11,E14001074,Barnsley North,0.53022575
12,12,E14001075,Barnsley South,0.53022575
13,13,E14001076,Barrow and Furness,0.5129089
14,14,E14001077,Basildon and Billericay,0.5266361
15,15,E14001078,Basingstoke,0.5374632
16,16,E14001079,Bassetlaw,0.53040695
17,17,E14001080,Bath,0.5346403
18,18,E14001081,Battersea,0.53520393
19,19,E14001082,Beaconsfield,0.5359354
20,20,E14001083,Beckenham and Penge,0.5349741
21,21,E14001084,Bedford,0.52822876
22,22,E14001085,Bermondsey and Old Southwark,0.5349741
23,23,E14001086,Bethnal Green and Stepney,0.53137684
24,24,E14001087,Beverley and Holderness,0.51638556
25,25,E14001088,Bexhill and Battle,0.5212863
26,26,E14001089,Bexleyheath and Crayford,0.53125095
27,27,E14001090,Bicester and Woodstock,0.53125685
28,28,E14001091,Birkenhead,0.5189047
29,29,E14001092,Birmingham Edgbaston,0.53315544
30,30,E14001093,Birmingham Erdington,0.5319681
31,31,E14001094,Birmingham Hall Green and Moseley,0.53315544
32,32,E14001095,Birmingham Hodge Hill and Solihull North,0.53266716
33,33,E14001096,Birmingham Ladywood,0.53315544
34,34,E14001097,Birmingham Northfield,0.53315544
35,35,E14001098,Birmingham Perry Barr,0.53077984
36,36,E14001099,Birmingham Selly Oak,0.53315544
37,37,E14001100,Birmingham Yardley,0.53266716
38,38,E14001101,Bishop Auckland,0.5319685
39,39,E14001102,Blackburn,0.5225334
40,40,E14001103,Blackley and Middleton South,0.5269804
41,41,E14001104,Blackpool North and Fleetwood,0.512023
42,42,E14001105,Blackpool South,0.5175171
43,43,E14001106,Blaydon and Consett,0.5209942
44,44,E14001107,Blyth and Ashington,0.5103235
45,45,E14001108,Bognor Regis and Littlehampton,0.5287857
46,46,E14001109,Bolsover,0.53221893
47,47,E14001110,Bolton North East,0.5265484
48,48,E14001111,Bolton South and Walkden,0.5265484
49,49,E14001112,Bolton West,0.52498436
50,50,E14001113,Bootle,0.5190592
51,51,E14001114,Boston and Skegness,0.52221465
52,52,E14001115,Bournemouth East,0.53684235
53,53,E14001116,Bournemouth West,0.5329666
54,54,E14001117,Bracknell,0.5367584
55,55,E14001118,Bradford East,0.52747345
56,56,E14001119,Bradford South,0.52838135
57,57,E14001120,Bradford West,0.52838135
58,58,E14001121,Braintree,0.5283529
59,59,E14001122,Brent East,0.5339327
60,60,E14001123,Brent West,0.5336008
61,61,E14001124,Brentford and Isleworth,0.5343933
62,62,E14001125,Brentwood and Ongar,0.52863216
63,63,E14001126,Bridgwater,0.5383811
64,64,E14001127,Bridlington and The Wolds,0.51539356
65,65,E14001128,Brigg and Immingham,0.5189233
66,66,E14001129,Brighton Kemptown and Peacehaven,0.51992226
67,67,E14001130,Brighton Pavilion,0.51868916
68,68,E14001131,Bristol Central,0.5350437
69,69,E14001132,Bristol East,0.5350437
70,70,E14001133,Bristol North East,0.5350437
71,71,E14001134,Bristol North West,0.53642845
72,72,E14001135,Bristol South,0.5350437
73,73,E14001136,Broadland and Fakenham,0.524259
74,74,E14001137,Bromley and Biggin Hill,0.5338192
75,75,E14001138,Bromsgrove,0.53385735
76,76,E14001139,Broxbourne,0.5301504
77,77,E14001140,Broxtowe,0.5346956
78,78,E14001141,Buckingham and Bletchley,0.5289974
79,79,E14001142,Burnley,0.52536297
80,80,E14001143,Burton and Uttoxeter,0.5316448
81,81,E14001144,Bury North,0.5270262
82,82,E14001145,Bury South,0.5270262
83,83,E14001146,Bury St Edmunds and Stowmarket,0.5274474
84,84,E14001147,Calder Valley,0.52774835
85,85,E14001148,Camborne and Redruth,0.4993906
86,86,E14001149,Cambridge,0.52800655
87,87,E14001150,Cannock Chase,0.5301523
88,88,E14001151,Canterbury,0.5238247
89,89,E14001152,Carlisle,0.52381194
90,90,E14001153,Carshalton and Wallington,0.5350418
91,91,E14001154,Castle Point,0.52457714
92,92,E14001155,Central Devon,0.52687705
93,93,E14001156,Central Suffolk and North Ipswich,0.52607083
94,94,E14001157,Chatham and Aylesford,0.5299244
95,95,E14001158,Cheadle,0.5211773
96,96,E14001159,Chelmsford,0.52776814
97,97,E14001160,Chelsea and Fulham,0.53520393
98,98,E14001161,Cheltenham,0.5321703
99,99,E14001162,Chesham and Amersham,0.53266144
100,100,E14001163,Chester North and Neston,0.5255985
101,101,E14001164,Chester South and Eddisbury,0.5264538
102,102,E14001165,Chesterfield,0.53202343
103,103,E14001166,Chichester,0.5319991
104,104,E14001167,Chingford and Woodford Green,0.52970505
105,105,E14001168,Chippenham,0.53481245
106,106,E14001169,Chipping Barnet,0.53064823
107,107,E14001170,Chorley,0.5225334
108,108,E14001171,Christchurch,0.5372753
109,109,E14001172,Cities of London and Westminster,0.53137684
110,110,E14001173,City of Durham,0.5228555
111,111,E14001174,Clacton,0.5287113
112,112,E14001175,Clapham and Brixton Hill,0.53520393
113,113,E14001176,Colchester,0.52590084
114,114,E14001177,Colne Valley,0.5282562
115,115,E14001178,Congleton,0.520277
116,116,E14001179,Corby and East Northamptonshire,0.5310168
117,117,E14001180,Coventry East,0.5293617
118,118,E14001181,Coventry North West,0.5310612
119,119,E14001182,Coventry South,0.5310612
120,120,E14001183,Cramlington and Killingworth,0.51309156
121,121,E14001184,Crawley,0.5333433
122,122,E14001185,Crewe and Nantwich,0.52326584
123,123,E14001186,Croydon East,0.5349207
124,124,E14001187,Croydon South,0.5349207
125,125,E14001188,Croydon West,0.5349741
126,126,E14001189,Dagenham and Rainham,0.5292425
127,127,E14001190,Darlington,0.5279975
128,128,E14001191,Dartford,0.5303664
129,129,E14001192,Daventry,0.5281128
130,130,E14001193,Derby North,0.5349722
131,131,E14001194,Derby South,0.5349722
132,132,E14001195,Derbyshire Dales,0.53117156
133,133,E14001196,Dewsbury and Batley,0.5292139
134,134,E14001197,Didcot and Wantage,0.53547287
135,135,E14001198,Doncaster Central,0.5301406
136,136,E14001199,Doncaster East and the Isle of Axholme,0.52816916
137,137,E14001200,Doncaster North,0.5291662
138,138,E14001201,Dorking and Horley,0.5351243
139,139,E14001202,Dover and Deal,0.52524567
140,140,E14001203,Droitwich and Evesham,0.53406954
141,141,E14001204,Dudley,0.5305815
142,142,E14001205,Dulwich and West Norwood,0.5349741
143,143,E14001206,Dunstable and Leighton Buzzard,0.52838326
144,144,E14001207,Ealing Central and Acton,0.5336008
145,145,E14001208,Ealing North,0.5336008
146,146,E14001209,Ealing Southall,0.5336008
147,147,E14001210,Earley and Woodley,0.5373211
148,148,E14001211,Easington,0.51553535
149,149,E14001212,East Grinstead and Uckfield,0.5311384
150,150,E14001213,East Ham,0.52970505
151,151,E14001214,East Hampshire,0.5371621
152,152,E14001215,East Surrey,0.53444004
153,153,E14001216,East Thanet,0.5336342
154,154,E14001217,East Wiltshire,0.5359704
155,155,E14001218,East Worthing and Shoreham,0.52451897
156,156,E14001219,Eastbourne,0.51328087
157,157,E14001220,Eastleigh,0.53673744
158,158,E14001221,Edmonton and Winchmore Hill,0.5301504
159,159,E14001222,Ellesmere Port and Bromborough,0.5223322
160,160,E14001223,Eltham and Chislehurst,0.5329199
161,161,E14001224,Ely and East Cambridgeshire,0.5283573
162,162,E14001225,Enfield North,0.5301504
163,163,E14001226,Epping Forest,0.5289774
164,164,E14001227,Epsom and Ewell,0.53536224
165,165,E14001228,Erewash,0.5346956
166,166,E14001229,Erith and Thamesmead,0.5329199
167,167,E14001230,Esher and Walton,0.5343933
168,168,E14001231,Exeter,0.5276756
169,169,E14001232,Exmouth and Exeter East,0.52955055
170,170,E14001233,Fareham and Waterlooville,0.53620625
171,171,E14001234,Farnham and Bordon,0.53709793
172,172,E14001235,Faversham and Mid Kent,0.52724814
173,173,E14001236,Feltham and Heston,0.5357256
174,174,E14001237,Filton and Bradley Stoke,0.53649235
175,175,E14001238,Finchley and Golders Green,0.5339327
176,176,E14001239,Folkestone and Hythe,0.5210576
177,177,E14001240,Forest of Dean,0.5349966
178,178,E14001241,Frome and East Somerset,0.5345981
179,179,E14001242,Fylde,0.5166416
180,180,E14001243,Gainsborough,0.52408385
181,181,E14001244,Gateshead Central and Whickham,0.51786613
182,182,E14001245,Gedling,0.5309572
183,183,E14001246,Gillingham and Rainham,0.5289421
184,184,E14001247,Glastonbury and Somerton,0.5376122
185,185,E14001248,Gloucester,0.53187084
186,186,E14001249,Godalming and Ash,0.5372569
187,187,E14001250,Goole and Pocklington,0.52315193
188,188,E14001251,Gorton and Denton,0.5228014
189,189,E14001252,Gosport,0.5350895
190,190,E14001253,Grantham and Bourne,0.52714694
191,191,E14001254,Gravesham,0.5274286
192,192,E14001255,Great Grimsby and Cleethorpes,0.5155077
193,193,E14001256,Great Yarmouth,0.52654713
194,194,E14001257,Greenwich and Woolwich,0.5329199
195,195,E14001258,Guildford,0.5364733
196,196,E14001259,Hackney North and Stoke Newington,0.53137684
197,197,E14001260,Hackney South and Shoreditch,0.53137684
198,198,E14001261,Halesowen,0.5330343
199,199,E14001262,Halifax,0.52839565
200,200,E14001263,Hamble Valley,0.5325651
201,201,E14001264,Hammersmith and Chiswick,0.53520393
202,202,E14001265,Hampstead and Highgate,0.5339327
203,203,E14001266,"Harborough, Oadby and Wigston",0.5269861
204,204,E14001267,Harlow,0.5282917
205,205,E14001268,Harpenden and Berkhamsted,0.52930284
206,206,E14001269,Harrogate and Knaresborough,0.53101444
207,207,E14001270,Harrow East,0.5336008
208,208,E14001271,Harrow West,0.5336008
209,209,E14001272,Hartlepool,0.5186558
210,210,E14001273,Harwich and North Essex,0.52658653
211,211,E14001274,Hastings and Rye,0.51877785
212,212,E14001275,Havant,0.5314245
213,213,E14001276,Hayes and Harlington,0.5357256
214,214,E14001277,Hazel Grove,0.52451277
215,215,E14001278,Hemel Hempstead,0.53230953
216,216,E14001279,Hendon,0.5339327
217,217,E14001280,Henley and Thame,0.5340817
218,218,E14001281,Hereford and South Herefordshire,0.5362061
219,219,E14001282,Herne Bay and Sandwich,0.52643967
220,220,E14001283,Hertford and Stortford,0.5286832
221,221,E14001284,Hertsmere,0.53077364
222,222,E14001285,Hexham,0.5239474
223,223,E14001286,Heywood and Middleton North,0.5269804
224,224,E14001287,High Peak,0.5285388
225,225,E14001288,Hinckley and Bosworth,0.5293088
226,226,E14001289,Hitchin,0.5276232
227,227,E14001290,Holborn and St Pancras,0.5339327
228,228,E14001291,Honiton and Sidmouth,0.5343163
229,229,E14001292,Hornchurch and Upminster,0.52842045
230,230,E14001293,Hornsey and Friern Barnet,0.5339327
231,231,E14001294,Horsham,0.53580046
232,232,E14001295,Houghton and Sunderland South,0.516119
233,233,E14001296,Hove and Portslade,0.51868916
234,234,E14001297,Huddersfield,0.5279145
235,235,E14001298,Huntingdon,0.5304675
236,236,E14001299,Hyndburn,0.5258126
237,237,E14001300,Ilford North,0.52970505
238,238,E14001301,Ilford South,0.52970505
239,239,E14001302,Ipswich,0.5257025
240,240,E14001303,Isle of Wight East,0.52860546
241,241,E14001304,Isle of Wight West,0.53064823
242,242,E14001305,Islington North,0.53137684
243,243,E14001306,Islington South and Finsbury,0.53137684
244,244,E14001307,Jarrow and Gateshead East,0.51366425
245,245,E14001308,Keighley and Ilkley,0.5279595
246,246,E14001309,Kenilworth and Southam,0.5303246
247,247,E14001310,Kensington and Bayswater,0.5339327
248,248,E14001311,Kettering,0.5297394
249,249,E14001312,Kingston and Surbiton,0.5343933
250,250,E14001313,Kingston upon Hull East,0.5147524
251,251,E14001314,Kingston upon Hull North and Cottingham,0.5166416
252,252,E14001315,Kingston upon Hull West and Haltemprice,0.5189371
253,253,E14001316,Kingswinford and South Staffordshire,0.5325413
254,254,E14001317,Knowsley,0.5231123
255,255,E14001318,Lancaster and Wyre,0.5171943
256,256,E14001319,Leeds Central and Headingley,0.5292969
257,257,E14001320,Leeds East,0.52845573
258,258,E14001321,Leeds North East,0.5292969
259,259,E14001322,Leeds North West,0.52747345
260,260,E14001323,Leeds South,0.5292969
261,261,E14001324,Leeds South West and Morley,0.5292969
262,262,E14001325,Leeds West and Pudsey,0.52747345
263,263,E14001326,Leicester East,0.52676964
264,264,E14001327,Leicester South,0.5267191
265,265,E14001328,Leicester West,0.5278425
266,266,E14001329,Leigh and Atherton,0.5256443
267,267,E14001330,Lewes,0.5197716
268,268,E14001331,Lewisham East,0.5349741
269,269,E14001332,Lewisham North,0.5349741
270,270,E14001333,Lewisham West and East Dulwich,0.5349741
271,271,E14001334,Leyton and Wanstead,0.52970505
272,272,E14001335,Lichfield,0.5307617
273,273,E14001336,Lincoln,0.52793026
274,274,E14001337,Liverpool Garston,0.52455044
275,275,E14001338,Liverpool Riverside,0.5190592
276,276,E14001339,Liverpool Walton,0.5190592
277,277,E14001340,Liverpool Wavertree,0.5190592
278,278,E14001341,Liverpool West Derby,0.5190592
279,279,E14001342,Loughborough,0.5285578
280,280,E14001343,Louth and Horncastle,0.5192346
281,281,E14001344,Lowestoft,0.5254688
282,282,E14001345,Luton North,0.5278225
283,283,E14001346,Luton South and South Bedfordshire,0.5293398
284,284,E14001347,Macclesfield,0.5225631
285,285,E14001348,Maidenhead,0.5365057
286,286,E14001349,Maidstone and Malling,0.5299244
287,287,E14001350,Makerfield,0.52345943
288,288,E14001351,Maldon,0.5264406
289,289,E14001352,Manchester Central,0.5228014
290,290,E14001353,Manchester Rusholme,0.5228014
291,291,E14001354,Manchester Withington,0.5235176
292,292,E14001355,Mansfield,0.53087616
293,293,E14001356,Melksham and Devizes,0.535367
294,294,E14001357,Melton and Syston,0.5270022
295,295,E14001358,Meriden and Solihull East,0.532156
296,296,E14001359,Mid Bedfordshire,0.5276349
297,297,E14001360,Mid Buckinghamshire,0.5313549
298,298,E14001361,Mid Cheshire,0.5223813
299,299,E14001362,Mid Derbyshire,0.5343008
300,300,E14001363,Mid Dorset and North Poole,0.53608257
301,301,E14001364,Mid Leicestershire,0.52834654
302,302,E14001365,Mid Norfolk,0.5258931
303,303,E14001366,Mid Sussex,0.5306282
304,304,E14001367,Middlesbrough and Thornaby East,0.51828575
305,305,E14001368,Middlesbrough South and East Cleveland,0.5132828
306,306,E14001369,Milton Keynes Central,0.5282879
307,307,E14001370,Milton Keynes North,0.5283553
308,308,E14001371,Mitcham and Morden,0.53520393
309,309,E14001372,Morecambe and Lunesdale,0.5228323
310,310,E14001373,New Forest East,0.5354459
311,311,E14001374,New Forest West,0.5391998
312,312,E14001375,Newark,0.5295817
313,313,E14001376,Newbury,0.5362787
314,314,E14001377,Newcastle upon Tyne Central and West,0.51786613
315,315,E14001378,Newcastle upon Tyne East and Wallsend,0.51366425
316,316,E14001379,Newcastle upon Tyne North,0.5106468
317,317,E14001380,Newcastle-under-Lyme,0.5228262
318,318,E14001381,Newton Abbot,0.5222664
319,319,E14001382,Newton Aycliffe and Spennymoor,0.52187014
320,320,E14001383,Normanton and Hemsworth,0.52880955
321,321,E14001384,North Bedfordshire,0.5282329
322,322,E14001385,North Cornwall,0.5177902
323,323,E14001386,North Cotswolds,0.5313285
324,324,E14001387,North Devon,0.5235632
325,325,E14001388,North Dorset,0.5388565
326,326,E14001389,North Durham,0.52381116
327,327,E14001390,North East Cambridgeshire,0.53142023
328,328,E14001391,North East Derbyshire,0.53194594
329,329,E14001392,North East Hampshire,0.5375776
330,330,E14001393,North East Hertfordshire,0.52891254
331,331,E14001394,North East Somerset and Hanham,0.53454876
332,332,E14001395,North Herefordshire,0.53569263
333,333,E14001396,North Norfolk,0.5251911
334,334,E14001397,North Northumberland,0.5139888
335,335,E14001398,North Shropshire,0.5310864
336,336,E14001399,North Somerset,0.535799
337,337,E14001400,North Warwickshire and Bedworth,0.53111315
338,338,E14001401,North West Cambridgeshire,0.5308857
339,339,E14001402,North West Essex,0.52845514
340,340,E14001403,North West Hampshire,0.5377013
341,341,E14001404,North West Leicestershire,0.5304465
342,342,E14001405,North West Norfolk,0.5281101
343,343,E14001406,Northampton North,0.5281868
344,344,E14001407,Northampton South,0.5281353
345,345,E14001408,Norwich North,0.5235958
346,346,E14001409,Norwich South,0.52513504
347,347,E14001410,Nottingham East,0.53266335
348,348,E14001411,Nottingham North and Kimberley,0.53266335
349,349,E14001412,Nottingham South,0.53266335
350,350,E14001413,Nuneaton,0.53015804
351,351,E14001414,Old Bexley and Sidcup,0.53125095
352,352,E14001415,Oldham East and Saddleworth,0.52645206
353,353,E14001416,"Oldham West, Chadderton and Royton",0.5269804
354,354,E14001417,Orpington,0.5338192
355,355,E14001418,Ossett and Denby Dale,0.5290973
356,356,E14001419,Oxford East,0.53331375
357,357,E14001420,Oxford West and Abingdon,0.53424263
358,358,E14001421,Peckham,0.5349741
359,359,E14001422,Pendle and Clitheroe,0.52581596
360,360,E14001423,Penistone and Stocksbridge,0.5303419
361,361,E14001424,Penrith and Solway,0.5182186
362,362,E14001425,Peterborough,0.5311165
363,363,E14001426,Plymouth Moor View,0.5230646
364,364,E14001427,Plymouth Sutton and Devonport,0.5230646
365,365,E14001428,"Pontefract, Castleford and Knottingley",0.5278282
366,366,E14001429,Poole,0.5329666
367,367,E14001430,Poplar and Limehouse,0.53137684
368,368,E14001431,Portsmouth North,0.5343485
369,369,E14001432,Portsmouth South,0.5343485
370,370,E14001433,Preston,0.52011967
371,371,E14001434,Putney,0.53520393
372,372,E14001435,Queen's Park and Maida Vale,0.5339327
373,373,E14001436,Rawmarsh and Conisbrough,0.5304537
374,374,E14001437,Rayleigh and Wickford,0.52457714
375,375,E14001438,Reading Central,0.5373211
376,376,E14001439,Reading West and Mid Berkshire,0.536767
377,377,E14001440,Redcar,0.51609707
378,378,E14001441,Redditch,0.53344965
379,379,E14001442,Reigate,0.5350418
380,380,E14001443,Ribble Valley,0.52340466
381,381,E14001444,Richmond and Northallerton,0.5305489
382,382,E14001445,Richmond Park,0.5343933
383,383,E14001446,Rochdale,0.5275588
384,384,E14001447,Rochester and Strood,0.5262284
385,385,E14001448,Romford,0.5292425
386,386,E14001449,Romsey and Southampton North,0.5393553
387,387,E14001450,Rossendale and Darwen,0.5260494
388,388,E14001451,Rother Valley,0.5306473
389,389,E14001452,Rotherham,0.5314293
390,390,E14001453,Rugby,0.52722645
391,391,E14001454,"Ruislip, Northwood and Pinner",0.5339432
392,392,E14001455,Runcorn and Helsby,0.52491903
393,393,E14001456,Runnymede and Weybridge,0.5364733
394,394,E14001457,Rushcliffe,0.53039455
395,395,E14001458,Rutland and Stamford,0.5285417
396,396,E14001459,Salford,0.5235176
397,397,E14001460,Salisbury,0.53902644
398,398,E14001461,Scarborough and Whitby,0.5139534
399,399,E14001462,Scunthorpe,0.52331036
400,400,E14001463,Sefton Central,0.51954937
401,401,E14001464,Selby,0.52642316
402,402,E14001465,Sevenoaks,0.53292084
403,403,E14001466,Sheffield Brightside and Hillsborough,0.53197193
404,404,E14001467,Sheffield Central,0.53203964
405,405,E14001468,Sheffield Hallam,0.53125906
406,406,E14001469,Sheffield Heeley,0.53203964
407,407,E14001470,Sheffield South East,0.53197193
408,408,E14001471,Sherwood Forest,0.53075284
409,409,E14001472,Shipley,0.52838135
410,410,E14001473,Shrewsbury,0.5298724
411,411,E14001474,Sittingbourne and Sheppey,0.528697
412,412,E14001475,Skipton and Ripon,0.5300506
413,413,E14001476,Sleaford and North Hykeham,0.52785206
414,414,E14001477,Slough,0.5361433
415,415,E14001478,Smethwick,0.53315544
416,416,E14001479,Solihull West and Shirley,0.53266716
417,417,E14001480,South Basildon and East Thurrock,0.5266361
418,418,E14001481,South Cambridgeshire,0.5278351
419,419,E14001482,South Cotswolds,0.5332699
420,420,E14001483,South Derbyshire,0.5323167
421,421,E14001484,South Devon,0.52108973
422,422,E14001485,South Dorset,0.53590995
423,423,E14001486,South East Cornwall,0.5216983
424,424,E14001487,South Holland and The Deepings,0.52799386
425,425,E14001488,South Leicestershire,0.5272443
426,426,E14001489,South Norfolk,0.5251033
427,427,E14001490,South Northamptonshire,0.52863055
428,428,E14001491,South Ribble,0.5206356
429,429,E14001492,South Shields,0.51347446
430,430,E14001493,South Shropshire,0.5323379
431,431,E14001494,South Suffolk,0.527174
432,432,E14001495,South West Devon,0.5212768
433,433,E14001496,South West Hertfordshire,0.53230953
434,434,E14001497,South West Norfolk,0.52791387
435,435,E14001498,South West Wiltshire,0.535326
436,436,E14001499,Southampton Itchen,0.53673744
437,437,E14001500,Southampton Test,0.5367985
438,438,E14001501,Southend East and Rochford,0.532578
439,439,E14001502,Southend West and Leigh,0.52659416
440,440,E14001503,Southgate and Wood Green,0.53064823
441,441,E14001504,Southport,0.52107763
442,442,E14001505,Spelthorne,0.5357256
443,443,E14001506,Spen Valley,0.5292139
444,444,E14001507,St Albans,0.53089905
445,445,E14001508,St Austell and Newquay,0.5096836
446,446,E14001509,St Helens North,0.5257063
447,447,E14001510,St Helens South and Whiston,0.5257063
448,448,E14001511,St Ives,0.4900252
449,449,E14001512,St Neots and Mid Cambridgeshire,0.528856
450,450,E14001513,Stafford,0.5278833
451,451,E14001514,Staffordshire Moorlands,0.5274898
452,452,E14001515,Stalybridge and Hyde,0.52451277
453,453,E14001516,Stevenage,0.5277071
454,454,E14001517,Stockport,0.5228014
455,455,E14001518,Stockton North,0.5228071
456,456,E14001519,Stockton West,0.5257139
457,457,E14001520,Stoke-on-Trent Central,0.524848
458,458,E14001521,Stoke-on-Trent North,0.524848
459,459,E14001522,Stoke-on-Trent South,0.5285899
460,460,E14001523,"Stone, Great Wyrley and Penkridge",0.52977467
461,461,E14001524,Stourbridge,0.5330343
462,462,E14001525,Stratford and Bow,0.53137684
463,463,E14001526,Stratford-on-Avon,0.53189737
464,464,E14001527,Streatham and Croydon North,0.5349741
465,465,E14001528,Stretford and Urmston,0.5235176
466,466,E14001529,Stroud,0.5347147
467,467,E14001530,Suffolk Coastal,0.527458
468,468,E14001531,Sunderland Central,0.51347446
469,469,E14001532,Surrey Heath,0.53593636
470,470,E14001533,Sussex Weald,0.5286461
471,471,E14001534,Sutton and Cheam,0.5350418
472,472,E14001535,Sutton Coldfield,0.5319681
473,473,E14001536,Swindon North,0.53339195
474,474,E14001537,Swindon South,0.5347719
475,475,E14001538,Tamworth,0.5306511
476,476,E14001539,Tatton,0.5220683
477,477,E14001540,Taunton and Wellington,0.5370159
478,478,E14001541,Telford,0.53012943
479,479,E14001542,Tewkesbury,0.5322034
480,480,E14001543,The Wrekin,0.53011584
481,481,E14001544,Thirsk and Malton,0.52335644
482,482,E14001545,Thornbury and Yate,0.5360323
483,483,E14001546,Thurrock,0.5294819
484,484,E14001547,Tipton and Wednesbury,0.5305815
485,485,E14001548,Tiverton and Minehead,0.53235954
486,486,E14001549,Tonbridge,0.5331529
487,487,E14001550,Tooting,0.53520393
488,488,E14001551,Torbay,0.51906776
489,489,E14001552,Torridge and Tavistock,0.5236303
490,490,E14001553,Tottenham,0.53137684
491,491,E14001554,Truro and Falmouth,0.50415295
492,492,E14001555,Tunbridge Wells,0.5306487
493,493,E14001556,Twickenham,0.5343933
494,494,E14001557,Tynemouth,0.50944805
495,495,E14001558,Uxbridge and South Ruislip,0.5339432
496,496,E14001559,Vauxhall and Camberwell Green,0.5349741
497,497,E14001560,Wakefield and Rothwell,0.52880955
498,498,E14001561,Wallasey,0.52186394
499,499,E14001562,Walsall and Bloxwich,0.53077984
500,500,E14001563,Walthamstow,0.53137684
501,501,E14001564,Warrington North,0.5256443
502,502,E14001565,Warrington South,0.5239792
503,503,E14001566,Warwick and Leamington,0.5294514
504,504,E14001567,Washington and Gateshead South,0.51366425
505,505,E14001568,Watford,0.53230953
506,506,E14001569,Waveney Valley,0.5265341
507,507,E14001570,Weald of Kent,0.5264021
508,508,E14001571,Wellingborough and Rushden,0.5290909
509,509,E14001572,Wells and Mendip Hills,0.536267
510,510,E14001573,Welwyn Hatfield,0.52914333
511,511,E14001574,West Bromwich,0.53077984
512,512,E14001575,West Dorset,0.5372106
513,513,E14001576,West Ham and Beckton,0.52970505
514,514,E14001577,West Lancashire,0.52039623
515,515,E14001578,West Suffolk,0.52774686
516,516,E14001579,West Worcestershire,0.53384906
517,517,E14001580,Westmorland and Lonsdale,0.5290439
518,518,E14001581,Weston-super-Mare,0.5383835
519,519,E14001582,Wetherby and Easingwold,0.5283761
520,520,E14001583,Whitehaven and Workington,0.5059116
521,521,E14001584,Widnes and Halewood,0.52455044
522,522,E14001585,Wigan,0.5242219
523,523,E14001586,Wimbledon,0.53520393
524,524,E14001587,Winchester,0.5374519
525,525,E14001588,Windsor,0.5365715
526,526,E14001589,Wirral West,0.5189047
527,527,E14001590,Witham,0.52700496
528,528,E14001591,Witney,0.53400356
529,529,E14001592,Woking,0.53624535
530,530,E14001593,Wokingham,0.5371361
531,531,E14001594,Wolverhampton North East,0.5305815
532,532,E14001595,Wolverhampton South East,0.5305815
533,533,E14001596,Wolverhampton West,0.53138924
534,534,E14001597,Worcester,0.53435516
535,535,E14001598,Worsley and Eccles,0.52503586
536,536,E14001599,Worthing West,0.52783203
537,537,E14001600,Wycombe,0.53558636
538,538,E14001601,Wyre Forest,0.5336933
539,539,E14001602,Wythenshawe and Sale East,0.5235176
540,540,E14001603,Yeovil,0.5374463
541,541,E14001604,York Central,0.5254631
542,542,E14001605,York Outer,0.5258325
543,543,N05000001,Belfast East,0.47685242
544,544,N05000002,Belfast North,0.47570038
545,545,N05000003,Belfast South and Mid Down,0.47820282
546,546,N05000004,Belfast West,0.47820282
547,547,N05000005,East Antrim,0.47068578
548,548,N05000006,East Londonderry,0.46761325
549,549,N05000007,Fermanagh and South Tyrone,0.47727284
550,550,N05000008,Foyle,0.45952034
551,551,N05000009,Lagan Valley,0.4756929
552,552,N05000010,Mid Ulster,0.47617105
553,553,N05000011,Newry and Armagh,0.47884625
554,554,N05000012,North Antrim,0.46581045
555,555,N05000013,North Down,0.46372223
556,556,N05000014,South Antrim,0.4708807
557,557,N05000015,South Down,0.47641954
558,558,N05000016,Strangford,0.47182098
559,559,N05000017,Upper Bann,0.47707495
560,560,N05000018,West Tyrone,0.47528824
561,561,S14000021,East Renfrewshire,0.5100517
562,562,S14000027,Na h-Eileanan an Iar,0.43023303
563,563,S14000045,Midlothian,0.52029896
564,564,S14000048,North Ayrshire and Arran,0.4837284
565,565,S14000051,Orkney and Shetland,0.48480594
566,566,S14000060,Aberdeen North,0.51231813
567,567,S14000061,Aberdeen South,0.5021639
568,568,S14000062,Aberdeenshire North and Moray East,0.49599683
569,569,S14000063,Airdrie and Shotts,0.5180254
570,570,S14000064,Alloa and Grangemouth,0.53320074
571,571,S14000065,Angus and Perthshire Glens,0.5482409
572,572,S14000066,Arbroath and Broughty Ferry,0.5128773
573,573,S14000067,"Argyll, Bute and South Lochaber",0.48647887
574,574,S14000068,Bathgate and Linlithgow,0.51739025
575,575,S14000069,"Caithness, Sutherland and Easter Ross",0.50985384
576,576,S14000070,Coatbridge and Bellshill,0.51739836
577,577,S14000071,Cowdenbeath and Kirkcaldy,0.4996872
578,578,S14000072,Cumbernauld and Kirkintilloch,0.5226288
579,579,S14000073,Dumfries and Galloway,0.50581706
580,580,S14000074,"Dumfriesshire, Clydesdale and Tweeddale",0.5239511
581,581,S14000075,Dundee Central,0.5282488
582,582,S14000076,Dunfermline and Dollar,0.52174366
583,583,S14000077,East Kilbride and Strathaven,0.5129142
584,584,S14000078,Edinburgh East and Musselburgh,0.50655365
585,585,S14000079,Edinburgh North and Leith,0.5091858
586,586,S14000080,Edinburgh South,0.5091858
587,587,S14000081,Edinburgh South West,0.5113921
588,588,S14000082,Edinburgh West,0.5113921
589,589,S14000083,Falkirk,0.5200596
590,590,S14000084,Glasgow East,0.5160651
591,591,S14000085,Glasgow North,0.5191579
592,592,S14000086,Glasgow North East,0.5210357
593,593,S14000087,Glasgow South,0.51372814
594,594,S14000088,Glasgow South West,0.51372814
595,595,S14000089,Glasgow West,0.5191579
596,596,S14000090,Glenrothes and Mid Fife,0.51340795
597,597,S14000091,Gordon and Buchan,0.5215435
598,598,S14000092,Hamilton and Clyde Valley,0.51705694
599,599,S14000093,Inverclyde and Renfrewshire West,0.50116014
600,600,S14000094,"Inverness, Skye and West Ross-shire",0.500679
601,601,S14000095,Livingston,0.51718503
602,602,S14000096,Lothian East,0.5063877
603,603,S14000097,Mid Dunbartonshire,0.5200968
604,604,S14000098,"Moray West, Nairn and Strathspey",0.5289599
605,605,S14000099,"Motherwell, Wishaw and Carluke",0.51769495
606,606,S14000100,North East Fife,0.5130084
607,607,S14000101,Paisley and Renfrewshire North,0.5159373
608,608,S14000102,Paisley and Renfrewshire South,0.51049995
609,609,S14000103,Perth and Kinross-shire,0.53795934
610,610,S14000104,Rutherglen,0.51673174
611,611,S14000105,Stirling and Strathallan,0.53183067
612,612,S14000106,West Dunbartonshire,0.51451874
613,613,S14000107,"Ayr, Carrick and Cumnock",0.5016896
614,614,S14000108,"Berwickshire, Roxburgh and Selkirk",0.5271653
615,615,S14000109,Central Ayrshire,0.49922132
616,616,S14000110,Kilmarnock and Loudoun,0.5104245
617,617,S14000111,West Aberdeenshire and Kincardine,0.5379827
618,618,W07000081,Aberafan Maesteg,0.53179264
619,619,W07000082,Alyn and Deeside,0.52448225
620,620,W07000083,Bangor Aberconwy,0.51467484
621,621,W07000084,Blaenau Gwent and Rhymney,0.53592443
622,622,W07000085,"Brecon, Radnor and Cwm Tawe",0.5316117
623,623,W07000086,Bridgend,0.5326233
624,624,W07000087,Caerfyrddin,0.5254235
625,625,W07000088,Caerphilly,0.5365324
626,626,W07000089,Cardiff East,0.5365324
627,627,W07000090,Cardiff North,0.5365324
628,628,W07000091,Cardiff South and Penarth,0.53569984
629,629,W07000092,Cardiff West,0.5343485
630,630,W07000093,Ceredigion Preseli,0.518997
631,631,W07000094,Clwyd East,0.519921
632,632,W07000095,Clwyd North,0.51234674
633,633,W07000096,Dwyfor Meirionnydd,0.51742476
634,634,W07000097,Gower,0.52864933
635,635,W07000098,Llanelli,0.5292294
636,636,W07000099,Merthyr Tydfil and Aberdare,0.5335229
637,637,W07000100,Mid and South Pembrokeshire,0.51444596
638,638,W07000101,Monmouthshire,0.53796375
639,639,W07000102,Montgomeryshire and Glyndwr,0.5308543
640,640,W07000103,Neath and Swansea East,0.5287843
641,641,W07000104,Newport East,0.539279
642,642,W07000105,Newport West and Islwyn,0.53691244
643,643,W07000106,Pontypridd,0.5343485
644,644,W07000107,Rhondda and Ogmore,0.53256637
645,645,W07000108,Swansea West,0.52862644
646,646,W07000109,Torfaen,0.537591
647,647,W07000110,Vale of Glamorgan,0.5333131
648,648,W07000111,Wrexham,0.5292066
649,649,W07000112,Ynys MÃ´n,0.50106364
