,region,constituency,name,t_reanal
0,0,E14001063,Aldershot,0.8428583
1,1,E14001064,Aldridge-Brownhills,0.7895622
2,2,E14001065,Altrincham and Sale West,0.7538767
3,3,E14001066,Amber Valley,0.80906487
4,4,E14001067,Arundel and South Downs,0.80126446
5,5,E14001068,Ashfield,0.81327105
6,6,E14001069,Ashford,0.8825283
7,7,E14001070,Ashton-under-Lyne,0.7457361
8,8,E14001071,Aylesbury,0.84748197
9,9,E14001072,Banbury,0.81893295
10,10,E14001073,Barking,0.86569977
11,11,E14001074,Barnsley North,0.7992697
12,12,E14001075,Barnsley South,0.802495
13,13,E14001076,Barrow and Furness,0.65955126
14,14,E14001077,Basildon and Billericay,0.8557606
15,15,E14001078,Basingstoke,0.815588
16,16,E14001079,Bassetlaw,0.8109234
17,17,E14001080,Bath,0.7386799
18,18,E14001081,Battersea,0.8674698
19,19,E14001082,Beaconsfield,0.8523936
20,20,E14001083,Beckenham and Penge,0.8612499
21,21,E14001084,Bedford,0.88070583
22,22,E14001085,Bermondsey and Old Southwark,0.86999893
23,23,E14001086,Bethnal Green and Stepney,0.86999893
24,24,E14001087,Beverley and Holderness,0.757793
25,25,E14001088,Bexhill and Battle,0.8507811
26,26,E14001089,Bexleyheath and Crayford,0.8620815
27,27,E14001090,Bicester and Woodstock,0.83330154
28,28,E14001091,Birkenhead,0.7085905
29,29,E14001092,Birmingham Edgbaston,0.7869091
30,30,E14001093,Birmingham Erdington,0.79243755
31,31,E14001094,Birmingham Hall Green and Moseley,0.79526234
32,32,E14001095,Birmingham Hodge Hill and Solihull North,0.7989178
33,33,E14001096,Birmingham Ladywood,0.79243755
34,34,E14001097,Birmingham Northfield,0.78909016
35,35,E14001098,Birmingham Perry Barr,0.79243755
36,36,E14001099,Birmingham Selly Oak,0.79526234
37,37,E14001100,Birmingham Yardley,0.7989178
38,38,E14001101,Bishop Auckland,0.7339735
39,39,E14001102,Blackburn,0.72177887
40,40,E14001103,Blackley and Middleton South,0.75407314
41,41,E14001104,Blackpool North and Fleetwood,0.6893873
42,42,E14001105,Blackpool South,0.6937704
43,43,E14001106,Blaydon and Consett,0.720767
44,44,E14001107,Blyth and Ashington,0.7017937
45,45,E14001108,Bognor Regis and Littlehampton,0.7901201
46,46,E14001109,Bolsover,0.8138342
47,47,E14001110,Bolton North East,0.73323154
48,48,E14001111,Bolton South and Walkden,0.74351406
49,49,E14001112,Bolton West,0.72038984
50,50,E14001113,Bootle,0.70494175
51,51,E14001114,Boston and Skegness,0.8154575
52,52,E14001115,Bournemouth East,0.7292938
53,53,E14001116,Bournemouth West,0.7292938
54,54,E14001117,Bracknell,0.84636307
55,55,E14001118,Bradford East,0.7540121
56,56,E14001119,Bradford South,0.7460365
57,57,E14001120,Bradford West,0.7460365
58,58,E14001121,Braintree,0.8674175
59,59,E14001122,Brent East,0.8600826
60,60,E14001123,Brent West,0.8600826
61,61,E14001124,Brentford and Isleworth,0.86042976
62,62,E14001125,Brentwood and Ongar,0.85814637
63,63,E14001126,Bridgwater,0.7258756
64,64,E14001127,Bridlington and The Wolds,0.7482898
65,65,E14001128,Brigg and Immingham,0.77066994
66,66,E14001129,Brighton Kemptown and Peacehaven,0.8097353
67,67,E14001130,Brighton Pavilion,0.8097353
68,68,E14001131,Bristol Central,0.7290039
69,69,E14001132,Bristol East,0.7224798
70,70,E14001133,Bristol North East,0.7328119
71,71,E14001134,Bristol North West,0.7245887
72,72,E14001135,Bristol South,0.7224798
73,73,E14001136,Broadland and Fakenham,0.8477382
74,74,E14001137,Bromley and Biggin Hill,0.8612499
75,75,E14001138,Bromsgrove,0.7914626
76,76,E14001139,Broxbourne,0.8723092
77,77,E14001140,Broxtowe,0.8201895
78,78,E14001141,Buckingham and Bletchley,0.8490219
79,79,E14001142,Burnley,0.7469959
80,80,E14001143,Burton and Uttoxeter,0.7670257
81,81,E14001144,Bury North,0.7435956
82,82,E14001145,Bury South,0.7532339
83,83,E14001146,Bury St Edmunds and Stowmarket,0.8653202
84,84,E14001147,Calder Valley,0.7375903
85,85,E14001148,Camborne and Redruth,0.59612846
86,86,E14001149,Cambridge,0.8839636
87,87,E14001150,Cannock Chase,0.779129
88,88,E14001151,Canterbury,0.87605476
89,89,E14001152,Carlisle,0.67003757
90,90,E14001153,Carshalton and Wallington,0.8612766
91,91,E14001154,Castle Point,0.8589649
92,92,E14001155,Central Devon,0.64312094
93,93,E14001156,Central Suffolk and North Ipswich,0.8679816
94,94,E14001157,Chatham and Aylesford,0.8637581
95,95,E14001158,Cheadle,0.7569628
96,96,E14001159,Chelmsford,0.85520077
97,97,E14001160,Chelsea and Fulham,0.8674698
98,98,E14001161,Cheltenham,0.77491
99,99,E14001162,Chesham and Amersham,0.85030174
100,100,E14001163,Chester North and Neston,0.73404694
101,101,E14001164,Chester South and Eddisbury,0.7655008
102,102,E14001165,Chesterfield,0.807971
103,103,E14001166,Chichester,0.7674659
104,104,E14001167,Chingford and Woodford Green,0.8696461
105,105,E14001168,Chippenham,0.7708206
106,106,E14001169,Chipping Barnet,0.86311245
107,107,E14001170,Chorley,0.71312904
108,108,E14001171,Christchurch,0.73830986
109,109,E14001172,Cities of London and Westminster,0.86999893
110,110,E14001173,City of Durham,0.72346276
111,111,E14001174,Clacton,0.8795576
112,112,E14001175,Clapham and Brixton Hill,0.86999893
113,113,E14001176,Colchester,0.8663473
114,114,E14001177,Colne Valley,0.7286763
115,115,E14001178,Congleton,0.7620182
116,116,E14001179,Corby and East Northamptonshire,0.8645526
117,117,E14001180,Coventry East,0.81629753
118,118,E14001181,Coventry North West,0.8121109
119,119,E14001182,Coventry South,0.8142042
120,120,E14001183,Cramlington and Killingworth,0.7057991
121,121,E14001184,Crawley,0.8448534
122,122,E14001185,Crewe and Nantwich,0.7648392
123,123,E14001186,Croydon East,0.86095524
124,124,E14001187,Croydon South,0.85622597
125,125,E14001188,Croydon West,0.86095524
126,126,E14001189,Dagenham and Rainham,0.8620815
127,127,E14001190,Darlington,0.7514305
128,128,E14001191,Dartford,0.85940075
129,129,E14001192,Daventry,0.8387659
130,130,E14001193,Derby North,0.801836
131,131,E14001194,Derby South,0.801836
132,132,E14001195,Derbyshire Dales,0.7590018
133,133,E14001196,Dewsbury and Batley,0.7532053
134,134,E14001197,Didcot and Wantage,0.81964177
135,135,E14001198,Doncaster Central,0.8050308
136,136,E14001199,Doncaster East and the Isle of Axholme,0.7982772
137,137,E14001200,Doncaster North,0.8024381
138,138,E14001201,Dorking and Horley,0.8516228
139,139,E14001202,Dover and Deal,0.8827629
140,140,E14001203,Droitwich and Evesham,0.7946887
141,141,E14001204,Dudley,0.7833586
142,142,E14001205,Dulwich and West Norwood,0.86095524
143,143,E14001206,Dunstable and Leighton Buzzard,0.8555393
144,144,E14001207,Ealing Central and Acton,0.86244774
145,145,E14001208,Ealing North,0.86042976
146,146,E14001209,Ealing Southall,0.86042976
147,147,E14001210,Earley and Woodley,0.83618164
148,148,E14001211,Easington,0.72073174
149,149,E14001212,East Grinstead and Uckfield,0.83715934
150,150,E14001213,East Ham,0.87035847
151,151,E14001214,East Hampshire,0.8029286
152,152,E14001215,East Surrey,0.85374475
153,153,E14001216,East Thanet,0.88160896
154,154,E14001217,East Wiltshire,0.779347
155,155,E14001218,East Worthing and Shoreham,0.7998142
156,156,E14001219,Eastbourne,0.81707096
157,157,E14001220,Eastleigh,0.7824545
158,158,E14001221,Edmonton and Winchmore Hill,0.8662996
159,159,E14001222,Ellesmere Port and Bromborough,0.74180317
160,160,E14001223,Eltham and Chislehurst,0.8612499
161,161,E14001224,Ely and East Cambridgeshire,0.88126504
162,162,E14001225,Enfield North,0.86797523
163,163,E14001226,Epping Forest,0.8693533
164,164,E14001227,Epsom and Ewell,0.8588009
165,165,E14001228,Erewash,0.8266163
166,166,E14001229,Erith and Thamesmead,0.86569977
167,167,E14001230,Esher and Walton,0.861454
168,168,E14001231,Exeter,0.67391586
169,169,E14001232,Exmouth and Exeter East,0.6828084
170,170,E14001233,Fareham and Waterlooville,0.7678013
171,171,E14001234,Farnham and Bordon,0.8251912
172,172,E14001235,Faversham and Mid Kent,0.8683407
173,173,E14001236,Feltham and Heston,0.86042976
174,174,E14001237,Filton and Bradley Stoke,0.7328119
175,175,E14001238,Finchley and Golders Green,0.86311245
176,176,E14001239,Folkestone and Hythe,0.88845253
177,177,E14001240,Forest of Dean,0.7640788
178,178,E14001241,Frome and East Somerset,0.734056
179,179,E14001242,Fylde,0.6963606
180,180,E14001243,Gainsborough,0.79281265
181,181,E14001244,Gateshead Central and Whickham,0.7181454
182,182,E14001245,Gedling,0.8274059
183,183,E14001246,Gillingham and Rainham,0.8653078
184,184,E14001247,Glastonbury and Somerton,0.73198473
185,185,E14001248,Gloucester,0.7671175
186,186,E14001249,Godalming and Ash,0.8391651
187,187,E14001250,Goole and Pocklington,0.76301575
188,188,E14001251,Gorton and Denton,0.74915695
189,189,E14001252,Gosport,0.76697826
190,190,E14001253,Grantham and Bourne,0.84178954
191,191,E14001254,Gravesham,0.8611412
192,192,E14001255,Great Grimsby and Cleethorpes,0.77513695
193,193,E14001256,Great Yarmouth,0.8775358
194,194,E14001257,Greenwich and Woolwich,0.87035847
195,195,E14001258,Guildford,0.8565397
196,196,E14001259,Hackney North and Stoke Newington,0.8662996
197,197,E14001260,Hackney South and Shoreditch,0.86999893
198,198,E14001261,Halesowen,0.7833586
199,199,E14001262,Halifax,0.73339367
200,200,E14001263,Hamble Valley,0.76560116
201,201,E14001264,Hammersmith and Chiswick,0.86244774
202,202,E14001265,Hampstead and Highgate,0.86311245
203,203,E14001266,"Harborough, Oadby and Wigston",0.836411
204,204,E14001267,Harlow,0.8669424
205,205,E14001268,Harpenden and Berkhamsted,0.8565407
206,206,E14001269,Harrogate and Knaresborough,0.77365905
207,207,E14001270,Harrow East,0.8600826
208,208,E14001271,Harrow West,0.85757446
209,209,E14001272,Hartlepool,0.7280402
210,210,E14001273,Harwich and North Essex,0.86552715
211,211,E14001274,Hastings and Rye,0.86100864
212,212,E14001275,Havant,0.77130413
213,213,E14001276,Hayes and Harlington,0.85863113
214,214,E14001277,Hazel Grove,0.74915695
215,215,E14001278,Hemel Hempstead,0.8535414
216,216,E14001279,Hendon,0.8600826
217,217,E14001280,Henley and Thame,0.83582175
218,218,E14001281,Hereford and South Herefordshire,0.7539742
219,219,E14001282,Herne Bay and Sandwich,0.87824756
220,220,E14001283,Hertford and Stortford,0.8723979
221,221,E14001284,Hertsmere,0.86236763
222,222,E14001285,Hexham,0.6867277
223,223,E14001286,Heywood and Middleton North,0.7464738
224,224,E14001287,High Peak,0.72878164
225,225,E14001288,Hinckley and Bosworth,0.81553984
226,226,E14001289,Hitchin,0.8719635
227,227,E14001290,Holborn and St Pancras,0.86999893
228,228,E14001291,Honiton and Sidmouth,0.70989406
229,229,E14001292,Hornchurch and Upminster,0.86135006
230,230,E14001293,Hornsey and Friern Barnet,0.8662996
231,231,E14001294,Horsham,0.83542633
232,232,E14001295,Houghton and Sunderland South,0.7096052
233,233,E14001296,Hove and Portslade,0.80648136
234,234,E14001297,Huddersfield,0.74246645
235,235,E14001298,Huntingdon,0.8784845
236,236,E14001299,Hyndburn,0.73514986
237,237,E14001300,Ilford North,0.86509895
238,238,E14001301,Ilford South,0.86509895
239,239,E14001302,Ipswich,0.87263584
240,240,E14001303,Isle of Wight East,0.7280245
241,241,E14001304,Isle of Wight West,0.7287013
242,242,E14001305,Islington North,0.8662996
243,243,E14001306,Islington South and Finsbury,0.86999893
244,244,E14001307,Jarrow and Gateshead East,0.70683765
245,245,E14001308,Keighley and Ilkley,0.7425666
246,246,E14001309,Kenilworth and Southam,0.821654
247,247,E14001310,Kensington and Bayswater,0.8674698
248,248,E14001311,Kettering,0.85105103
249,249,E14001312,Kingston and Surbiton,0.8622656
250,250,E14001313,Kingston upon Hull East,0.75415134
251,251,E14001314,Kingston upon Hull North and Cottingham,0.75107574
252,252,E14001315,Kingston upon Hull West and Haltemprice,0.7600279
253,253,E14001316,Kingswinford and South Staffordshire,0.77751565
254,254,E14001317,Knowsley,0.70915127
255,255,E14001318,Lancaster and Wyre,0.69701487
256,256,E14001319,Leeds Central and Headingley,0.76267624
257,257,E14001320,Leeds East,0.78400517
258,258,E14001321,Leeds North East,0.77341557
259,259,E14001322,Leeds North West,0.75890636
260,260,E14001323,Leeds South,0.77341557
261,261,E14001324,Leeds South West and Morley,0.76267624
262,262,E14001325,Leeds West and Pudsey,0.7583442
263,263,E14001326,Leicester East,0.83262825
264,264,E14001327,Leicester South,0.83262825
265,265,E14001328,Leicester West,0.82970715
266,266,E14001329,Leigh and Atherton,0.73640347
267,267,E14001330,Lewes,0.8105407
268,268,E14001331,Lewisham East,0.8612499
269,269,E14001332,Lewisham North,0.87035847
270,270,E14001333,Lewisham West and East Dulwich,0.86095524
271,271,E14001334,Leyton and Wanstead,0.8696461
272,272,E14001335,Lichfield,0.78216624
273,273,E14001336,Lincoln,0.8153324
274,274,E14001337,Liverpool Garston,0.7184448
275,275,E14001338,Liverpool Riverside,0.71261024
276,276,E14001339,Liverpool Walton,0.70915127
277,277,E14001340,Liverpool Wavertree,0.7184448
278,278,E14001341,Liverpool West Derby,0.7184448
279,279,E14001342,Loughborough,0.83431816
280,280,E14001343,Louth and Horncastle,0.8006797
281,281,E14001344,Lowestoft,0.8893585
282,282,E14001345,Luton North,0.8590174
283,283,E14001346,Luton South and South Bedfordshire,0.8636961
284,284,E14001347,Macclesfield,0.7520454
285,285,E14001348,Maidenhead,0.84860927
286,286,E14001349,Maidstone and Malling,0.86124134
287,287,E14001350,Makerfield,0.7287674
288,288,E14001351,Maldon,0.85803604
289,289,E14001352,Manchester Central,0.75407314
290,290,E14001353,Manchester Rusholme,0.75407314
291,291,E14001354,Manchester Withington,0.7572508
292,292,E14001355,Mansfield,0.8125
293,293,E14001356,Melksham and Devizes,0.76167107
294,294,E14001357,Melton and Syston,0.83719194
295,295,E14001358,Meriden and Solihull East,0.8071127
296,296,E14001359,Mid Bedfordshire,0.87346
297,297,E14001360,Mid Buckinghamshire,0.84234476
298,298,E14001361,Mid Cheshire,0.76100826
299,299,E14001362,Mid Derbyshire,0.7885742
300,300,E14001363,Mid Dorset and North Poole,0.73138875
301,301,E14001364,Mid Leicestershire,0.8272414
302,302,E14001365,Mid Norfolk,0.85063136
303,303,E14001366,Mid Sussex,0.82640266
304,304,E14001367,Middlesbrough and Thornaby East,0.73540306
305,305,E14001368,Middlesbrough South and East Cleveland,0.7320595
306,306,E14001369,Milton Keynes Central,0.86022186
307,307,E14001370,Milton Keynes North,0.862134
308,308,E14001371,Mitcham and Morden,0.8612766
309,309,E14001372,Morecambe and Lunesdale,0.71111
310,310,E14001373,New Forest East,0.75027925
311,311,E14001374,New Forest West,0.7492809
312,312,E14001375,Newark,0.82417154
313,313,E14001376,Newbury,0.80614316
314,314,E14001377,Newcastle upon Tyne Central and West,0.71138096
315,315,E14001378,Newcastle upon Tyne East and Wallsend,0.7080221
316,316,E14001379,Newcastle upon Tyne North,0.7092066
317,317,E14001380,Newcastle-under-Lyme,0.76621723
318,318,E14001381,Newton Abbot,0.6595292
319,319,E14001382,Newton Aycliffe and Spennymoor,0.73772645
320,320,E14001383,Normanton and Hemsworth,0.79281425
321,321,E14001384,North Bedfordshire,0.87970424
322,322,E14001385,North Cornwall,0.62391376
323,323,E14001386,North Cotswolds,0.78078413
324,324,E14001387,North Devon,0.64983624
325,325,E14001388,North Dorset,0.7337778
326,326,E14001389,North Durham,0.7210759
327,327,E14001390,North East Cambridgeshire,0.875464
328,328,E14001391,North East Derbyshire,0.7909029
329,329,E14001392,North East Hampshire,0.8277194
330,330,E14001393,North East Hertfordshire,0.8766856
331,331,E14001394,North East Somerset and Hanham,0.7258806
332,332,E14001395,North Herefordshire,0.76475585
333,333,E14001396,North Norfolk,0.8454952
334,334,E14001397,North Northumberland,0.6814946
335,335,E14001398,North Shropshire,0.76447654
336,336,E14001399,North Somerset,0.72203636
337,337,E14001400,North Warwickshire and Bedworth,0.80923843
338,338,E14001401,North West Cambridgeshire,0.872735
339,339,E14001402,North West Essex,0.8678931
340,340,E14001403,North West Hampshire,0.8057484
341,341,E14001404,North West Leicestershire,0.81831336
342,342,E14001405,North West Norfolk,0.83265996
343,343,E14001406,Northampton North,0.8475151
344,344,E14001407,Northampton South,0.8520174
345,345,E14001408,Norwich North,0.84960365
346,346,E14001409,Norwich South,0.8506994
347,347,E14001410,Nottingham East,0.8274059
348,348,E14001411,Nottingham North and Kimberley,0.82316303
349,349,E14001412,Nottingham South,0.8307009
350,350,E14001413,Nuneaton,0.8150091
351,351,E14001414,Old Bexley and Sidcup,0.8606863
352,352,E14001415,Oldham East and Saddleworth,0.7309437
353,353,E14001416,"Oldham West, Chadderton and Royton",0.7464738
354,354,E14001417,Orpington,0.8606863
355,355,E14001418,Ossett and Denby Dale,0.7612693
356,356,E14001419,Oxford East,0.8357067
357,357,E14001420,Oxford West and Abingdon,0.8328037
358,358,E14001421,Peckham,0.86999893
359,359,E14001422,Pendle and Clitheroe,0.75625515
360,360,E14001423,Penistone and Stocksbridge,0.7527113
361,361,E14001424,Penrith and Solway,0.6697563
362,362,E14001425,Peterborough,0.872763
363,363,E14001426,Plymouth Moor View,0.6291995
364,364,E14001427,Plymouth Sutton and Devonport,0.6283674
365,365,E14001428,"Pontefract, Castleford and Knottingley",0.79362774
366,366,E14001429,Poole,0.7283354
367,367,E14001430,Poplar and Limehouse,0.87035847
368,368,E14001431,Portsmouth North,0.7686243
369,369,E14001432,Portsmouth South,0.7686243
370,370,E14001433,Preston,0.7054291
371,371,E14001434,Putney,0.8674698
372,372,E14001435,Queen's Park and Maida Vale,0.8674698
373,373,E14001436,Rawmarsh and Conisbrough,0.80421543
374,374,E14001437,Rayleigh and Wickford,0.8575039
375,375,E14001438,Reading Central,0.8362608
376,376,E14001439,Reading West and Mid Berkshire,0.8234875
377,377,E14001440,Redcar,0.73509026
378,378,E14001441,Redditch,0.7954941
379,379,E14001442,Reigate,0.85696316
380,380,E14001443,Ribble Valley,0.717822
381,381,E14001444,Richmond and Northallerton,0.7481717
382,382,E14001445,Richmond Park,0.8622656
383,383,E14001446,Rochdale,0.7388425
384,384,E14001447,Rochester and Strood,0.8619283
385,385,E14001448,Romford,0.86135006
386,386,E14001449,Romsey and Southampton North,0.7850531
387,387,E14001450,Rossendale and Darwen,0.73431766
388,388,E14001451,Rother Valley,0.80981493
389,389,E14001452,Rotherham,0.8048878
390,390,E14001453,Rugby,0.8200337
391,391,E14001454,"Ruislip, Northwood and Pinner",0.85751057
392,392,E14001455,Runcorn and Helsby,0.7482629
393,393,E14001456,Runnymede and Weybridge,0.8593025
394,394,E14001457,Rushcliffe,0.83543235
395,395,E14001458,Rutland and Stamford,0.8496483
396,396,E14001459,Salford,0.7532339
397,397,E14001460,Salisbury,0.76139176
398,398,E14001461,Scarborough and Whitby,0.7533896
399,399,E14001462,Scunthorpe,0.7769554
400,400,E14001463,Sefton Central,0.70494175
401,401,E14001464,Selby,0.78452504
402,402,E14001465,Sevenoaks,0.858476
403,403,E14001466,Sheffield Brightside and Hillsborough,0.7846432
404,404,E14001467,Sheffield Central,0.7846432
405,405,E14001468,Sheffield Hallam,0.76197386
406,406,E14001469,Sheffield Heeley,0.7846432
407,407,E14001470,Sheffield South East,0.8048878
408,408,E14001471,Sherwood Forest,0.82156944
409,409,E14001472,Shipley,0.7437947
410,410,E14001473,Shrewsbury,0.7654891
411,411,E14001474,Sittingbourne and Sheppey,0.8732443
412,412,E14001475,Skipton and Ripon,0.7494899
413,413,E14001476,Sleaford and North Hykeham,0.8229243
414,414,E14001477,Slough,0.8539953
415,415,E14001478,Smethwick,0.7869091
416,416,E14001479,Solihull West and Shirley,0.80127716
417,417,E14001480,South Basildon and East Thurrock,0.8595562
418,418,E14001481,South Cambridgeshire,0.8813748
419,419,E14001482,South Cotswolds,0.7656604
420,420,E14001483,South Derbyshire,0.8016622
421,421,E14001484,South Devon,0.63617057
422,422,E14001485,South Dorset,0.72259873
423,423,E14001486,South East Cornwall,0.6176683
424,424,E14001487,South Holland and The Deepings,0.8546179
425,425,E14001488,South Leicestershire,0.82740325
426,426,E14001489,South Norfolk,0.8576908
427,427,E14001490,South Northamptonshire,0.8465575
428,428,E14001491,South Ribble,0.7072177
429,429,E14001492,South Shields,0.70475197
430,430,E14001493,South Shropshire,0.7606085
431,431,E14001494,South Suffolk,0.87141967
432,432,E14001495,South West Devon,0.62868476
433,433,E14001496,South West Hertfordshire,0.857522
434,434,E14001497,South West Norfolk,0.8663623
435,435,E14001498,South West Wiltshire,0.7481473
436,436,E14001499,Southampton Itchen,0.7644186
437,437,E14001500,Southampton Test,0.7644186
438,438,E14001501,Southend East and Rochford,0.8610916
439,439,E14001502,Southend West and Leigh,0.86069584
440,440,E14001503,Southgate and Wood Green,0.8662996
441,441,E14001504,Southport,0.70030403
442,442,E14001505,Spelthorne,0.8593025
443,443,E14001506,Spen Valley,0.7532053
444,444,E14001507,St Albans,0.8606472
445,445,E14001508,St Austell and Newquay,0.6080353
446,446,E14001509,St Helens North,0.7189903
447,447,E14001510,St Helens South and Whiston,0.7367506
448,448,E14001511,St Ives,0.59183055
449,449,E14001512,St Neots and Mid Cambridgeshire,0.8821523
450,450,E14001513,Stafford,0.7697023
451,451,E14001514,Staffordshire Moorlands,0.7434463
452,452,E14001515,Stalybridge and Hyde,0.73532724
453,453,E14001516,Stevenage,0.87075615
454,454,E14001517,Stockport,0.7569628
455,455,E14001518,Stockton North,0.7355118
456,456,E14001519,Stockton West,0.7448286
457,457,E14001520,Stoke-on-Trent Central,0.7629528
458,458,E14001521,Stoke-on-Trent North,0.760849
459,459,E14001522,Stoke-on-Trent South,0.76135445
460,460,E14001523,"Stone, Great Wyrley and Penkridge",0.7727674
461,461,E14001524,Stourbridge,0.7833586
462,462,E14001525,Stratford and Bow,0.87035847
463,463,E14001526,Stratford-on-Avon,0.8094387
464,464,E14001527,Streatham and Croydon North,0.86095524
465,465,E14001528,Stretford and Urmston,0.7538767
466,466,E14001529,Stroud,0.75500655
467,467,E14001530,Suffolk Coastal,0.8835
468,468,E14001531,Sunderland Central,0.707901
469,469,E14001532,Surrey Heath,0.847559
470,470,E14001533,Sussex Weald,0.8430338
471,471,E14001534,Sutton and Cheam,0.8612766
472,472,E14001535,Sutton Coldfield,0.7968216
473,473,E14001536,Swindon North,0.7921376
474,474,E14001537,Swindon South,0.7890644
475,475,E14001538,Tamworth,0.80081207
476,476,E14001539,Tatton,0.7575161
477,477,E14001540,Taunton and Wellington,0.71779984
478,478,E14001541,Telford,0.7731371
479,479,E14001542,Tewkesbury,0.78587174
480,480,E14001543,The Wrekin,0.7730549
481,481,E14001544,Thirsk and Malton,0.7505191
482,482,E14001545,Thornbury and Yate,0.73831624
483,483,E14001546,Thurrock,0.8603258
484,484,E14001547,Tipton and Wednesbury,0.7833586
485,485,E14001548,Tiverton and Minehead,0.6817916
486,486,E14001549,Tonbridge,0.85671645
487,487,E14001550,Tooting,0.8612766
488,488,E14001551,Torbay,0.64607906
489,489,E14001552,Torridge and Tavistock,0.634643
490,490,E14001553,Tottenham,0.8662996
491,491,E14001554,Truro and Falmouth,0.60202885
492,492,E14001555,Tunbridge Wells,0.8585677
493,493,E14001556,Twickenham,0.861454
494,494,E14001557,Tynemouth,0.70683765
495,495,E14001558,Uxbridge and South Ruislip,0.85757446
496,496,E14001559,Vauxhall and Camberwell Green,0.86999893
497,497,E14001560,Wakefield and Rothwell,0.7797165
498,498,E14001561,Wallasey,0.7085905
499,499,E14001562,Walsall and Bloxwich,0.7837677
500,500,E14001563,Walthamstow,0.8696461
501,501,E14001564,Warrington North,0.7455387
502,502,E14001565,Warrington South,0.74262905
503,503,E14001566,Warwick and Leamington,0.81662846
504,504,E14001567,Washington and Gateshead South,0.7096052
505,505,E14001568,Watford,0.857522
506,506,E14001569,Waveney Valley,0.861169
507,507,E14001570,Weald of Kent,0.8697576
508,508,E14001571,Wellingborough and Rushden,0.86334705
509,509,E14001572,Wells and Mendip Hills,0.72514534
510,510,E14001573,Welwyn Hatfield,0.8688526
511,511,E14001574,West Bromwich,0.7869091
512,512,E14001575,West Dorset,0.7159004
513,513,E14001576,West Ham and Beckton,0.86569977
514,514,E14001577,West Lancashire,0.7058706
515,515,E14001578,West Suffolk,0.87429947
516,516,E14001579,West Worcestershire,0.7819582
517,517,E14001580,Westmorland and Lonsdale,0.7019578
518,518,E14001581,Weston-super-Mare,0.7265701
519,519,E14001582,Wetherby and Easingwold,0.77226204
520,520,E14001583,Whitehaven and Workington,0.65869564
521,521,E14001584,Widnes and Halewood,0.7283268
522,522,E14001585,Wigan,0.71346664
523,523,E14001586,Wimbledon,0.8612766
524,524,E14001587,Winchester,0.7920825
525,525,E14001588,Windsor,0.8554125
526,526,E14001589,Wirral West,0.71841717
527,527,E14001590,Witham,0.8601234
528,528,E14001591,Witney,0.81506956
529,529,E14001592,Woking,0.8518944
530,530,E14001593,Wokingham,0.8411236
531,531,E14001594,Wolverhampton North East,0.7800894
532,532,E14001595,Wolverhampton South East,0.7800894
533,533,E14001596,Wolverhampton West,0.7774925
534,534,E14001597,Worcester,0.78842926
535,535,E14001598,Worsley and Eccles,0.74351406
536,536,E14001599,Worthing West,0.7998142
537,537,E14001600,Wycombe,0.8396187
538,538,E14001601,Wyre Forest,0.78178596
539,539,E14001602,Wythenshawe and Sale East,0.7572508
540,540,E14001603,Yeovil,0.72453284
541,541,E14001604,York Central,0.76202106
542,542,E14001605,York Outer,0.76253796
543,543,N05000001,Belfast East,0.5088606
544,544,N05000002,Belfast North,0.48967552
545,545,N05000003,Belfast South and Mid Down,0.50027466
546,546,N05000004,Belfast West,0.48967552
547,547,N05000005,East Antrim,0.504602
548,548,N05000006,East Londonderry,0.5025804
549,549,N05000007,Fermanagh and South Tyrone,0.47711813
550,550,N05000008,Foyle,0.48470736
551,551,N05000009,Lagan Valley,0.4840949
552,552,N05000010,Mid Ulster,0.4926035
553,553,N05000011,Newry and Armagh,0.486228
554,554,N05000012,North Antrim,0.5093117
555,555,N05000013,North Down,0.5262041
556,556,N05000014,South Antrim,0.4879613
557,557,N05000015,South Down,0.49149305
558,558,N05000016,Strangford,0.5190697
559,559,N05000017,Upper Bann,0.49417573
560,560,N05000018,West Tyrone,0.4867423
561,561,S14000021,East Renfrewshire,0.62724483
562,562,S14000027,Na h-Eileanan an Iar,0.5219256
563,563,S14000045,Midlothian,0.63675195
564,564,S14000048,North Ayrshire and Arran,0.5914368
565,565,S14000051,Orkney and Shetland,0.53327566
566,566,S14000060,Aberdeen North,0.6366103
567,567,S14000061,Aberdeen South,0.6438074
568,568,S14000062,Aberdeenshire North and Moray East,0.6099497
569,569,S14000063,Airdrie and Shotts,0.6454704
570,570,S14000064,Alloa and Grangemouth,0.67224526
571,571,S14000065,Angus and Perthshire Glens,0.6823406
572,572,S14000066,Arbroath and Broughty Ferry,0.6381879
573,573,S14000067,"Argyll, Bute and South Lochaber",0.6587325
574,574,S14000068,Bathgate and Linlithgow,0.64894044
575,575,S14000069,"Caithness, Sutherland and Easter Ross",0.6111794
576,576,S14000070,Coatbridge and Bellshill,0.6458392
577,577,S14000071,Cowdenbeath and Kirkcaldy,0.62550735
578,578,S14000072,Cumbernauld and Kirkintilloch,0.6555457
579,579,S14000073,Dumfries and Galloway,0.62433445
580,580,S14000074,"Dumfriesshire, Clydesdale and Tweeddale",0.65084004
581,581,S14000075,Dundee Central,0.630126
582,582,S14000076,Dunfermline and Dollar,0.65226734
583,583,S14000077,East Kilbride and Strathaven,0.63141686
584,584,S14000078,Edinburgh East and Musselburgh,0.6245842
585,585,S14000079,Edinburgh North and Leith,0.6305876
586,586,S14000080,Edinburgh South,0.6305876
587,587,S14000081,Edinburgh South West,0.64011383
588,588,S14000082,Edinburgh West,0.62954044
589,589,S14000083,Falkirk,0.65514296
590,590,S14000084,Glasgow East,0.6347251
591,591,S14000085,Glasgow North,0.6480441
592,592,S14000086,Glasgow North East,0.6489582
593,593,S14000087,Glasgow South,0.63246155
594,594,S14000088,Glasgow South West,0.6480441
595,595,S14000089,Glasgow West,0.6482525
596,596,S14000090,Glenrothes and Mid Fife,0.62340283
597,597,S14000091,Gordon and Buchan,0.62252975
598,598,S14000092,Hamilton and Clyde Valley,0.63766956
599,599,S14000093,Inverclyde and Renfrewshire West,0.6418538
600,600,S14000094,"Inverness, Skye and West Ross-shire",0.66659945
601,601,S14000095,Livingston,0.64930165
602,602,S14000096,Lothian East,0.60818976
603,603,S14000097,Mid Dunbartonshire,0.662004
604,604,S14000098,"Moray West, Nairn and Strathspey",0.67863
605,605,S14000099,"Motherwell, Wishaw and Carluke",0.64474535
606,606,S14000100,North East Fife,0.6210362
607,607,S14000101,Paisley and Renfrewshire North,0.6465659
608,608,S14000102,Paisley and Renfrewshire South,0.6190076
609,609,S14000103,Perth and Kinross-shire,0.6808926
610,610,S14000104,Rutherglen,0.63681936
611,611,S14000105,Stirling and Strathallan,0.69501305
612,612,S14000106,West Dunbartonshire,0.6664584
613,613,S14000107,"Ayr, Carrick and Cumnock",0.5997432
614,614,S14000108,"Berwickshire, Roxburgh and Selkirk",0.6636703
615,615,S14000109,Central Ayrshire,0.59173995
616,616,S14000110,Kilmarnock and Loudoun,0.6107141
617,617,S14000111,West Aberdeenshire and Kincardine,0.6627638
618,618,W07000081,Aberafan Maesteg,0.6675863
619,619,W07000082,Alyn and Deeside,0.74019814
620,620,W07000083,Bangor Aberconwy,0.67827415
621,621,W07000084,Blaenau Gwent and Rhymney,0.70184326
622,622,W07000085,"Brecon, Radnor and Cwm Tawe",0.700517
623,623,W07000086,Bridgend,0.6718607
624,624,W07000087,Caerfyrddin,0.6695526
625,625,W07000088,Caerphilly,0.68638134
626,626,W07000089,Cardiff East,0.69161606
627,627,W07000090,Cardiff North,0.69161606
628,628,W07000091,Cardiff South and Penarth,0.6944752
629,629,W07000092,Cardiff West,0.6865854
630,630,W07000093,Ceredigion Preseli,0.6678176
631,631,W07000094,Clwyd East,0.7231366
632,632,W07000095,Clwyd North,0.7106371
633,633,W07000096,Dwyfor Meirionnydd,0.67074263
634,634,W07000097,Gower,0.67692506
635,635,W07000098,Llanelli,0.6756854
636,636,W07000099,Merthyr Tydfil and Aberdare,0.6853576
637,637,W07000100,Mid and South Pembrokeshire,0.612294
638,638,W07000101,Monmouthshire,0.7383886
639,639,W07000102,Montgomeryshire and Glyndwr,0.7083792
640,640,W07000103,Neath and Swansea East,0.6723172
641,641,W07000104,Newport East,0.7202015
642,642,W07000105,Newport West and Islwyn,0.6990104
643,643,W07000106,Pontypridd,0.68209076
644,644,W07000107,Rhondda and Ogmore,0.6706734
645,645,W07000108,Swansea West,0.67600155
646,646,W07000109,Torfaen,0.7056608
647,647,W07000110,Vale of Glamorgan,0.68364733
648,648,W07000111,Wrexham,0.7547178
649,649,W07000112,Ynys MÃ´n,0.6239015
