,region,constituency,name,txx_anom
0,0,E14001063,Aldershot,0.5360298
1,1,E14001064,Aldridge-Brownhills,0.54291725
2,2,E14001065,Altrincham and Sale West,0.50753784
3,3,E14001066,Amber Valley,0.5113354
4,4,E14001067,Arundel and South Downs,0.5968459
5,5,E14001068,Ashfield,0.52013016
6,6,E14001069,Ashford,0.587265
7,7,E14001070,Ashton-under-Lyne,0.44887352
8,8,E14001071,Aylesbury,0.51805115
9,9,E14001072,Banbury,0.53347397
10,10,E14001073,Barking,0.52511215
11,11,E14001074,Barnsley North,0.50227356
12,12,E14001075,Barnsley South,0.50227356
13,13,E14001076,Barrow and Furness,0.37166238
14,14,E14001077,Basildon and Billericay,0.5902157
15,15,E14001078,Basingstoke,0.6171894
16,16,E14001079,Bassetlaw,0.5293379
17,17,E14001080,Bath,0.6135292
18,18,E14001081,Battersea,0.53473854
19,19,E14001082,Beaconsfield,0.5688038
20,20,E14001083,Beckenham and Penge,0.5138149
21,21,E14001084,Bedford,0.5154724
22,22,E14001085,Bermondsey and Old Southwark,0.5138149
23,23,E14001086,Bethnal Green and Stepney,0.52456856
24,24,E14001087,Beverley and Holderness,0.4125433
25,25,E14001088,Bexhill and Battle,0.5154622
26,26,E14001089,Bexleyheath and Crayford,0.54735756
27,27,E14001090,Bicester and Woodstock,0.5362129
28,28,E14001091,Birkenhead,0.45104027
29,29,E14001092,Birmingham Edgbaston,0.53351593
30,30,E14001093,Birmingham Erdington,0.534729
31,31,E14001094,Birmingham Hall Green and Moseley,0.53351593
32,32,E14001095,Birmingham Hodge Hill and Solihull North,0.5491257
33,33,E14001096,Birmingham Ladywood,0.53351593
34,34,E14001097,Birmingham Northfield,0.53351593
35,35,E14001098,Birmingham Perry Barr,0.54291725
36,36,E14001099,Birmingham Selly Oak,0.53351593
37,37,E14001100,Birmingham Yardley,0.5491257
38,38,E14001101,Bishop Auckland,0.3869711
39,39,E14001102,Blackburn,0.46466446
40,40,E14001103,Blackley and Middleton South,0.4775238
41,41,E14001104,Blackpool North and Fleetwood,0.38238335
42,42,E14001105,Blackpool South,0.4441967
43,43,E14001106,Blaydon and Consett,0.33872414
44,44,E14001107,Blyth and Ashington,0.2809105
45,45,E14001108,Bognor Regis and Littlehampton,0.54766846
46,46,E14001109,Bolsover,0.5065117
47,47,E14001110,Bolton North East,0.49276543
48,48,E14001111,Bolton South and Walkden,0.49276543
49,49,E14001112,Bolton West,0.48435974
50,50,E14001113,Bootle,0.49349022
51,51,E14001114,Boston and Skegness,0.42273077
52,52,E14001115,Bournemouth East,0.5011654
53,53,E14001116,Bournemouth West,0.47216415
54,54,E14001117,Bracknell,0.5360298
55,55,E14001118,Bradford East,0.45248222
56,56,E14001119,Bradford South,0.44185066
57,57,E14001120,Bradford West,0.44185066
58,58,E14001121,Braintree,0.5643543
59,59,E14001122,Brent East,0.5476093
60,60,E14001123,Brent West,0.550724
61,61,E14001124,Brentford and Isleworth,0.5397358
62,62,E14001125,Brentwood and Ongar,0.5975828
63,63,E14001126,Bridgwater,0.62548447
64,64,E14001127,Bridlington and The Wolds,0.42396
65,65,E14001128,Brigg and Immingham,0.36045647
66,66,E14001129,Brighton Kemptown and Peacehaven,0.49020767
67,67,E14001130,Brighton Pavilion,0.4932785
68,68,E14001131,Bristol Central,0.62026024
69,69,E14001132,Bristol East,0.62026024
70,70,E14001133,Bristol North East,0.62026024
71,71,E14001134,Bristol North West,0.5892086
72,72,E14001135,Bristol South,0.62026024
73,73,E14001136,Broadland and Fakenham,0.48467922
74,74,E14001137,Bromley and Biggin Hill,0.6106396
75,75,E14001138,Bromsgrove,0.5363159
76,76,E14001139,Broxbourne,0.51659775
77,77,E14001140,Broxtowe,0.53546524
78,78,E14001141,Buckingham and Bletchley,0.49980545
79,79,E14001142,Burnley,0.44719887
80,80,E14001143,Burton and Uttoxeter,0.5126114
81,81,E14001144,Bury North,0.49061394
82,82,E14001145,Bury South,0.49061394
83,83,E14001146,Bury St Edmunds and Stowmarket,0.5380179
84,84,E14001147,Calder Valley,0.446198
85,85,E14001148,Camborne and Redruth,0.53189754
86,86,E14001149,Cambridge,0.53910446
87,87,E14001150,Cannock Chase,0.52228737
88,88,E14001151,Canterbury,0.5701113
89,89,E14001152,Carlisle,0.4368583
90,90,E14001153,Carshalton and Wallington,0.59654427
91,91,E14001154,Castle Point,0.58436584
92,92,E14001155,Central Devon,0.5654058
93,93,E14001156,Central Suffolk and North Ipswich,0.51855326
94,94,E14001157,Chatham and Aylesford,0.6756172
95,95,E14001158,Cheadle,0.44692802
96,96,E14001159,Chelmsford,0.60456467
97,97,E14001160,Chelsea and Fulham,0.53473854
98,98,E14001161,Cheltenham,0.5777645
99,99,E14001162,Chesham and Amersham,0.5514374
100,100,E14001163,Chester North and Neston,0.4929886
101,101,E14001164,Chester South and Eddisbury,0.49968606
102,102,E14001165,Chesterfield,0.49030876
103,103,E14001166,Chichester,0.5191331
104,104,E14001167,Chingford and Woodford Green,0.52511215
105,105,E14001168,Chippenham,0.59694004
106,106,E14001169,Chipping Barnet,0.5240307
107,107,E14001170,Chorley,0.46466446
108,108,E14001171,Christchurch,0.506649
109,109,E14001172,Cities of London and Westminster,0.52456856
110,110,E14001173,City of Durham,0.32306385
111,111,E14001174,Clacton,0.51719666
112,112,E14001175,Clapham and Brixton Hill,0.53473854
113,113,E14001176,Colchester,0.5428295
114,114,E14001177,Colne Valley,0.4270153
115,115,E14001178,Congleton,0.45529747
116,116,E14001179,Corby and East Northamptonshire,0.565783
117,117,E14001180,Coventry East,0.5306301
118,118,E14001181,Coventry North West,0.5375118
119,119,E14001182,Coventry South,0.5375118
120,120,E14001183,Cramlington and Killingworth,0.23201084
121,121,E14001184,Crawley,0.6133156
122,122,E14001185,Crewe and Nantwich,0.47439957
123,123,E14001186,Croydon East,0.600399
124,124,E14001187,Croydon South,0.600399
125,125,E14001188,Croydon West,0.5138149
126,126,E14001189,Dagenham and Rainham,0.53941727
127,127,E14001190,Darlington,0.41532612
128,128,E14001191,Dartford,0.5641117
129,129,E14001192,Daventry,0.52135247
130,130,E14001193,Derby North,0.5279541
131,131,E14001194,Derby South,0.5279541
132,132,E14001195,Derbyshire Dales,0.46790624
133,133,E14001196,Dewsbury and Batley,0.45939445
134,134,E14001197,Didcot and Wantage,0.55857503
135,135,E14001198,Doncaster Central,0.51791954
136,136,E14001199,Doncaster East and the Isle of Axholme,0.4957533
137,137,E14001200,Doncaster North,0.50965023
138,138,E14001201,Dorking and Horley,0.6083336
139,139,E14001202,Dover and Deal,0.5354786
140,140,E14001203,Droitwich and Evesham,0.5524168
141,141,E14001204,Dudley,0.56772995
142,142,E14001205,Dulwich and West Norwood,0.5138149
143,143,E14001206,Dunstable and Leighton Buzzard,0.5192814
144,144,E14001207,Ealing Central and Acton,0.550724
145,145,E14001208,Ealing North,0.550724
146,146,E14001209,Ealing Southall,0.550724
147,147,E14001210,Earley and Woodley,0.545372
148,148,E14001211,Easington,0.36419678
149,149,E14001212,East Grinstead and Uckfield,0.5938212
150,150,E14001213,East Ham,0.52511215
151,151,E14001214,East Hampshire,0.59599495
152,152,E14001215,East Surrey,0.6075001
153,153,E14001216,East Thanet,0.4739914
154,154,E14001217,East Wiltshire,0.6125194
155,155,E14001218,East Worthing and Shoreham,0.5347748
156,156,E14001219,Eastbourne,0.48363686
157,157,E14001220,Eastleigh,0.55734634
158,158,E14001221,Edmonton and Winchmore Hill,0.51659775
159,159,E14001222,Ellesmere Port and Bromborough,0.4449005
160,160,E14001223,Eltham and Chislehurst,0.5321903
161,161,E14001224,Ely and East Cambridgeshire,0.5163371
162,162,E14001225,Enfield North,0.51659775
163,163,E14001226,Epping Forest,0.55618095
164,164,E14001227,Epsom and Ewell,0.58028793
165,165,E14001228,Erewash,0.53546524
166,166,E14001229,Erith and Thamesmead,0.5321903
167,167,E14001230,Esher and Walton,0.5397358
168,168,E14001231,Exeter,0.51229095
169,169,E14001232,Exmouth and Exeter East,0.49558926
170,170,E14001233,Fareham and Waterlooville,0.57151794
171,171,E14001234,Farnham and Bordon,0.56783867
172,172,E14001235,Faversham and Mid Kent,0.6300049
173,173,E14001236,Feltham and Heston,0.55692863
174,174,E14001237,Filton and Bradley Stoke,0.5807724
175,175,E14001238,Finchley and Golders Green,0.5476093
176,176,E14001239,Folkestone and Hythe,0.48654652
177,177,E14001240,Forest of Dean,0.5914402
178,178,E14001241,Frome and East Somerset,0.62200356
179,179,E14001242,Fylde,0.38231087
180,180,E14001243,Gainsborough,0.4461441
181,181,E14001244,Gateshead Central and Whickham,0.29133606
182,182,E14001245,Gedling,0.5558033
183,183,E14001246,Gillingham and Rainham,0.6708069
184,184,E14001247,Glastonbury and Somerton,0.64366674
185,185,E14001248,Gloucester,0.5755367
186,186,E14001249,Godalming and Ash,0.58405304
187,187,E14001250,Goole and Pocklington,0.4276867
188,188,E14001251,Gorton and Denton,0.46059036
189,189,E14001252,Gosport,0.48296356
190,190,E14001253,Grantham and Bourne,0.55923
191,191,E14001254,Gravesham,0.59682274
192,192,E14001255,Great Grimsby and Cleethorpes,0.37813568
193,193,E14001256,Great Yarmouth,0.4200929
194,194,E14001257,Greenwich and Woolwich,0.5321903
195,195,E14001258,Guildford,0.58083344
196,196,E14001259,Hackney North and Stoke Newington,0.52456856
197,197,E14001260,Hackney South and Shoreditch,0.52456856
198,198,E14001261,Halesowen,0.54445076
199,199,E14001262,Halifax,0.4405365
200,200,E14001263,Hamble Valley,0.44952393
201,201,E14001264,Hammersmith and Chiswick,0.53473854
202,202,E14001265,Hampstead and Highgate,0.5476093
203,203,E14001266,"Harborough, Oadby and Wigston",0.5343008
204,204,E14001267,Harlow,0.5749855
205,205,E14001268,Harpenden and Berkhamsted,0.524528
206,206,E14001269,Harrogate and Knaresborough,0.44941902
207,207,E14001270,Harrow East,0.550724
208,208,E14001271,Harrow West,0.550724
209,209,E14001272,Hartlepool,0.26886177
210,210,E14001273,Harwich and North Essex,0.52398205
211,211,E14001274,Hastings and Rye,0.48220634
212,212,E14001275,Havant,0.43988037
213,213,E14001276,Hayes and Harlington,0.55692863
214,214,E14001277,Hazel Grove,0.44887352
215,215,E14001278,Hemel Hempstead,0.53352356
216,216,E14001279,Hendon,0.5476093
217,217,E14001280,Henley and Thame,0.5534258
218,218,E14001281,Hereford and South Herefordshire,0.6280673
219,219,E14001282,Herne Bay and Sandwich,0.56539536
220,220,E14001283,Hertford and Stortford,0.5358753
221,221,E14001284,Hertsmere,0.53271484
222,222,E14001285,Hexham,0.3863383
223,223,E14001286,Heywood and Middleton North,0.4775238
224,224,E14001287,High Peak,0.43651342
225,225,E14001288,Hinckley and Bosworth,0.50495434
226,226,E14001289,Hitchin,0.5367632
227,227,E14001290,Holborn and St Pancras,0.5476093
228,228,E14001291,Honiton and Sidmouth,0.5569396
229,229,E14001292,Hornchurch and Upminster,0.5881157
230,230,E14001293,Hornsey and Friern Barnet,0.5476093
231,231,E14001294,Horsham,0.6117821
232,232,E14001295,Houghton and Sunderland South,0.22315979
233,233,E14001296,Hove and Portslade,0.4932785
234,234,E14001297,Huddersfield,0.43688774
235,235,E14001298,Huntingdon,0.5470743
236,236,E14001299,Hyndburn,0.46461678
237,237,E14001300,Ilford North,0.52511215
238,238,E14001301,Ilford South,0.52511215
239,239,E14001302,Ipswich,0.52581596
240,240,E14001303,Isle of Wight East,0.5241604
241,241,E14001304,Isle of Wight West,0.47787952
242,242,E14001305,Islington North,0.52456856
243,243,E14001306,Islington South and Finsbury,0.52456856
244,244,E14001307,Jarrow and Gateshead East,0.24276161
245,245,E14001308,Keighley and Ilkley,0.42136702
246,246,E14001309,Kenilworth and Southam,0.51266515
247,247,E14001310,Kensington and Bayswater,0.5476093
248,248,E14001311,Kettering,0.55223846
249,249,E14001312,Kingston and Surbiton,0.5397358
250,250,E14001313,Kingston upon Hull East,0.3853817
251,251,E14001314,Kingston upon Hull North and Cottingham,0.3596325
252,252,E14001315,Kingston upon Hull West and Haltemprice,0.33408356
253,253,E14001316,Kingswinford and South Staffordshire,0.5672407
254,254,E14001317,Knowsley,0.4849701
255,255,E14001318,Lancaster and Wyre,0.34320354
256,256,E14001319,Leeds Central and Headingley,0.46033096
257,257,E14001320,Leeds East,0.44931602
258,258,E14001321,Leeds North East,0.46033096
259,259,E14001322,Leeds North West,0.45248222
260,260,E14001323,Leeds South,0.46033096
261,261,E14001324,Leeds South West and Morley,0.46033096
262,262,E14001325,Leeds West and Pudsey,0.45248222
263,263,E14001326,Leicester East,0.5351124
264,264,E14001327,Leicester South,0.5287895
265,265,E14001328,Leicester West,0.5209999
266,266,E14001329,Leigh and Atherton,0.5094433
267,267,E14001330,Lewes,0.5067682
268,268,E14001331,Lewisham East,0.5138149
269,269,E14001332,Lewisham North,0.5138149
270,270,E14001333,Lewisham West and East Dulwich,0.5138149
271,271,E14001334,Leyton and Wanstead,0.52511215
272,272,E14001335,Lichfield,0.5175686
273,273,E14001336,Lincoln,0.52178955
274,274,E14001337,Liverpool Garston,0.4548664
275,275,E14001338,Liverpool Riverside,0.49349022
276,276,E14001339,Liverpool Walton,0.49349022
277,277,E14001340,Liverpool Wavertree,0.49349022
278,278,E14001341,Liverpool West Derby,0.49349022
279,279,E14001342,Loughborough,0.5379219
280,280,E14001343,Louth and Horncastle,0.37155238
281,281,E14001344,Lowestoft,0.43260765
282,282,E14001345,Luton North,0.52378654
283,283,E14001346,Luton South and South Bedfordshire,0.5264549
284,284,E14001347,Macclesfield,0.4359398
285,285,E14001348,Maidenhead,0.53064156
286,286,E14001349,Maidstone and Malling,0.6756172
287,287,E14001350,Makerfield,0.4852314
288,288,E14001351,Maldon,0.5909592
289,289,E14001352,Manchester Central,0.46059036
290,290,E14001353,Manchester Rusholme,0.46059036
291,291,E14001354,Manchester Withington,0.49871063
292,292,E14001355,Mansfield,0.52256775
293,293,E14001356,Melksham and Devizes,0.61474705
294,294,E14001357,Melton and Syston,0.55067146
295,295,E14001358,Meriden and Solihull East,0.5381012
296,296,E14001359,Mid Bedfordshire,0.5080776
297,297,E14001360,Mid Buckinghamshire,0.5355522
298,298,E14001361,Mid Cheshire,0.48314476
299,299,E14001362,Mid Derbyshire,0.5164356
300,300,E14001363,Mid Dorset and North Poole,0.505647
301,301,E14001364,Mid Leicestershire,0.5124731
302,302,E14001365,Mid Norfolk,0.5249176
303,303,E14001366,Mid Sussex,0.5669193
304,304,E14001367,Middlesbrough and Thornaby East,0.34649658
305,305,E14001368,Middlesbrough South and East Cleveland,0.29174232
306,306,E14001369,Milton Keynes Central,0.50164795
307,307,E14001370,Milton Keynes North,0.5040811
308,308,E14001371,Mitcham and Morden,0.53473854
309,309,E14001372,Morecambe and Lunesdale,0.37340763
310,310,E14001373,New Forest East,0.513381
311,311,E14001374,New Forest West,0.5939121
312,312,E14001375,Newark,0.5494089
313,313,E14001376,Newbury,0.5776806
314,314,E14001377,Newcastle upon Tyne Central and West,0.29133606
315,315,E14001378,Newcastle upon Tyne East and Wallsend,0.24276161
316,316,E14001379,Newcastle upon Tyne North,0.22147942
317,317,E14001380,Newcastle-under-Lyme,0.45432472
318,318,E14001381,Newton Abbot,0.503952
319,319,E14001382,Newton Aycliffe and Spennymoor,0.32153034
320,320,E14001383,Normanton and Hemsworth,0.4741192
321,321,E14001384,North Bedfordshire,0.5263815
322,322,E14001385,North Cornwall,0.5793556
323,323,E14001386,North Cotswolds,0.56089187
324,324,E14001387,North Devon,0.58587503
325,325,E14001388,North Dorset,0.62209266
326,326,E14001389,North Durham,0.34581375
327,327,E14001390,North East Cambridgeshire,0.55942917
328,328,E14001391,North East Derbyshire,0.49293518
329,329,E14001392,North East Hampshire,0.55658054
330,330,E14001393,North East Hertfordshire,0.5747204
331,331,E14001394,North East Somerset and Hanham,0.62110806
332,332,E14001395,North Herefordshire,0.61122876
333,333,E14001396,North Norfolk,0.42557493
334,334,E14001397,North Northumberland,0.3305678
335,335,E14001398,North Shropshire,0.5248323
336,336,E14001399,North Somerset,0.6141815
337,337,E14001400,North Warwickshire and Bedworth,0.5193472
338,338,E14001401,North West Cambridgeshire,0.5600071
339,339,E14001402,North West Essex,0.5910767
340,340,E14001403,North West Hampshire,0.6093464
341,341,E14001404,North West Leicestershire,0.50497437
342,342,E14001405,North West Norfolk,0.50266564
343,343,E14001406,Northampton North,0.5158634
344,344,E14001407,Northampton South,0.51431274
345,345,E14001408,Norwich North,0.48399353
346,346,E14001409,Norwich South,0.4982853
347,347,E14001410,Nottingham East,0.53630257
348,348,E14001411,Nottingham North and Kimberley,0.53630257
349,349,E14001412,Nottingham South,0.53630257
350,350,E14001413,Nuneaton,0.5063667
351,351,E14001414,Old Bexley and Sidcup,0.54735756
352,352,E14001415,Oldham East and Saddleworth,0.44699097
353,353,E14001416,"Oldham West, Chadderton and Royton",0.4775238
354,354,E14001417,Orpington,0.6106396
355,355,E14001418,Ossett and Denby Dale,0.4568243
356,356,E14001419,Oxford East,0.5390587
357,357,E14001420,Oxford West and Abingdon,0.5336571
358,358,E14001421,Peckham,0.5138149
359,359,E14001422,Pendle and Clitheroe,0.42911053
360,360,E14001423,Penistone and Stocksbridge,0.45486197
361,361,E14001424,Penrith and Solway,0.39284578
362,362,E14001425,Peterborough,0.55708694
363,363,E14001426,Plymouth Moor View,0.5167694
364,364,E14001427,Plymouth Sutton and Devonport,0.5167694
365,365,E14001428,"Pontefract, Castleford and Knottingley",0.47552872
366,366,E14001429,Poole,0.47216415
367,367,E14001430,Poplar and Limehouse,0.52456856
368,368,E14001431,Portsmouth North,0.43523216
369,369,E14001432,Portsmouth South,0.43523216
370,370,E14001433,Preston,0.41819
371,371,E14001434,Putney,0.53473854
372,372,E14001435,Queen's Park and Maida Vale,0.5476093
373,373,E14001436,Rawmarsh and Conisbrough,0.5304184
374,374,E14001437,Rayleigh and Wickford,0.58436584
375,375,E14001438,Reading Central,0.545372
376,376,E14001439,Reading West and Mid Berkshire,0.54705334
377,377,E14001440,Redcar,0.31207848
378,378,E14001441,Redditch,0.5307064
379,379,E14001442,Reigate,0.59654427
380,380,E14001443,Ribble Valley,0.42577934
381,381,E14001444,Richmond and Northallerton,0.40874964
382,382,E14001445,Richmond Park,0.5397358
383,383,E14001446,Rochdale,0.45815468
384,384,E14001447,Rochester and Strood,0.57785225
385,385,E14001448,Romford,0.53941727
386,386,E14001449,Romsey and Southampton North,0.62833166
387,387,E14001450,Rossendale and Darwen,0.4627037
388,388,E14001451,Rother Valley,0.53232384
389,389,E14001452,Rotherham,0.51532745
390,390,E14001453,Rugby,0.51369476
391,391,E14001454,"Ruislip, Northwood and Pinner",0.5533085
392,392,E14001455,Runcorn and Helsby,0.47382832
393,393,E14001456,Runnymede and Weybridge,0.58083344
394,394,E14001457,Rushcliffe,0.5413866
395,395,E14001458,Rutland and Stamford,0.5668046
396,396,E14001459,Salford,0.49871063
397,397,E14001460,Salisbury,0.63358563
398,398,E14001461,Scarborough and Whitby,0.3498055
399,399,E14001462,Scunthorpe,0.4144834
400,400,E14001463,Sefton Central,0.422678
401,401,E14001464,Selby,0.455719
402,402,E14001465,Sevenoaks,0.61592865
403,403,E14001466,Sheffield Brightside and Hillsborough,0.49442673
404,404,E14001467,Sheffield Central,0.49402046
405,405,E14001468,Sheffield Hallam,0.45466042
406,406,E14001469,Sheffield Heeley,0.49402046
407,407,E14001470,Sheffield South East,0.49442673
408,408,E14001471,Sherwood Forest,0.54634285
409,409,E14001472,Shipley,0.44185066
410,410,E14001473,Shrewsbury,0.5429144
411,411,E14001474,Sittingbourne and Sheppey,0.5547943
412,412,E14001475,Skipton and Ripon,0.40642148
413,413,E14001476,Sleaford and North Hykeham,0.53290147
414,414,E14001477,Slough,0.57203865
415,415,E14001478,Smethwick,0.53351593
416,416,E14001479,Solihull West and Shirley,0.5491257
417,417,E14001480,South Basildon and East Thurrock,0.5902157
418,418,E14001481,South Cambridgeshire,0.55163413
419,419,E14001482,South Cotswolds,0.5641759
420,420,E14001483,South Derbyshire,0.5061569
421,421,E14001484,South Devon,0.5135094
422,422,E14001485,South Dorset,0.53998756
423,423,E14001486,South East Cornwall,0.54087067
424,424,E14001487,South Holland and The Deepings,0.5370317
425,425,E14001488,South Leicestershire,0.5168481
426,426,E14001489,South Norfolk,0.5060418
427,427,E14001490,South Northamptonshire,0.5244252
428,428,E14001491,South Ribble,0.45950413
429,429,E14001492,South Shields,0.2508793
430,430,E14001493,South Shropshire,0.56364274
431,431,E14001494,South Suffolk,0.5419502
432,432,E14001495,South West Devon,0.5139491
433,433,E14001496,South West Hertfordshire,0.53352356
434,434,E14001497,South West Norfolk,0.5321846
435,435,E14001498,South West Wiltshire,0.62485886
436,436,E14001499,Southampton Itchen,0.55734634
437,437,E14001500,Southampton Test,0.54986954
438,438,E14001501,Southend East and Rochford,0.5467253
439,439,E14001502,Southend West and Leigh,0.5651016
440,440,E14001503,Southgate and Wood Green,0.5240307
441,441,E14001504,Southport,0.43160915
442,442,E14001505,Spelthorne,0.55692863
443,443,E14001506,Spen Valley,0.45939445
444,444,E14001507,St Albans,0.541399
445,445,E14001508,St Austell and Newquay,0.5468998
446,446,E14001509,St Helens North,0.49386024
447,447,E14001510,St Helens South and Whiston,0.49386024
448,448,E14001511,St Ives,0.5480868
449,449,E14001512,St Neots and Mid Cambridgeshire,0.5436427
450,450,E14001513,Stafford,0.50387764
451,451,E14001514,Staffordshire Moorlands,0.43423414
452,452,E14001515,Stalybridge and Hyde,0.44887352
453,453,E14001516,Stevenage,0.54437065
454,454,E14001517,Stockport,0.46059036
455,455,E14001518,Stockton North,0.3764782
456,456,E14001519,Stockton West,0.3928566
457,457,E14001520,Stoke-on-Trent Central,0.45319748
458,458,E14001521,Stoke-on-Trent North,0.45319748
459,459,E14001522,Stoke-on-Trent South,0.46813583
460,460,E14001523,"Stone, Great Wyrley and Penkridge",0.53069687
461,461,E14001524,Stourbridge,0.54445076
462,462,E14001525,Stratford and Bow,0.52456856
463,463,E14001526,Stratford-on-Avon,0.5231258
464,464,E14001527,Streatham and Croydon North,0.5138149
465,465,E14001528,Stretford and Urmston,0.49871063
466,466,E14001529,Stroud,0.57620907
467,467,E14001530,Suffolk Coastal,0.46503106
468,468,E14001531,Sunderland Central,0.2508793
469,469,E14001532,Surrey Heath,0.53666687
470,470,E14001533,Sussex Weald,0.581715
471,471,E14001534,Sutton and Cheam,0.59654427
472,472,E14001535,Sutton Coldfield,0.534729
473,473,E14001536,Swindon North,0.56038094
474,474,E14001537,Swindon South,0.5879879
475,475,E14001538,Tamworth,0.51413727
476,476,E14001539,Tatton,0.4898777
477,477,E14001540,Taunton and Wellington,0.6283932
478,478,E14001541,Telford,0.56433105
479,479,E14001542,Tewkesbury,0.5791397
480,480,E14001543,The Wrekin,0.5541544
481,481,E14001544,Thirsk and Malton,0.41909823
482,482,E14001545,Thornbury and Yate,0.59440535
483,483,E14001546,Thurrock,0.58086586
484,484,E14001547,Tipton and Wednesbury,0.56772995
485,485,E14001548,Tiverton and Minehead,0.6004966
486,486,E14001549,Tonbridge,0.63377064
487,487,E14001550,Tooting,0.53473854
488,488,E14001551,Torbay,0.4728489
489,489,E14001552,Torridge and Tavistock,0.56569695
490,490,E14001553,Tottenham,0.52456856
491,491,E14001554,Truro and Falmouth,0.54431534
492,492,E14001555,Tunbridge Wells,0.6385212
493,493,E14001556,Twickenham,0.5397358
494,494,E14001557,Tynemouth,0.3622284
495,495,E14001558,Uxbridge and South Ruislip,0.5533085
496,496,E14001559,Vauxhall and Camberwell Green,0.5138149
497,497,E14001560,Wakefield and Rothwell,0.4741192
498,498,E14001561,Wallasey,0.5249424
499,499,E14001562,Walsall and Bloxwich,0.54291725
500,500,E14001563,Walthamstow,0.52456856
501,501,E14001564,Warrington North,0.5094433
502,502,E14001565,Warrington South,0.50780296
503,503,E14001566,Warwick and Leamington,0.51361847
504,504,E14001567,Washington and Gateshead South,0.24276161
505,505,E14001568,Watford,0.53352356
506,506,E14001569,Waveney Valley,0.5176953
507,507,E14001570,Weald of Kent,0.6206379
508,508,E14001571,Wellingborough and Rushden,0.5210047
509,509,E14001572,Wells and Mendip Hills,0.6404756
510,510,E14001573,Welwyn Hatfield,0.5219822
511,511,E14001574,West Bromwich,0.54291725
512,512,E14001575,West Dorset,0.573526
513,513,E14001576,West Ham and Beckton,0.52511215
514,514,E14001577,West Lancashire,0.462492
515,515,E14001578,West Suffolk,0.53489655
516,516,E14001579,West Worcestershire,0.5745686
517,517,E14001580,Westmorland and Lonsdale,0.39430955
518,518,E14001581,Weston-super-Mare,0.6157627
519,519,E14001582,Wetherby and Easingwold,0.46676755
520,520,E14001583,Whitehaven and Workington,0.33884096
521,521,E14001584,Widnes and Halewood,0.4548664
522,522,E14001585,Wigan,0.48479557
523,523,E14001586,Wimbledon,0.53473854
524,524,E14001587,Winchester,0.60127485
525,525,E14001588,Windsor,0.55836487
526,526,E14001589,Wirral West,0.45104027
527,527,E14001590,Witham,0.5703449
528,528,E14001591,Witney,0.5491867
529,529,E14001592,Woking,0.563179
530,530,E14001593,Wokingham,0.5287285
531,531,E14001594,Wolverhampton North East,0.56772995
532,532,E14001595,Wolverhampton South East,0.56772995
533,533,E14001596,Wolverhampton West,0.5696125
534,534,E14001597,Worcester,0.5688343
535,535,E14001598,Worsley and Eccles,0.50753784
536,536,E14001599,Worthing West,0.53858185
537,537,E14001600,Wycombe,0.5717449
538,538,E14001601,Wyre Forest,0.5648689
539,539,E14001602,Wythenshawe and Sale East,0.49871063
540,540,E14001603,Yeovil,0.62166405
541,541,E14001604,York Central,0.44363594
542,542,E14001605,York Outer,0.4506785
543,543,N05000001,Belfast East,0.42136383
544,544,N05000002,Belfast North,0.41303062
545,545,N05000003,Belfast South and Mid Down,0.43171883
546,546,N05000004,Belfast West,0.43171883
547,547,N05000005,East Antrim,0.38914633
548,548,N05000006,East Londonderry,0.36604914
549,549,N05000007,Fermanagh and South Tyrone,0.39321098
550,550,N05000008,Foyle,0.3424015
551,551,N05000009,Lagan Valley,0.4246202
552,552,N05000010,Mid Ulster,0.40389338
553,553,N05000011,Newry and Armagh,0.44090533
554,554,N05000012,North Antrim,0.37453303
555,555,N05000013,North Down,0.36457253
556,556,N05000014,South Antrim,0.39321977
557,557,N05000015,South Down,0.42937556
558,558,N05000016,Strangford,0.37210083
559,559,N05000017,Upper Bann,0.45059904
560,560,N05000018,West Tyrone,0.38626206
561,561,S14000021,East Renfrewshire,0.34380913
562,562,S14000027,Na h-Eileanan an Iar,0.17609467
563,563,S14000045,Midlothian,0.3961339
564,564,S14000048,North Ayrshire and Arran,0.31362343
565,565,S14000051,Orkney and Shetland,0.32149783
566,566,S14000060,Aberdeen North,0.37066078
567,567,S14000061,Aberdeen South,0.43641853
568,568,S14000062,Aberdeenshire North and Moray East,0.29662275
569,569,S14000063,Airdrie and Shotts,0.39697647
570,570,S14000064,Alloa and Grangemouth,0.3773117
571,571,S14000065,Angus and Perthshire Glens,0.3758649
572,572,S14000066,Arbroath and Broughty Ferry,0.32432494
573,573,S14000067,"Argyll, Bute and South Lochaber",0.3018379
574,574,S14000068,Bathgate and Linlithgow,0.39627075
575,575,S14000069,"Caithness, Sutherland and Easter Ross",0.29394236
576,576,S14000070,Coatbridge and Bellshill,0.380682
577,577,S14000071,Cowdenbeath and Kirkcaldy,0.28578758
578,578,S14000072,Cumbernauld and Kirkintilloch,0.397377
579,579,S14000073,Dumfries and Galloway,0.34812015
580,580,S14000074,"Dumfriesshire, Clydesdale and Tweeddale",0.40848374
581,581,S14000075,Dundee Central,0.3228836
582,582,S14000076,Dunfermline and Dollar,0.35107088
583,583,S14000077,East Kilbride and Strathaven,0.36413002
584,584,S14000078,Edinburgh East and Musselburgh,0.3599472
585,585,S14000079,Edinburgh North and Leith,0.34510994
586,586,S14000080,Edinburgh South,0.34510994
587,587,S14000081,Edinburgh South West,0.35440636
588,588,S14000082,Edinburgh West,0.35440636
589,589,S14000083,Falkirk,0.4141159
590,590,S14000084,Glasgow East,0.3660202
591,591,S14000085,Glasgow North,0.3593006
592,592,S14000086,Glasgow North East,0.38557434
593,593,S14000087,Glasgow South,0.3488903
594,594,S14000088,Glasgow South West,0.3488903
595,595,S14000089,Glasgow West,0.3593006
596,596,S14000090,Glenrothes and Mid Fife,0.28595638
597,597,S14000091,Gordon and Buchan,0.3383525
598,598,S14000092,Hamilton and Clyde Valley,0.39211082
599,599,S14000093,Inverclyde and Renfrewshire West,0.32216644
600,600,S14000094,"Inverness, Skye and West Ross-shire",0.29232413
601,601,S14000095,Livingston,0.38675308
602,602,S14000096,Lothian East,0.30602565
603,603,S14000097,Mid Dunbartonshire,0.37243748
604,604,S14000098,"Moray West, Nairn and Strathspey",0.36471185
605,605,S14000099,"Motherwell, Wishaw and Carluke",0.39554405
606,606,S14000100,North East Fife,0.27275825
607,607,S14000101,Paisley and Renfrewshire North,0.34130287
608,608,S14000102,Paisley and Renfrewshire South,0.34705988
609,609,S14000103,Perth and Kinross-shire,0.36089918
610,610,S14000104,Rutherglen,0.3733511
611,611,S14000105,Stirling and Strathallan,0.36864072
612,612,S14000106,West Dunbartonshire,0.34167862
613,613,S14000107,"Ayr, Carrick and Cumnock",0.3481018
614,614,S14000108,"Berwickshire, Roxburgh and Selkirk",0.41513264
615,615,S14000109,Central Ayrshire,0.34235477
616,616,S14000110,Kilmarnock and Loudoun,0.37501678
617,617,S14000111,West Aberdeenshire and Kincardine,0.37975743
618,618,W07000081,Aberafan Maesteg,0.59503365
619,619,W07000082,Alyn and Deeside,0.4827881
620,620,W07000083,Bangor Aberconwy,0.44167987
621,621,W07000084,Blaenau Gwent and Rhymney,0.6003971
622,622,W07000085,"Brecon, Radnor and Cwm Tawe",0.5616582
623,623,W07000086,Bridgend,0.5767307
624,624,W07000087,Caerfyrddin,0.59332275
625,625,W07000088,Caerphilly,0.5749645
626,626,W07000089,Cardiff East,0.5749645
627,627,W07000090,Cardiff North,0.5749645
628,628,W07000091,Cardiff South and Penarth,0.55483055
629,629,W07000092,Cardiff West,0.55882645
630,630,W07000093,Ceredigion Preseli,0.5373237
631,631,W07000094,Clwyd East,0.4276549
632,632,W07000095,Clwyd North,0.42258263
633,633,W07000096,Dwyfor Meirionnydd,0.451126
634,634,W07000097,Gower,0.5505929
635,635,W07000098,Llanelli,0.54194355
636,636,W07000099,Merthyr Tydfil and Aberdare,0.57503444
637,637,W07000100,Mid and South Pembrokeshire,0.5105076
638,638,W07000101,Monmouthshire,0.6143248
639,639,W07000102,Montgomeryshire and Glyndwr,0.5008681
640,640,W07000103,Neath and Swansea East,0.6034632
641,641,W07000104,Newport East,0.5651188
642,642,W07000105,Newport West and Islwyn,0.5735178
643,643,W07000106,Pontypridd,0.55882645
644,644,W07000107,Rhondda and Ogmore,0.5724519
645,645,W07000108,Swansea West,0.60134125
646,646,W07000109,Torfaen,0.60119057
647,647,W07000110,Vale of Glamorgan,0.56213504
648,648,W07000111,Wrexham,0.49989763
649,649,W07000112,Ynys MÃ´n,0.35480943
