,region,constituency,ensemble,period,season,name,winter_rain_2030s
0,1,E14000530,UKCP18 12km,20191201-20491130,DJF,Aldershot,0.11479519618534244
1,2,E14000531,UKCP18 12km,20191201-20491130,DJF,Aldridge-Brownhills,0.10388759777282112
2,3,E14000532,UKCP18 12km,20191201-20491130,DJF,Altrincham and Sale West,0.16607370378074457
3,4,E14000533,UKCP18 12km,20191201-20491130,DJF,Amber Valley,0.1333444099395226
4,5,E14000534,UKCP18 12km,20191201-20491130,DJF,Arundel and South Downs,0.25219004779967497
5,6,E14000535,UKCP18 12km,20191201-20491130,DJF,Ashfield,0.11877556412965877
6,7,E14000536,UKCP18 12km,20191201-20491130,DJF,Ashford,0.12841836932644238
7,8,E14000537,UKCP18 12km,20191201-20491130,DJF,Ashton-under-Lyne,0.2252829475172907
8,9,E14000538,UKCP18 12km,20191201-20491130,DJF,Aylesbury,0.13089225407769906
9,10,E14000539,UKCP18 12km,20191201-20491130,DJF,Banbury,0.11700788401118785
10,11,E14000540,UKCP18 12km,20191201-20491130,DJF,Barking,0.09500648676380985
11,12,E14000541,UKCP18 12km,20191201-20491130,DJF,Barnsley Central,0.07987552748093467
12,13,E14000542,UKCP18 12km,20191201-20491130,DJF,Barnsley East,0.08324713020417047
13,14,E14000543,UKCP18 12km,20191201-20491130,DJF,Barrow and Furness,0.4977509841075449
14,15,E14000544,UKCP18 12km,20191201-20491130,DJF,Basildon and Billericay,0.07336950108126612
15,16,E14000545,UKCP18 12km,20191201-20491130,DJF,Basingstoke,0.16579817103244096
16,17,E14000546,UKCP18 12km,20191201-20491130,DJF,Bassetlaw,0.08016202201682159
17,18,E14000547,UKCP18 12km,20191201-20491130,DJF,Bath,0.13507353952724435
18,19,E14000548,UKCP18 12km,20191201-20491130,DJF,Batley and Spen,0.06182630249154897
19,20,E14000549,UKCP18 12km,20191201-20491130,DJF,Battersea,0.11252214671846994
20,21,E14000550,UKCP18 12km,20191201-20491130,DJF,Beaconsfield,0.1401966428374688
21,22,E14000551,UKCP18 12km,20191201-20491130,DJF,Beckenham,0.101368627838939
22,23,E14000552,UKCP18 12km,20191201-20491130,DJF,Bedford,0.06685837398565242
23,24,E14000553,UKCP18 12km,20191201-20491130,DJF,Bermondsey and Old Southwark,0.1033466902334274
24,25,E14000554,UKCP18 12km,20191201-20491130,DJF,Berwick-upon-Tweed,-0.01496651334788209
25,26,E14000555,UKCP18 12km,20191201-20491130,DJF,Bethnal Green and Bow,0.11901263282192702
26,27,E14000556,UKCP18 12km,20191201-20491130,DJF,Beverley and Holderness,0.05495026231289351
27,28,E14000557,UKCP18 12km,20191201-20491130,DJF,Bexhill and Battle,0.15589563966079684
28,29,E14000558,UKCP18 12km,20191201-20491130,DJF,Bexleyheath and Crayford,0.07764916865386513
29,30,E14000559,UKCP18 12km,20191201-20491130,DJF,Birkenhead,0.08525467604244519
30,31,E14000560,UKCP18 12km,20191201-20491130,DJF,"Birmingham, Edgbaston",0.14879698907355124
31,32,E14000561,UKCP18 12km,20191201-20491130,DJF,"Birmingham, Erdington",0.12801900749224113
32,33,E14000562,UKCP18 12km,20191201-20491130,DJF,"Birmingham, Hall Green",0.1330608685745512
33,34,E14000563,UKCP18 12km,20191201-20491130,DJF,"Birmingham, Hodge Hill",0.1330608685745512
34,35,E14000564,UKCP18 12km,20191201-20491130,DJF,"Birmingham, Ladywood",0.14879698907355124
35,36,E14000565,UKCP18 12km,20191201-20491130,DJF,"Birmingham, Northfield",0.14879698907355124
36,37,E14000566,UKCP18 12km,20191201-20491130,DJF,"Birmingham, Perry Barr",0.1394204315486036
37,38,E14000567,UKCP18 12km,20191201-20491130,DJF,"Birmingham, Selly Oak",0.14879698907355124
38,39,E14000568,UKCP18 12km,20191201-20491130,DJF,"Birmingham, Yardley",0.1330608685745512
39,40,E14000569,UKCP18 12km,20191201-20491130,DJF,Bishop Auckland,-0.0075362858482245125
40,41,E14000570,UKCP18 12km,20191201-20491130,DJF,Blackburn,0.26393988512990935
41,42,E14000571,UKCP18 12km,20191201-20491130,DJF,Blackley and Broughton,0.2252829475172907
42,43,E14000572,UKCP18 12km,20191201-20491130,DJF,Blackpool North and Cleveleys,0.22378706015829483
43,44,E14000573,UKCP18 12km,20191201-20491130,DJF,Blackpool South,0.22378706015829483
44,45,E14000574,UKCP18 12km,20191201-20491130,DJF,Blaydon,-0.018249099190447936
45,46,E14000575,UKCP18 12km,20191201-20491130,DJF,Blyth Valley,-0.010673206842780189
46,47,E14000576,UKCP18 12km,20191201-20491130,DJF,Bognor Regis and Littlehampton,0.29578425702532485
47,48,E14000577,UKCP18 12km,20191201-20491130,DJF,Bolsover,0.10275531421052686
48,49,E14000578,UKCP18 12km,20191201-20491130,DJF,Bolton North East,0.25792959235396773
49,50,E14000579,UKCP18 12km,20191201-20491130,DJF,Bolton South East,0.2322543682020546
50,51,E14000580,UKCP18 12km,20191201-20491130,DJF,Bolton West,0.2355534174153163
51,52,E14000581,UKCP18 12km,20191201-20491130,DJF,Bootle,0.11695126232375541
52,53,E14000582,UKCP18 12km,20191201-20491130,DJF,Boston and Skegness,0.06637995627880003
53,54,E14000583,UKCP18 12km,20191201-20491130,DJF,Bosworth,0.10803885087206708
54,55,E14000584,UKCP18 12km,20191201-20491130,DJF,Bournemouth East,0.23245533003320487
55,56,E14000585,UKCP18 12km,20191201-20491130,DJF,Bournemouth West,0.22667734940026632
56,57,E14000586,UKCP18 12km,20191201-20491130,DJF,Bracknell,0.10773349370158385
57,58,E14000587,UKCP18 12km,20191201-20491130,DJF,Bradford East,0.05633571477771171
58,59,E14000588,UKCP18 12km,20191201-20491130,DJF,Bradford South,0.05803670108847606
59,60,E14000589,UKCP18 12km,20191201-20491130,DJF,Bradford West,0.05633571477771171
60,61,E14000590,UKCP18 12km,20191201-20491130,DJF,Braintree,0.06641579242049933
61,62,E14000591,UKCP18 12km,20191201-20491130,DJF,Brent Central,0.13222429009384898
62,63,E14000592,UKCP18 12km,20191201-20491130,DJF,Brent North,0.13222429009384898
63,64,E14000593,UKCP18 12km,20191201-20491130,DJF,Brentford and Isleworth,0.11252214671846994
64,65,E14000594,UKCP18 12km,20191201-20491130,DJF,Brentwood and Ongar,0.07924776710332532
65,66,E14000595,UKCP18 12km,20191201-20491130,DJF,Bridgwater and West Somerset,0.08182807448110994
66,67,E14000596,UKCP18 12km,20191201-20491130,DJF,Brigg and Goole,0.07595916015994994
67,68,E14000597,UKCP18 12km,20191201-20491130,DJF,"Brighton, Kemptown",0.26227438025468275
68,69,E14000598,UKCP18 12km,20191201-20491130,DJF,"Brighton, Pavilion",0.25073519547000617
69,70,E14000599,UKCP18 12km,20191201-20491130,DJF,Bristol East,0.1556093431324431
70,71,E14000600,UKCP18 12km,20191201-20491130,DJF,Bristol North West,0.1552833247681641
71,72,E14000601,UKCP18 12km,20191201-20491130,DJF,Bristol South,0.1552833247681641
72,73,E14000602,UKCP18 12km,20191201-20491130,DJF,Bristol West,0.1552833247681641
73,74,E14000603,UKCP18 12km,20191201-20491130,DJF,Broadland,-0.011531617786285796
74,75,E14000604,UKCP18 12km,20191201-20491130,DJF,Bromley and Chislehurst,0.07764916865386513
75,76,E14000605,UKCP18 12km,20191201-20491130,DJF,Bromsgrove,0.13584013302280773
76,77,E14000606,UKCP18 12km,20191201-20491130,DJF,Broxbourne,0.10169019730037072
77,78,E14000607,UKCP18 12km,20191201-20491130,DJF,Broxtowe,0.11020038010150006
78,79,E14000608,UKCP18 12km,20191201-20491130,DJF,Buckingham,0.11704627340479237
79,80,E14000609,UKCP18 12km,20191201-20491130,DJF,Burnley,0.17127864284650274
80,81,E14000610,UKCP18 12km,20191201-20491130,DJF,Burton,0.10978012019179977
81,82,E14000611,UKCP18 12km,20191201-20491130,DJF,Bury North,0.25792959235396773
82,83,E14000612,UKCP18 12km,20191201-20491130,DJF,Bury South,0.2322543682020546
83,84,E14000613,UKCP18 12km,20191201-20491130,DJF,Bury St Edmunds,0.03225959746702419
84,85,E14000614,UKCP18 12km,20191201-20491130,DJF,Calder Valley,0.10795924221274818
85,86,E14000615,UKCP18 12km,20191201-20491130,DJF,Camberwell and Peckham,0.1033466902334274
86,87,E14000616,UKCP18 12km,20191201-20491130,DJF,Camborne and Redruth,0.1905861802027048
87,88,E14000617,UKCP18 12km,20191201-20491130,DJF,Cambridge,0.06158245959384242
88,89,E14000618,UKCP18 12km,20191201-20491130,DJF,Cannock Chase,0.0969625643416131
89,90,E14000619,UKCP18 12km,20191201-20491130,DJF,Canterbury,0.09407577834619443
90,91,E14000620,UKCP18 12km,20191201-20491130,DJF,Carlisle,0.14025156312378365
91,92,E14000621,UKCP18 12km,20191201-20491130,DJF,Carshalton and Wallington,0.101368627838939
92,93,E14000622,UKCP18 12km,20191201-20491130,DJF,Castle Point,0.059441255022251206
93,94,E14000623,UKCP18 12km,20191201-20491130,DJF,Central Devon,0.0551813978209776
94,95,E14000624,UKCP18 12km,20191201-20491130,DJF,Central Suffolk and North Ipswich,0.03579959822281659
95,96,E14000625,UKCP18 12km,20191201-20491130,DJF,Charnwood,0.08651183926995916
96,97,E14000626,UKCP18 12km,20191201-20491130,DJF,Chatham and Aylesford,0.06629479904060405
97,98,E14000627,UKCP18 12km,20191201-20491130,DJF,Cheadle,0.16407455727344455
98,99,E14000628,UKCP18 12km,20191201-20491130,DJF,Chelmsford,0.07287408198022609
99,100,E14000629,UKCP18 12km,20191201-20491130,DJF,Chelsea and Fulham,0.11252214671846994
100,101,E14000630,UKCP18 12km,20191201-20491130,DJF,Cheltenham,0.1435655531708293
101,102,E14000631,UKCP18 12km,20191201-20491130,DJF,Chesham and Amersham,0.13167966264584366
102,103,E14000632,UKCP18 12km,20191201-20491130,DJF,Chesterfield,0.10305535766815237
103,104,E14000633,UKCP18 12km,20191201-20491130,DJF,Chichester,0.2771935548983511
104,105,E14000634,UKCP18 12km,20191201-20491130,DJF,Chingford and Woodford Green,0.11311958635382413
105,106,E14000635,UKCP18 12km,20191201-20491130,DJF,Chippenham,0.14203994271281975
106,107,E14000636,UKCP18 12km,20191201-20491130,DJF,Chipping Barnet,0.13176885808705377
107,108,E14000637,UKCP18 12km,20191201-20491130,DJF,Chorley,0.19304708817358887
108,109,E14000638,UKCP18 12km,20191201-20491130,DJF,Christchurch,0.23245533003320487
109,110,E14000639,UKCP18 12km,20191201-20491130,DJF,Cities of London and Westminster,0.11901263282192702
110,111,E14000640,UKCP18 12km,20191201-20491130,DJF,City of Chester,0.08287255474212589
111,112,E14000641,UKCP18 12km,20191201-20491130,DJF,City of Durham,-0.0038779999536253293
112,113,E14000642,UKCP18 12km,20191201-20491130,DJF,Clacton,0.05156611944827375
113,114,E14000643,UKCP18 12km,20191201-20491130,DJF,Cleethorpes,0.05455839673406237
114,115,E14000644,UKCP18 12km,20191201-20491130,DJF,Colchester,0.06313722503434782
115,116,E14000645,UKCP18 12km,20191201-20491130,DJF,Colne Valley,0.13595762922584678
116,117,E14000646,UKCP18 12km,20191201-20491130,DJF,Congleton,0.09881751970160468
117,118,E14000647,UKCP18 12km,20191201-20491130,DJF,Copeland,0.4564030521253534
118,119,E14000648,UKCP18 12km,20191201-20491130,DJF,Corby,0.07842182153031436
119,120,E14000649,UKCP18 12km,20191201-20491130,DJF,Coventry North East,0.1128343575646457
120,121,E14000650,UKCP18 12km,20191201-20491130,DJF,Coventry North West,0.1201274944920215
121,122,E14000651,UKCP18 12km,20191201-20491130,DJF,Coventry South,0.1128343575646457
122,123,E14000652,UKCP18 12km,20191201-20491130,DJF,Crawley,0.17682385341827178
123,124,E14000653,UKCP18 12km,20191201-20491130,DJF,Crewe and Nantwich,0.10386416739127191
124,125,E14000654,UKCP18 12km,20191201-20491130,DJF,Croydon Central,0.101368627838939
125,126,E14000655,UKCP18 12km,20191201-20491130,DJF,Croydon North,0.1033466902334274
126,127,E14000656,UKCP18 12km,20191201-20491130,DJF,Croydon South,0.101368627838939
127,128,E14000657,UKCP18 12km,20191201-20491130,DJF,Dagenham and Rainham,0.09500648676380985
128,129,E14000658,UKCP18 12km,20191201-20491130,DJF,Darlington,0.03840760054461945
129,130,E14000659,UKCP18 12km,20191201-20491130,DJF,Dartford,0.06285650145433497
130,131,E14000660,UKCP18 12km,20191201-20491130,DJF,Daventry,0.08555661406428243
131,132,E14000661,UKCP18 12km,20191201-20491130,DJF,Denton and Reddish,0.16407455727344455
132,133,E14000662,UKCP18 12km,20191201-20491130,DJF,Derby North,0.12515730887400298
133,134,E14000663,UKCP18 12km,20191201-20491130,DJF,Derby South,0.1025401190236606
134,135,E14000664,UKCP18 12km,20191201-20491130,DJF,Derbyshire Dales,0.14616291893851782
135,136,E14000665,UKCP18 12km,20191201-20491130,DJF,Devizes,0.1541196842109834
136,137,E14000666,UKCP18 12km,20191201-20491130,DJF,Dewsbury,0.05867928383008225
137,138,E14000667,UKCP18 12km,20191201-20491130,DJF,Don Valley,0.06690835962069941
138,139,E14000668,UKCP18 12km,20191201-20491130,DJF,Doncaster Central,0.06690835962069941
139,140,E14000669,UKCP18 12km,20191201-20491130,DJF,Doncaster North,0.07559738609102729
140,141,E14000670,UKCP18 12km,20191201-20491130,DJF,Dover,0.09644721464962258
141,142,E14000671,UKCP18 12km,20191201-20491130,DJF,Dudley North,0.14207305862496042
142,143,E14000672,UKCP18 12km,20191201-20491130,DJF,Dudley South,0.14207305862496042
143,144,E14000673,UKCP18 12km,20191201-20491130,DJF,Dulwich and West Norwood,0.1033466902334274
144,145,E14000674,UKCP18 12km,20191201-20491130,DJF,Ealing Central and Acton,0.13222429009384898
145,146,E14000675,UKCP18 12km,20191201-20491130,DJF,Ealing North,0.13858162568178814
146,147,E14000676,UKCP18 12km,20191201-20491130,DJF,"Ealing, Southall",0.103399430234841
147,148,E14000677,UKCP18 12km,20191201-20491130,DJF,Easington,0.012622990738596554
148,149,E14000678,UKCP18 12km,20191201-20491130,DJF,East Devon,0.12830121387436902
149,150,E14000679,UKCP18 12km,20191201-20491130,DJF,East Ham,0.09500648676380985
150,151,E14000680,UKCP18 12km,20191201-20491130,DJF,East Hampshire,0.22961136222464718
151,152,E14000681,UKCP18 12km,20191201-20491130,DJF,East Surrey,0.13956503569773612
152,153,E14000682,UKCP18 12km,20191201-20491130,DJF,East Worthing and Shoreham,0.25741452854039354
153,154,E14000683,UKCP18 12km,20191201-20491130,DJF,East Yorkshire,0.05812372108254932
154,155,E14000684,UKCP18 12km,20191201-20491130,DJF,Eastbourne,0.202266256639024
155,156,E14000685,UKCP18 12km,20191201-20491130,DJF,Eastleigh,0.27599205361691703
156,157,E14000686,UKCP18 12km,20191201-20491130,DJF,Eddisbury,0.09552903823315706
157,158,E14000687,UKCP18 12km,20191201-20491130,DJF,Edmonton,0.11311958635382413
158,159,E14000688,UKCP18 12km,20191201-20491130,DJF,Ellesmere Port and Neston,0.07017847620120461
159,160,E14000689,UKCP18 12km,20191201-20491130,DJF,Elmet and Rothwell,0.07186285762286454
160,161,E14000690,UKCP18 12km,20191201-20491130,DJF,Eltham,0.07764916865386513
161,162,E14000691,UKCP18 12km,20191201-20491130,DJF,Enfield North,0.11311958635382413
162,163,E14000692,UKCP18 12km,20191201-20491130,DJF,"Enfield, Southgate",0.11311958635382413
163,164,E14000693,UKCP18 12km,20191201-20491130,DJF,Epping Forest,0.1003842386890919
164,165,E14000694,UKCP18 12km,20191201-20491130,DJF,Epsom and Ewell,0.10649897883194914
165,166,E14000695,UKCP18 12km,20191201-20491130,DJF,Erewash,0.11020038010150006
166,167,E14000696,UKCP18 12km,20191201-20491130,DJF,Erith and Thamesmead,0.07764916865386513
167,168,E14000697,UKCP18 12km,20191201-20491130,DJF,Esher and Walton,0.10012652784005131
168,169,E14000698,UKCP18 12km,20191201-20491130,DJF,Exeter,0.06382427717562489
169,170,E14000699,UKCP18 12km,20191201-20491130,DJF,Fareham,0.27599205361691703
170,171,E14000700,UKCP18 12km,20191201-20491130,DJF,Faversham and Mid Kent,0.07827139359479
171,172,E14000701,UKCP18 12km,20191201-20491130,DJF,Feltham and Heston,0.103399430234841
172,173,E14000702,UKCP18 12km,20191201-20491130,DJF,Filton and Bradley Stoke,0.20888385835377257
173,174,E14000703,UKCP18 12km,20191201-20491130,DJF,Finchley and Golders Green,0.13222429009384898
174,175,E14000704,UKCP18 12km,20191201-20491130,DJF,Folkestone and Hythe,0.15093925291056023
175,176,E14000705,UKCP18 12km,20191201-20491130,DJF,Forest of Dean,0.1730637197978584
176,177,E14000706,UKCP18 12km,20191201-20491130,DJF,Fylde,0.22378706015829483
177,178,E14000707,UKCP18 12km,20191201-20491130,DJF,Gainsborough,0.07798724215501382
178,179,E14000708,UKCP18 12km,20191201-20491130,DJF,Garston and Halewood,0.10589784872275176
179,180,E14000709,UKCP18 12km,20191201-20491130,DJF,Gateshead,-0.011613785923096162
180,181,E14000710,UKCP18 12km,20191201-20491130,DJF,Gedling,0.09796360145205803
181,182,E14000711,UKCP18 12km,20191201-20491130,DJF,Gillingham and Rainham,0.06188346749120318
182,183,E14000712,UKCP18 12km,20191201-20491130,DJF,Gloucester,0.1388086958258065
183,184,E14000713,UKCP18 12km,20191201-20491130,DJF,Gosport,0.3155495953333389
184,185,E14000714,UKCP18 12km,20191201-20491130,DJF,Grantham and Stamford,0.05806280865553226
185,186,E14000715,UKCP18 12km,20191201-20491130,DJF,Gravesham,0.05650860030753561
186,187,E14000716,UKCP18 12km,20191201-20491130,DJF,Great Grimsby,0.05344974005607622
187,188,E14000717,UKCP18 12km,20191201-20491130,DJF,Great Yarmouth,0.0006941743844328848
188,189,E14000718,UKCP18 12km,20191201-20491130,DJF,Greenwich and Woolwich,0.07764916865386513
189,190,E14000719,UKCP18 12km,20191201-20491130,DJF,Guildford,0.13311949580052243
190,191,E14000720,UKCP18 12km,20191201-20491130,DJF,Hackney North and Stoke Newington,0.11901263282192702
191,192,E14000721,UKCP18 12km,20191201-20491130,DJF,Hackney South and Shoreditch,0.11901263282192702
192,193,E14000722,UKCP18 12km,20191201-20491130,DJF,Halesowen and Rowley Regis,0.14879698907355124
193,194,E14000723,UKCP18 12km,20191201-20491130,DJF,Halifax,0.05803670108847606
194,195,E14000724,UKCP18 12km,20191201-20491130,DJF,Haltemprice and Howden,0.0836676133587192
195,196,E14000725,UKCP18 12km,20191201-20491130,DJF,Halton,0.11377878539202546
196,197,E14000726,UKCP18 12km,20191201-20491130,DJF,Hammersmith,0.11252214671846994
197,198,E14000727,UKCP18 12km,20191201-20491130,DJF,Hampstead and Kilburn,0.13222429009384898
198,199,E14000728,UKCP18 12km,20191201-20491130,DJF,Harborough,0.08480043592242507
199,200,E14000729,UKCP18 12km,20191201-20491130,DJF,Harlow,0.09020849525507986
200,201,E14000730,UKCP18 12km,20191201-20491130,DJF,Harrogate and Knaresborough,0.08792134729646373
201,202,E14000731,UKCP18 12km,20191201-20491130,DJF,Harrow East,0.13222429009384898
202,203,E14000732,UKCP18 12km,20191201-20491130,DJF,Harrow West,0.13858162568178814
203,204,E14000733,UKCP18 12km,20191201-20491130,DJF,Hartlepool,-0.010968177990689462
204,205,E14000734,UKCP18 12km,20191201-20491130,DJF,Harwich and North Essex,0.054350821113550975
205,206,E14000735,UKCP18 12km,20191201-20491130,DJF,Hastings and Rye,0.15159467680824498
206,207,E14000736,UKCP18 12km,20191201-20491130,DJF,Havant,0.32108425607744223
207,208,E14000737,UKCP18 12km,20191201-20491130,DJF,Hayes and Harlington,0.103399430234841
208,209,E14000738,UKCP18 12km,20191201-20491130,DJF,Hazel Grove,0.16407455727344455
209,210,E14000739,UKCP18 12km,20191201-20491130,DJF,Hemel Hempstead,0.11638658138216877
210,211,E14000740,UKCP18 12km,20191201-20491130,DJF,Hemsworth,0.07934886305515089
211,212,E14000741,UKCP18 12km,20191201-20491130,DJF,Hendon,0.13222429009384898
212,213,E14000742,UKCP18 12km,20191201-20491130,DJF,Henley,0.1373855362797016
213,214,E14000743,UKCP18 12km,20191201-20491130,DJF,Hereford and South Herefordshire,0.10182545127220774
214,215,E14000744,UKCP18 12km,20191201-20491130,DJF,Hertford and Stortford,0.10169019730037072
215,216,E14000745,UKCP18 12km,20191201-20491130,DJF,Hertsmere,0.13176885808705377
216,217,E14000746,UKCP18 12km,20191201-20491130,DJF,Hexham,0.025381328892382676
217,218,E14000747,UKCP18 12km,20191201-20491130,DJF,Heywood and Middleton,0.224581893329639
218,219,E14000748,UKCP18 12km,20191201-20491130,DJF,High Peak,0.12565111618015334
219,220,E14000749,UKCP18 12km,20191201-20491130,DJF,Hitchin and Harpenden,0.11638658138216877
220,221,E14000750,UKCP18 12km,20191201-20491130,DJF,Holborn and St Pancras,0.11901263282192702
221,222,E14000751,UKCP18 12km,20191201-20491130,DJF,Hornchurch and Upminster,0.07302059307716258
222,223,E14000752,UKCP18 12km,20191201-20491130,DJF,Hornsey and Wood Green,0.11901263282192702
223,224,E14000753,UKCP18 12km,20191201-20491130,DJF,Horsham,0.20175230820477796
224,225,E14000754,UKCP18 12km,20191201-20491130,DJF,Houghton and Sunderland South,0.012622990738596554
225,226,E14000755,UKCP18 12km,20191201-20491130,DJF,Hove,0.26227438025468275
226,227,E14000756,UKCP18 12km,20191201-20491130,DJF,Huddersfield,0.06952101613841426
227,228,E14000757,UKCP18 12km,20191201-20491130,DJF,Huntingdon,0.07504815063753001
228,229,E14000758,UKCP18 12km,20191201-20491130,DJF,Hyndburn,0.23829730796591128
229,230,E14000759,UKCP18 12km,20191201-20491130,DJF,Ilford North,0.09500648676380985
230,231,E14000760,UKCP18 12km,20191201-20491130,DJF,Ilford South,0.09500648676380985
231,232,E14000761,UKCP18 12km,20191201-20491130,DJF,Ipswich,0.04490978847321717
232,233,E14000762,UKCP18 12km,20191201-20491130,DJF,Isle of Wight,0.17739381392796835
233,234,E14000763,UKCP18 12km,20191201-20491130,DJF,Islington North,0.11901263282192702
234,235,E14000764,UKCP18 12km,20191201-20491130,DJF,Islington South and Finsbury,0.11901263282192702
235,236,E14000765,UKCP18 12km,20191201-20491130,DJF,Jarrow,0.0036967129874939664
236,237,E14000766,UKCP18 12km,20191201-20491130,DJF,Keighley,0.0719045666747989
237,238,E14000767,UKCP18 12km,20191201-20491130,DJF,Kenilworth and Southam,0.09320802937778386
238,239,E14000768,UKCP18 12km,20191201-20491130,DJF,Kensington,0.13222429009384898
239,240,E14000769,UKCP18 12km,20191201-20491130,DJF,Kettering,0.08079726652123113
240,241,E14000770,UKCP18 12km,20191201-20491130,DJF,Kingston and Surbiton,0.10649897883194914
241,242,E14000771,UKCP18 12km,20191201-20491130,DJF,Kingston upon Hull East,0.06035368463468758
242,243,E14000772,UKCP18 12km,20191201-20491130,DJF,Kingston upon Hull North,0.06107954754511038
243,244,E14000773,UKCP18 12km,20191201-20491130,DJF,Kingston upon Hull West and Hessle,0.06035368463468758
244,245,E14000774,UKCP18 12km,20191201-20491130,DJF,Kingswood,0.1556093431324431
245,246,E14000775,UKCP18 12km,20191201-20491130,DJF,Knowsley,0.10589784872275176
246,247,E14000776,UKCP18 12km,20191201-20491130,DJF,Lancaster and Fleetwood,0.31699163570072986
247,248,E14000777,UKCP18 12km,20191201-20491130,DJF,Leeds Central,0.06182630249154897
248,249,E14000778,UKCP18 12km,20191201-20491130,DJF,Leeds East,0.07104892620101683
249,250,E14000779,UKCP18 12km,20191201-20491130,DJF,Leeds North East,0.06903816383242574
250,251,E14000780,UKCP18 12km,20191201-20491130,DJF,Leeds North West,0.06903816383242574
251,252,E14000781,UKCP18 12km,20191201-20491130,DJF,Leeds West,0.06903816383242574
252,253,E14000782,UKCP18 12km,20191201-20491130,DJF,Leicester East,0.085768954834337
253,254,E14000783,UKCP18 12km,20191201-20491130,DJF,Leicester South,0.085768954834337
254,255,E14000784,UKCP18 12km,20191201-20491130,DJF,Leicester West,0.085768954834337
255,256,E14000785,UKCP18 12km,20191201-20491130,DJF,Leigh,0.1879373418760094
256,257,E14000786,UKCP18 12km,20191201-20491130,DJF,Lewes,0.24513922776124505
257,258,E14000787,UKCP18 12km,20191201-20491130,DJF,Lewisham East,0.1033466902334274
258,259,E14000788,UKCP18 12km,20191201-20491130,DJF,Lewisham West and Penge,0.1033466902334274
259,260,E14000789,UKCP18 12km,20191201-20491130,DJF,"Lewisham, Deptford",0.1033466902334274
260,261,E14000790,UKCP18 12km,20191201-20491130,DJF,Leyton and Wanstead,0.11901263282192702
261,262,E14000791,UKCP18 12km,20191201-20491130,DJF,Lichfield,0.09265198603486995
262,263,E14000792,UKCP18 12km,20191201-20491130,DJF,Lincoln,0.08361032726246437
263,264,E14000793,UKCP18 12km,20191201-20491130,DJF,"Liverpool, Riverside",0.10589784872275176
264,265,E14000794,UKCP18 12km,20191201-20491130,DJF,"Liverpool, Walton",0.10589784872275176
265,266,E14000795,UKCP18 12km,20191201-20491130,DJF,"Liverpool, Wavertree",0.10589784872275176
266,267,E14000796,UKCP18 12km,20191201-20491130,DJF,"Liverpool, West Derby",0.10589784872275176
267,268,E14000797,UKCP18 12km,20191201-20491130,DJF,Loughborough,0.09754173751301698
268,269,E14000798,UKCP18 12km,20191201-20491130,DJF,Louth and Horncastle,0.057522561543807
269,270,E14000799,UKCP18 12km,20191201-20491130,DJF,Ludlow,0.09362483767048801
270,271,E14000800,UKCP18 12km,20191201-20491130,DJF,Luton North,0.09128366503659173
271,272,E14000801,UKCP18 12km,20191201-20491130,DJF,Luton South,0.09128366503659173
272,273,E14000802,UKCP18 12km,20191201-20491130,DJF,Macclesfield,0.12511052407369466
273,274,E14000803,UKCP18 12km,20191201-20491130,DJF,Maidenhead,0.12203650134490436
274,275,E14000804,UKCP18 12km,20191201-20491130,DJF,Maidstone and The Weald,0.0939556270485256
275,276,E14000805,UKCP18 12km,20191201-20491130,DJF,Makerfield,0.1520331511034508
276,277,E14000806,UKCP18 12km,20191201-20491130,DJF,Maldon,0.0677311739998425
277,278,E14000807,UKCP18 12km,20191201-20491130,DJF,Manchester Central,0.2252829475172907
278,279,E14000808,UKCP18 12km,20191201-20491130,DJF,"Manchester, Gorton",0.16407455727344455
279,280,E14000809,UKCP18 12km,20191201-20491130,DJF,"Manchester, Withington",0.16607370378074457
280,281,E14000810,UKCP18 12km,20191201-20491130,DJF,Mansfield,0.10884117878399928
281,282,E14000811,UKCP18 12km,20191201-20491130,DJF,Meon Valley,0.31206301940741143
282,283,E14000812,UKCP18 12km,20191201-20491130,DJF,Meriden,0.1201274944920215
283,284,E14000813,UKCP18 12km,20191201-20491130,DJF,Mid Bedfordshire,0.07604204993074089
284,285,E14000814,UKCP18 12km,20191201-20491130,DJF,Mid Derbyshire,0.12515730887400298
285,286,E14000815,UKCP18 12km,20191201-20491130,DJF,Mid Dorset and North Poole,0.251483828307774
286,287,E14000816,UKCP18 12km,20191201-20491130,DJF,Mid Norfolk,-0.0004020228546002855
287,288,E14000817,UKCP18 12km,20191201-20491130,DJF,Mid Sussex,0.22677258383984164
288,289,E14000818,UKCP18 12km,20191201-20491130,DJF,Mid Worcestershire,0.11039444680182087
289,290,E14000819,UKCP18 12km,20191201-20491130,DJF,Middlesbrough,-0.010968177990689462
290,291,E14000820,UKCP18 12km,20191201-20491130,DJF,Middlesbrough South and East Cleveland,-0.038820878341823906
291,292,E14000821,UKCP18 12km,20191201-20491130,DJF,Milton Keynes North,0.09710366826377588
292,293,E14000822,UKCP18 12km,20191201-20491130,DJF,Milton Keynes South,0.09427120710558057
293,294,E14000823,UKCP18 12km,20191201-20491130,DJF,Mitcham and Morden,0.11252214671846994
294,295,E14000824,UKCP18 12km,20191201-20491130,DJF,Mole Valley,0.11756006585368717
295,296,E14000825,UKCP18 12km,20191201-20491130,DJF,Morecambe and Lunesdale,0.30093769044186114
296,297,E14000826,UKCP18 12km,20191201-20491130,DJF,Morley and Outwood,0.06182630249154897
297,298,E14000827,UKCP18 12km,20191201-20491130,DJF,New Forest East,0.23451367968856016
298,299,E14000828,UKCP18 12km,20191201-20491130,DJF,New Forest West,0.22663747975117468
299,300,E14000829,UKCP18 12km,20191201-20491130,DJF,Newark,0.08673967539728937
300,301,E14000830,UKCP18 12km,20191201-20491130,DJF,Newbury,0.14631564860255122
301,302,E14000831,UKCP18 12km,20191201-20491130,DJF,Newcastle upon Tyne Central,-0.010862100724150892
302,303,E14000832,UKCP18 12km,20191201-20491130,DJF,Newcastle upon Tyne East,-0.010862100724150892
303,304,E14000833,UKCP18 12km,20191201-20491130,DJF,Newcastle upon Tyne North,-0.010862100724150892
304,305,E14000834,UKCP18 12km,20191201-20491130,DJF,Newcastle-under-Lyme,0.1097682006717784
305,306,E14000835,UKCP18 12km,20191201-20491130,DJF,Newton Abbot,0.1767777169169627
306,307,E14000836,UKCP18 12km,20191201-20491130,DJF,"Normanton, Pontefract and Castleford",0.07345991561402467
307,308,E14000837,UKCP18 12km,20191201-20491130,DJF,North Cornwall,0.1819439981096497
308,309,E14000838,UKCP18 12km,20191201-20491130,DJF,North Devon,0.11122123528461494
309,310,E14000839,UKCP18 12km,20191201-20491130,DJF,North Dorset,0.19909215400162927
310,311,E14000840,UKCP18 12km,20191201-20491130,DJF,North Durham,-0.0038779999536253293
311,312,E14000841,UKCP18 12km,20191201-20491130,DJF,North East Bedfordshire,0.06990550443653244
312,313,E14000842,UKCP18 12km,20191201-20491130,DJF,North East Cambridgeshire,0.06383177678847698
313,314,E14000843,UKCP18 12km,20191201-20491130,DJF,North East Derbyshire,0.11255947446796435
314,315,E14000844,UKCP18 12km,20191201-20491130,DJF,North East Hampshire,0.13579545360837186
315,316,E14000845,UKCP18 12km,20191201-20491130,DJF,North East Hertfordshire,0.07758435890084928
316,317,E14000846,UKCP18 12km,20191201-20491130,DJF,North East Somerset,0.14657972224068883
317,318,E14000847,UKCP18 12km,20191201-20491130,DJF,North Herefordshire,0.09392150004424754
318,319,E14000848,UKCP18 12km,20191201-20491130,DJF,North Norfolk,-0.008685159645887017
319,320,E14000849,UKCP18 12km,20191201-20491130,DJF,North Shropshire,0.10669720212359331
320,321,E14000850,UKCP18 12km,20191201-20491130,DJF,North Somerset,0.1567954369070823
321,322,E14000851,UKCP18 12km,20191201-20491130,DJF,North Swindon,0.1395100562651599
322,323,E14000852,UKCP18 12km,20191201-20491130,DJF,North Thanet,0.08149764733598486
323,324,E14000853,UKCP18 12km,20191201-20491130,DJF,North Tyneside,-0.010862100724150892
324,325,E14000854,UKCP18 12km,20191201-20491130,DJF,North Warwickshire,0.1173312418832693
325,326,E14000855,UKCP18 12km,20191201-20491130,DJF,North West Cambridgeshire,0.07085966705122303
326,327,E14000856,UKCP18 12km,20191201-20491130,DJF,North West Durham,-0.020553215932918124
327,328,E14000857,UKCP18 12km,20191201-20491130,DJF,North West Hampshire,0.17502738845828858
328,329,E14000858,UKCP18 12km,20191201-20491130,DJF,North West Leicestershire,0.10073777751064601
329,330,E14000859,UKCP18 12km,20191201-20491130,DJF,North West Norfolk,0.007264500461623324
330,331,E14000860,UKCP18 12km,20191201-20491130,DJF,North Wiltshire,0.15097337434273997
331,332,E14000861,UKCP18 12km,20191201-20491130,DJF,Northampton North,0.09529379310764437
332,333,E14000862,UKCP18 12km,20191201-20491130,DJF,Northampton South,0.09529379310764437
333,334,E14000863,UKCP18 12km,20191201-20491130,DJF,Norwich North,0.0008449654157628994
334,335,E14000864,UKCP18 12km,20191201-20491130,DJF,Norwich South,-0.0005751430942838587
335,336,E14000865,UKCP18 12km,20191201-20491130,DJF,Nottingham East,0.09796360145205803
336,337,E14000866,UKCP18 12km,20191201-20491130,DJF,Nottingham North,0.11020038010150006
337,338,E14000867,UKCP18 12km,20191201-20491130,DJF,Nottingham South,0.11020038010150006
338,339,E14000868,UKCP18 12km,20191201-20491130,DJF,Nuneaton,0.11913035332558745
339,340,E14000869,UKCP18 12km,20191201-20491130,DJF,Old Bexley and Sidcup,0.07764916865386513
340,341,E14000870,UKCP18 12km,20191201-20491130,DJF,Oldham East and Saddleworth,0.15981764692879433
341,342,E14000871,UKCP18 12km,20191201-20491130,DJF,Oldham West and Royton,0.2252829475172907
342,343,E14000872,UKCP18 12km,20191201-20491130,DJF,Orpington,0.08536521549827532
343,344,E14000873,UKCP18 12km,20191201-20491130,DJF,Oxford East,0.13995886664840776
344,345,E14000874,UKCP18 12km,20191201-20491130,DJF,Oxford West and Abingdon,0.1375434369806322
345,346,E14000875,UKCP18 12km,20191201-20491130,DJF,Pendle,0.12983083616325874
346,347,E14000876,UKCP18 12km,20191201-20491130,DJF,Penistone and Stocksbridge,0.07710999302817138
347,348,E14000877,UKCP18 12km,20191201-20491130,DJF,Penrith and The Border,0.12130351477128835
348,349,E14000878,UKCP18 12km,20191201-20491130,DJF,Peterborough,0.05733388421031532
349,350,E14000879,UKCP18 12km,20191201-20491130,DJF,"Plymouth, Moor View",0.5136013236118185
350,351,E14000880,UKCP18 12km,20191201-20491130,DJF,"Plymouth, Sutton and Devonport",0.5332865467704514
351,352,E14000881,UKCP18 12km,20191201-20491130,DJF,Poole,0.22667734940026632
352,353,E14000882,UKCP18 12km,20191201-20491130,DJF,Poplar and Limehouse,0.11901263282192702
353,354,E14000883,UKCP18 12km,20191201-20491130,DJF,Portsmouth North,0.3155495953333389
354,355,E14000884,UKCP18 12km,20191201-20491130,DJF,Portsmouth South,0.3155495953333389
355,356,E14000885,UKCP18 12km,20191201-20491130,DJF,Preston,0.24821346257716703
356,357,E14000886,UKCP18 12km,20191201-20491130,DJF,Pudsey,0.06903816383242574
357,358,E14000887,UKCP18 12km,20191201-20491130,DJF,Putney,0.11252214671846994
358,359,E14000888,UKCP18 12km,20191201-20491130,DJF,Rayleigh and Wickford,0.06854262674099472
359,360,E14000889,UKCP18 12km,20191201-20491130,DJF,Reading East,0.13500966782571078
360,361,E14000890,UKCP18 12km,20191201-20491130,DJF,Reading West,0.14003354030215734
361,362,E14000891,UKCP18 12km,20191201-20491130,DJF,Redcar,-0.027212369193919894
362,363,E14000892,UKCP18 12km,20191201-20491130,DJF,Redditch,0.11977615984592989
363,364,E14000893,UKCP18 12km,20191201-20491130,DJF,Reigate,0.1281319945065307
364,365,E14000894,UKCP18 12km,20191201-20491130,DJF,Ribble Valley,0.2525527900102372
365,366,E14000895,UKCP18 12km,20191201-20491130,DJF,Richmond (Yorks),0.06252521707875812
366,367,E14000896,UKCP18 12km,20191201-20491130,DJF,Richmond Park,0.11252214671846994
367,368,E14000897,UKCP18 12km,20191201-20491130,DJF,Rochdale,0.224581893329639
368,369,E14000898,UKCP18 12km,20191201-20491130,DJF,Rochester and Strood,0.05733157235619124
369,370,E14000899,UKCP18 12km,20191201-20491130,DJF,Rochford and Southend East,0.06128139417726669
370,371,E14000900,UKCP18 12km,20191201-20491130,DJF,Romford,0.09500648676380985
371,372,E14000901,UKCP18 12km,20191201-20491130,DJF,Romsey and Southampton North,0.22268165834375753
372,373,E14000902,UKCP18 12km,20191201-20491130,DJF,Rossendale and Darwen,0.23829730796591128
373,374,E14000903,UKCP18 12km,20191201-20491130,DJF,Rother Valley,0.08349620826944133
374,375,E14000904,UKCP18 12km,20191201-20491130,DJF,Rotherham,0.08683750069960505
375,376,E14000905,UKCP18 12km,20191201-20491130,DJF,Rugby,0.09571845161830268
376,377,E14000906,UKCP18 12km,20191201-20491130,DJF,"Ruislip, Northwood and Pinner",0.13858162568178814
377,378,E14000907,UKCP18 12km,20191201-20491130,DJF,Runnymede and Weybridge,0.09700473085591255
378,379,E14000908,UKCP18 12km,20191201-20491130,DJF,Rushcliffe,0.09279824019550757
379,380,E14000909,UKCP18 12km,20191201-20491130,DJF,Rutland and Melton,0.07087061374015174
380,381,E14000910,UKCP18 12km,20191201-20491130,DJF,Saffron Walden,0.07103501185413921
381,382,E14000911,UKCP18 12km,20191201-20491130,DJF,Salford and Eccles,0.2322543682020546
382,383,E14000912,UKCP18 12km,20191201-20491130,DJF,Salisbury,0.17848247727833894
383,384,E14000913,UKCP18 12km,20191201-20491130,DJF,Scarborough and Whitby,0.008322562135726769
384,385,E14000914,UKCP18 12km,20191201-20491130,DJF,Scunthorpe,0.06422973554396992
385,386,E14000915,UKCP18 12km,20191201-20491130,DJF,Sedgefield,0.010048596158854776
386,387,E14000916,UKCP18 12km,20191201-20491130,DJF,Sefton Central,0.11695126232375541
387,388,E14000917,UKCP18 12km,20191201-20491130,DJF,Selby and Ainsty,0.07599310171156647
388,389,E14000918,UKCP18 12km,20191201-20491130,DJF,Sevenoaks,0.10286765538582937
389,390,E14000919,UKCP18 12km,20191201-20491130,DJF,Sheffield Central,0.08683750069960505
390,391,E14000920,UKCP18 12km,20191201-20491130,DJF,Sheffield South East,0.08683750069960505
391,392,E14000921,UKCP18 12km,20191201-20491130,DJF,"Sheffield, Brightside and Hillsborough",0.08683750069960505
392,393,E14000922,UKCP18 12km,20191201-20491130,DJF,"Sheffield, Hallam",0.08115147791501565
393,394,E14000923,UKCP18 12km,20191201-20491130,DJF,"Sheffield, Heeley",0.10305535766815237
394,395,E14000924,UKCP18 12km,20191201-20491130,DJF,Sherwood,0.09904772587811975
395,396,E14000925,UKCP18 12km,20191201-20491130,DJF,Shipley,0.05633571477771171
396,397,E14000926,UKCP18 12km,20191201-20491130,DJF,Shrewsbury and Atcham,0.09314670133855123
397,398,E14000927,UKCP18 12km,20191201-20491130,DJF,Sittingbourne and Sheppey,0.06065926753727635
398,399,E14000928,UKCP18 12km,20191201-20491130,DJF,Skipton and Ripon,0.15326738537610154
399,400,E14000929,UKCP18 12km,20191201-20491130,DJF,Sleaford and North Hykeham,0.07670874040731003
400,401,E14000930,UKCP18 12km,20191201-20491130,DJF,Slough,0.13553469834432766
401,402,E14000931,UKCP18 12km,20191201-20491130,DJF,Solihull,0.1330608685745512
402,403,E14000932,UKCP18 12km,20191201-20491130,DJF,Somerton and Frome,0.11868913919891022
403,404,E14000933,UKCP18 12km,20191201-20491130,DJF,South Basildon and East Thurrock,0.06256176730368657
404,405,E14000934,UKCP18 12km,20191201-20491130,DJF,South Cambridgeshire,0.06602782007144255
405,406,E14000935,UKCP18 12km,20191201-20491130,DJF,South Derbyshire,0.1018865854949418
406,407,E14000936,UKCP18 12km,20191201-20491130,DJF,South Dorset,0.26392808370282395
407,408,E14000937,UKCP18 12km,20191201-20491130,DJF,South East Cambridgeshire,0.060002858179671104
408,409,E14000938,UKCP18 12km,20191201-20491130,DJF,South East Cornwall,0.29412898025910855
409,410,E14000939,UKCP18 12km,20191201-20491130,DJF,South Holland and The Deepings,0.05659255464276733
410,411,E14000940,UKCP18 12km,20191201-20491130,DJF,South Leicestershire,0.0954840066646808
411,412,E14000941,UKCP18 12km,20191201-20491130,DJF,South Norfolk,0.012492167045009082
412,413,E14000942,UKCP18 12km,20191201-20491130,DJF,South Northamptonshire,0.1080518905567687
413,414,E14000943,UKCP18 12km,20191201-20491130,DJF,South Ribble,0.22594587816605421
414,415,E14000944,UKCP18 12km,20191201-20491130,DJF,South Shields,0.0036967129874939664
415,416,E14000945,UKCP18 12km,20191201-20491130,DJF,South Staffordshire,0.12475499917258123
416,417,E14000946,UKCP18 12km,20191201-20491130,DJF,South Suffolk,0.05340298175134231
417,418,E14000947,UKCP18 12km,20191201-20491130,DJF,South Swindon,0.1395100562651599
418,419,E14000948,UKCP18 12km,20191201-20491130,DJF,South Thanet,0.08149764733598486
419,420,E14000949,UKCP18 12km,20191201-20491130,DJF,South West Bedfordshire,0.09284268952734576
420,421,E14000950,UKCP18 12km,20191201-20491130,DJF,South West Devon,0.4959980009454538
421,422,E14000951,UKCP18 12km,20191201-20491130,DJF,South West Hertfordshire,0.12406000496225067
422,423,E14000952,UKCP18 12km,20191201-20491130,DJF,South West Norfolk,0.04040305340560335
423,424,E14000953,UKCP18 12km,20191201-20491130,DJF,South West Surrey,0.1564489098426023
424,425,E14000954,UKCP18 12km,20191201-20491130,DJF,South West Wiltshire,0.13276244149822564
425,426,E14000955,UKCP18 12km,20191201-20491130,DJF,"Southampton, Itchen",0.27599205361691703
426,427,E14000956,UKCP18 12km,20191201-20491130,DJF,"Southampton, Test",0.2470417624842602
427,428,E14000957,UKCP18 12km,20191201-20491130,DJF,Southend West,0.059441255022251206
428,429,E14000958,UKCP18 12km,20191201-20491130,DJF,Southport,0.1205105185508728
429,430,E14000959,UKCP18 12km,20191201-20491130,DJF,Spelthorne,0.103399430234841
430,431,E14000960,UKCP18 12km,20191201-20491130,DJF,St Albans,0.11638658138216877
431,432,E14000961,UKCP18 12km,20191201-20491130,DJF,St Austell and Newquay,0.22687676314172883
432,433,E14000962,UKCP18 12km,20191201-20491130,DJF,St Helens North,0.1520331511034508
433,434,E14000963,UKCP18 12km,20191201-20491130,DJF,St Helens South and Whiston,0.11377878539202546
434,435,E14000964,UKCP18 12km,20191201-20491130,DJF,St Ives,0.22087047717389846
435,436,E14000965,UKCP18 12km,20191201-20491130,DJF,Stafford,0.09928466134575684
436,437,E14000966,UKCP18 12km,20191201-20491130,DJF,Staffordshire Moorlands,0.16842991812027214
437,438,E14000967,UKCP18 12km,20191201-20491130,DJF,Stalybridge and Hyde,0.15981764692879433
438,439,E14000968,UKCP18 12km,20191201-20491130,DJF,Stevenage,0.09156141433643054
439,440,E14000969,UKCP18 12km,20191201-20491130,DJF,Stockport,0.16407455727344455
440,441,E14000970,UKCP18 12km,20191201-20491130,DJF,Stockton North,-0.010968177990689462
441,442,E14000971,UKCP18 12km,20191201-20491130,DJF,Stockton South,0.03158853172283956
442,443,E14000972,UKCP18 12km,20191201-20491130,DJF,Stoke-on-Trent Central,0.1255740787199148
443,444,E14000973,UKCP18 12km,20191201-20491130,DJF,Stoke-on-Trent North,0.1391594010720869
444,445,E14000974,UKCP18 12km,20191201-20491130,DJF,Stoke-on-Trent South,0.1255740787199148
445,446,E14000975,UKCP18 12km,20191201-20491130,DJF,Stone,0.11218526611157628
446,447,E14000976,UKCP18 12km,20191201-20491130,DJF,Stourbridge,0.14265922596042868
447,448,E14000977,UKCP18 12km,20191201-20491130,DJF,Stratford-on-Avon,0.11086777091833437
448,449,E14000978,UKCP18 12km,20191201-20491130,DJF,Streatham,0.1033466902334274
449,450,E14000979,UKCP18 12km,20191201-20491130,DJF,Stretford and Urmston,0.16607370378074457
450,451,E14000980,UKCP18 12km,20191201-20491130,DJF,Stroud,0.1764006743055017
451,452,E14000981,UKCP18 12km,20191201-20491130,DJF,Suffolk Coastal,0.03725495436085578
452,453,E14000982,UKCP18 12km,20191201-20491130,DJF,Sunderland Central,0.0036967129874939664
453,454,E14000983,UKCP18 12km,20191201-20491130,DJF,Surrey Heath,0.09700473085591255
454,455,E14000984,UKCP18 12km,20191201-20491130,DJF,Sutton and Cheam,0.10649897883194914
455,456,E14000985,UKCP18 12km,20191201-20491130,DJF,Sutton Coldfield,0.12801900749224113
456,457,E14000986,UKCP18 12km,20191201-20491130,DJF,Tamworth,0.1062226755617333
457,458,E14000987,UKCP18 12km,20191201-20491130,DJF,Tatton,0.09892155303107072
458,459,E14000988,UKCP18 12km,20191201-20491130,DJF,Taunton Deane,0.08486802682607912
459,460,E14000989,UKCP18 12km,20191201-20491130,DJF,Telford,0.1013558673311737
460,461,E14000990,UKCP18 12km,20191201-20491130,DJF,Tewkesbury,0.12263464777470685
461,462,E14000991,UKCP18 12km,20191201-20491130,DJF,The Cotswolds,0.15342473855555788
462,463,E14000992,UKCP18 12km,20191201-20491130,DJF,The Wrekin,0.10144806871003542
463,464,E14000993,UKCP18 12km,20191201-20491130,DJF,Thirsk and Malton,0.06158625395586067
464,465,E14000994,UKCP18 12km,20191201-20491130,DJF,Thornbury and Yate,0.17552139313242554
465,466,E14000995,UKCP18 12km,20191201-20491130,DJF,Thurrock,0.06285650145433497
466,467,E14000996,UKCP18 12km,20191201-20491130,DJF,Tiverton and Honiton,0.12525865810200024
467,468,E14000997,UKCP18 12km,20191201-20491130,DJF,Tonbridge and Malling,0.10645323621389209
468,469,E14000998,UKCP18 12km,20191201-20491130,DJF,Tooting,0.11252214671846994
469,470,E14000999,UKCP18 12km,20191201-20491130,DJF,Torbay,0.18473789541163654
470,471,E14001000,UKCP18 12km,20191201-20491130,DJF,Torridge and West Devon,0.18836577570249152
471,472,E14001001,UKCP18 12km,20191201-20491130,DJF,Totnes,0.3499358574380926
472,473,E14001002,UKCP18 12km,20191201-20491130,DJF,Tottenham,0.11901263282192702
473,474,E14001003,UKCP18 12km,20191201-20491130,DJF,Truro and Falmouth,0.17010851775306882
474,475,E14001004,UKCP18 12km,20191201-20491130,DJF,Tunbridge Wells,0.13664248561341077
475,476,E14001005,UKCP18 12km,20191201-20491130,DJF,Twickenham,0.103399430234841
476,477,E14001006,UKCP18 12km,20191201-20491130,DJF,Tynemouth,-0.010862100724150892
477,478,E14001007,UKCP18 12km,20191201-20491130,DJF,Uxbridge and South Ruislip,0.13858162568178814
478,479,E14001008,UKCP18 12km,20191201-20491130,DJF,Vauxhall,0.1033466902334274
479,480,E14001009,UKCP18 12km,20191201-20491130,DJF,Wakefield,0.05867928383008225
480,481,E14001010,UKCP18 12km,20191201-20491130,DJF,Wallasey,0.08525467604244519
481,482,E14001011,UKCP18 12km,20191201-20491130,DJF,Walsall North,0.10388759777282112
482,483,E14001012,UKCP18 12km,20191201-20491130,DJF,Walsall South,0.1394204315486036
483,484,E14001013,UKCP18 12km,20191201-20491130,DJF,Walthamstow,0.11901263282192702
484,485,E14001014,UKCP18 12km,20191201-20491130,DJF,Wansbeck,-0.010673206842780189
485,486,E14001015,UKCP18 12km,20191201-20491130,DJF,Wantage,0.14052723994798222
486,487,E14001016,UKCP18 12km,20191201-20491130,DJF,Warley,0.14879698907355124
487,488,E14001017,UKCP18 12km,20191201-20491130,DJF,Warrington North,0.13019331085227082
488,489,E14001018,UKCP18 12km,20191201-20491130,DJF,Warrington South,0.13019331085227082
489,490,E14001019,UKCP18 12km,20191201-20491130,DJF,Warwick and Leamington,0.10032515049403883
490,491,E14001020,UKCP18 12km,20191201-20491130,DJF,Washington and Sunderland West,0.0036967129874939664
491,492,E14001021,UKCP18 12km,20191201-20491130,DJF,Watford,0.13431500015112788
492,493,E14001022,UKCP18 12km,20191201-20491130,DJF,Waveney,0.025281123993980664
493,494,E14001023,UKCP18 12km,20191201-20491130,DJF,Wealden,0.19266132268608588
494,495,E14001024,UKCP18 12km,20191201-20491130,DJF,Weaver Vale,0.09351760806204919
495,496,E14001025,UKCP18 12km,20191201-20491130,DJF,Wellingborough,0.09302856750155641
496,497,E14001026,UKCP18 12km,20191201-20491130,DJF,Wells,0.145533446996131
497,498,E14001027,UKCP18 12km,20191201-20491130,DJF,Welwyn Hatfield,0.11054641852854537
498,499,E14001028,UKCP18 12km,20191201-20491130,DJF,Wentworth and Dearne,0.07339157835777349
499,500,E14001029,UKCP18 12km,20191201-20491130,DJF,West Bromwich East,0.1394204315486036
500,501,E14001030,UKCP18 12km,20191201-20491130,DJF,West Bromwich West,0.1394204315486036
501,502,E14001031,UKCP18 12km,20191201-20491130,DJF,West Dorset,0.2593019513026228
502,503,E14001032,UKCP18 12km,20191201-20491130,DJF,West Ham,0.11901263282192702
503,504,E14001033,UKCP18 12km,20191201-20491130,DJF,West Lancashire,0.15969593293930565
504,505,E14001034,UKCP18 12km,20191201-20491130,DJF,West Suffolk,0.043407327285990796
505,506,E14001035,UKCP18 12km,20191201-20491130,DJF,West Worcestershire,0.1094039502331192
506,507,E14001036,UKCP18 12km,20191201-20491130,DJF,Westminster North,0.13222429009384898
507,508,E14001037,UKCP18 12km,20191201-20491130,DJF,Westmorland and Lonsdale,0.4745399584105609
508,509,E14001038,UKCP18 12km,20191201-20491130,DJF,Weston-Super-Mare,0.16478511171663457
509,510,E14001039,UKCP18 12km,20191201-20491130,DJF,Wigan,0.1520331511034508
510,511,E14001040,UKCP18 12km,20191201-20491130,DJF,Wimbledon,0.11252214671846994
511,512,E14001041,UKCP18 12km,20191201-20491130,DJF,Winchester,0.25769760149166876
512,513,E14001042,UKCP18 12km,20191201-20491130,DJF,Windsor,0.11652008904170255
513,514,E14001043,UKCP18 12km,20191201-20491130,DJF,Wirral South,0.07017847620120461
514,515,E14001044,UKCP18 12km,20191201-20491130,DJF,Wirral West,0.08525467604244519
515,516,E14001045,UKCP18 12km,20191201-20491130,DJF,Witham,0.06459221833788267
516,517,E14001046,UKCP18 12km,20191201-20491130,DJF,Witney,0.14895615631933484
517,518,E14001047,UKCP18 12km,20191201-20491130,DJF,Woking,0.09700473085591255
518,519,E14001048,UKCP18 12km,20191201-20491130,DJF,Wokingham,0.1259305928809288
519,520,E14001049,UKCP18 12km,20191201-20491130,DJF,Wolverhampton North East,0.10743693972020203
520,521,E14001050,UKCP18 12km,20191201-20491130,DJF,Wolverhampton South East,0.14207305862496042
521,522,E14001051,UKCP18 12km,20191201-20491130,DJF,Wolverhampton South West,0.14207305862496042
522,523,E14001052,UKCP18 12km,20191201-20491130,DJF,Worcester,0.12199201277192484
523,524,E14001053,UKCP18 12km,20191201-20491130,DJF,Workington,0.1694930885217317
524,525,E14001054,UKCP18 12km,20191201-20491130,DJF,Worsley and Eccles South,0.2322543682020546
525,526,E14001055,UKCP18 12km,20191201-20491130,DJF,Worthing West,0.2604270551064876
526,527,E14001056,UKCP18 12km,20191201-20491130,DJF,Wycombe,0.14485858733060994
527,528,E14001057,UKCP18 12km,20191201-20491130,DJF,Wyre and Preston North,0.27824206330381235
528,529,E14001058,UKCP18 12km,20191201-20491130,DJF,Wyre Forest,0.12078987038402564
529,530,E14001059,UKCP18 12km,20191201-20491130,DJF,Wythenshawe and Sale East,0.16607370378074457
530,531,E14001060,UKCP18 12km,20191201-20491130,DJF,Yeovil,0.1298114481460228
531,532,E14001061,UKCP18 12km,20191201-20491130,DJF,York Central,0.08261551614633444
532,533,E14001062,UKCP18 12km,20191201-20491130,DJF,York Outer,0.08726119224656098
533,534,N06000001,UKCP18 12km,20191201-20491130,DJF,Belfast East,0.08573592449162241
534,535,N06000002,UKCP18 12km,20191201-20491130,DJF,Belfast North,0.08573592449162241
535,536,N06000003,UKCP18 12km,20191201-20491130,DJF,Belfast South,0.09634216742491457
536,537,N06000004,UKCP18 12km,20191201-20491130,DJF,Belfast West,0.03890512675707103
537,538,N06000005,UKCP18 12km,20191201-20491130,DJF,East Antrim,0.035209321618302376
538,539,N06000006,UKCP18 12km,20191201-20491130,DJF,East Londonderry,-0.11865461999708843
539,540,N06000007,UKCP18 12km,20191201-20491130,DJF,Fermanagh and South Tyrone,0.0230033232303887
540,541,N06000008,UKCP18 12km,20191201-20491130,DJF,Foyle,-0.147498805710664
541,542,N06000009,UKCP18 12km,20191201-20491130,DJF,Lagan Valley,0.053182422400416395
542,543,N06000010,UKCP18 12km,20191201-20491130,DJF,Mid Ulster,0.025507718867822035
543,544,N06000011,UKCP18 12km,20191201-20491130,DJF,Newry and Armagh,0.09878370042443098
544,545,N06000012,UKCP18 12km,20191201-20491130,DJF,North Antrim,-0.050252172544560846
545,546,N06000013,UKCP18 12km,20191201-20491130,DJF,North Down,0.12925675140283974
546,547,N06000014,UKCP18 12km,20191201-20491130,DJF,South Antrim,0.03410208734261625
547,548,N06000015,UKCP18 12km,20191201-20491130,DJF,South Down,0.21471276827973382
548,549,N06000016,UKCP18 12km,20191201-20491130,DJF,Strangford,0.13143192812497298
549,550,N06000017,UKCP18 12km,20191201-20491130,DJF,Upper Bann,0.0456947166405444
550,551,N06000018,UKCP18 12km,20191201-20491130,DJF,West Tyrone,-0.06129293053947246
551,552,S14000001,UKCP18 12km,20191201-20491130,DJF,Aberdeen North,0.013862105099477162
552,553,S14000002,UKCP18 12km,20191201-20491130,DJF,Aberdeen South,0.04258850113388413
553,554,S14000003,UKCP18 12km,20191201-20491130,DJF,Airdrie and Shotts,0.11151980837312797
554,555,S14000004,UKCP18 12km,20191201-20491130,DJF,Angus,0.21286298501757067
555,556,S14000005,UKCP18 12km,20191201-20491130,DJF,Argyll and Bute,0.19399865675944789
556,557,S14000006,UKCP18 12km,20191201-20491130,DJF,"Ayr, Carrick and Cumnock",0.12135762919421267
557,558,S14000007,UKCP18 12km,20191201-20491130,DJF,Banff and Buchan,-0.0911222093029988
558,559,S14000008,UKCP18 12km,20191201-20491130,DJF,"Berwickshire, Roxburgh and Selkirk",0.05765332047344474
559,560,S14000009,UKCP18 12km,20191201-20491130,DJF,"Caithness, Sutherland and Easter Ross",-0.26256201565600484
560,561,S14000010,UKCP18 12km,20191201-20491130,DJF,Central Ayrshire,0.1418879098847993
561,562,S14000011,UKCP18 12km,20191201-20491130,DJF,"Coatbridge, Chryston and Bellshill",0.12891417770944602
562,563,S14000012,UKCP18 12km,20191201-20491130,DJF,"Cumbernauld, Kilsyth and Kirkintilloch East",0.15816915366529327
563,564,S14000013,UKCP18 12km,20191201-20491130,DJF,Dumfries and Galloway,0.2840653674692247
564,565,S14000014,UKCP18 12km,20191201-20491130,DJF,"Dumfriesshire, Clydesdale and Tweeddale",0.19726879191527763
565,566,S14000015,UKCP18 12km,20191201-20491130,DJF,Dundee East,0.16571296931290097
566,567,S14000016,UKCP18 12km,20191201-20491130,DJF,Dundee West,0.15339551719203426
567,568,S14000017,UKCP18 12km,20191201-20491130,DJF,Dunfermline and West Fife,0.14316363782923536
568,569,S14000018,UKCP18 12km,20191201-20491130,DJF,East Dunbartonshire,0.16391027857790733
569,570,S14000019,UKCP18 12km,20191201-20491130,DJF,"East Kilbride, Strathaven and Lesmahagow",0.10408019095210691
570,571,S14000020,UKCP18 12km,20191201-20491130,DJF,East Lothian,0.03226154112884289
571,572,S14000021,UKCP18 12km,20191201-20491130,DJF,East Renfrewshire,0.188860950090702
572,573,S14000022,UKCP18 12km,20191201-20491130,DJF,Edinburgh East,0.07024516021469811
573,574,S14000023,UKCP18 12km,20191201-20491130,DJF,Edinburgh North and Leith,0.10516584066819945
574,575,S14000024,UKCP18 12km,20191201-20491130,DJF,Edinburgh South,0.07024516021469811
575,576,S14000025,UKCP18 12km,20191201-20491130,DJF,Edinburgh South West,0.08411989689032846
576,577,S14000026,UKCP18 12km,20191201-20491130,DJF,Edinburgh West,0.10516584066819945
577,578,S14000027,UKCP18 12km,20191201-20491130,DJF,Na h-Eileanan an Iar,-0.090371839279788
578,579,S14000028,UKCP18 12km,20191201-20491130,DJF,Falkirk,0.12711554112734075
579,580,S14000029,UKCP18 12km,20191201-20491130,DJF,Glasgow Central,0.1467655591568698
580,581,S14000030,UKCP18 12km,20191201-20491130,DJF,Glasgow East,0.12891417770944602
581,582,S14000031,UKCP18 12km,20191201-20491130,DJF,Glasgow North,0.1467655591568698
582,583,S14000032,UKCP18 12km,20191201-20491130,DJF,Glasgow North East,0.1467655591568698
583,584,S14000033,UKCP18 12km,20191201-20491130,DJF,Glasgow North West,0.1467655591568698
584,585,S14000034,UKCP18 12km,20191201-20491130,DJF,Glasgow South,0.1467655591568698
585,586,S14000035,UKCP18 12km,20191201-20491130,DJF,Glasgow South West,0.1467655591568698
586,587,S14000036,UKCP18 12km,20191201-20491130,DJF,Glenrothes,0.1311310755797249
587,588,S14000037,UKCP18 12km,20191201-20491130,DJF,Gordon,-0.10161287745712798
588,589,S14000038,UKCP18 12km,20191201-20491130,DJF,Inverclyde,0.23884145074301508
589,590,S14000039,UKCP18 12km,20191201-20491130,DJF,"Inverness, Nairn, Badenoch and Strathspey",-0.07695493854708292
590,591,S14000040,UKCP18 12km,20191201-20491130,DJF,Kilmarnock and Loudoun,0.10288626753944743
591,592,S14000041,UKCP18 12km,20191201-20491130,DJF,Kirkcaldy and Cowdenbeath,0.13514324749514728
592,593,S14000042,UKCP18 12km,20191201-20491130,DJF,Lanark and Hamilton East,0.09972081432825712
593,594,S14000043,UKCP18 12km,20191201-20491130,DJF,Linlithgow and East Falkirk,0.10882896598501494
594,595,S14000044,UKCP18 12km,20191201-20491130,DJF,Livingston,0.09022199301264822
595,596,S14000045,UKCP18 12km,20191201-20491130,DJF,Midlothian,0.06039529468920078
596,597,S14000046,UKCP18 12km,20191201-20491130,DJF,Moray,-0.13403293547704728
597,598,S14000047,UKCP18 12km,20191201-20491130,DJF,Motherwell and Wishaw,0.10472651328705103
598,599,S14000048,UKCP18 12km,20191201-20491130,DJF,North Ayrshire and Arran,0.19575130065637739
599,600,S14000049,UKCP18 12km,20191201-20491130,DJF,North East Fife,0.139223912967099
600,601,S14000050,UKCP18 12km,20191201-20491130,DJF,Ochil and South Perthshire,0.19156608524548502
601,602,S14000051,UKCP18 12km,20191201-20491130,DJF,Orkney and Shetland,-0.07786360639846805
602,603,S14000052,UKCP18 12km,20191201-20491130,DJF,Paisley and Renfrewshire North,0.18744368775715672
603,604,S14000053,UKCP18 12km,20191201-20491130,DJF,Paisley and Renfrewshire South,0.23884145074301508
604,605,S14000054,UKCP18 12km,20191201-20491130,DJF,Perth and North Perthshire,0.12775901857210115
605,606,S14000055,UKCP18 12km,20191201-20491130,DJF,"Ross, Skye and Lochaber",-0.088493290649338
606,607,S14000056,UKCP18 12km,20191201-20491130,DJF,Rutherglen and Hamilton West,0.10203387147561131
607,608,S14000057,UKCP18 12km,20191201-20491130,DJF,Stirling,0.25578620094914656
608,609,S14000058,UKCP18 12km,20191201-20491130,DJF,West Aberdeenshire and Kincardine,0.03709552292532759
609,610,S14000059,UKCP18 12km,20191201-20491130,DJF,West Dunbartonshire,0.18341231030122093
610,611,W07000041,UKCP18 12km,20191201-20491130,DJF,Ynys Mon,0.15872018278846237
611,612,W07000042,UKCP18 12km,20191201-20491130,DJF,Delyn,0.051561148437216785
612,613,W07000043,UKCP18 12km,20191201-20491130,DJF,Alyn and Deeside,0.07020028164399206
613,614,W07000044,UKCP18 12km,20191201-20491130,DJF,Wrexham,0.09728327788200093
614,615,W07000045,UKCP18 12km,20191201-20491130,DJF,Llanelli,0.5257112668209152
615,616,W07000046,UKCP18 12km,20191201-20491130,DJF,Gower,0.4777917531716596
616,617,W07000047,UKCP18 12km,20191201-20491130,DJF,Swansea West,0.4777917531716596
617,618,W07000048,UKCP18 12km,20191201-20491130,DJF,Swansea East,0.600600721306313
618,619,W07000049,UKCP18 12km,20191201-20491130,DJF,Aberavon,0.5259833504556012
619,620,W07000050,UKCP18 12km,20191201-20491130,DJF,Cardiff Central,0.1981593349879849
620,621,W07000051,UKCP18 12km,20191201-20491130,DJF,Cardiff North,0.39076595024613164
621,622,W07000052,UKCP18 12km,20191201-20491130,DJF,Rhondda,0.6327314063429673
622,623,W07000053,UKCP18 12km,20191201-20491130,DJF,Torfaen,0.31326492015114343
623,624,W07000054,UKCP18 12km,20191201-20491130,DJF,Monmouth,0.19233313984948167
624,625,W07000055,UKCP18 12km,20191201-20491130,DJF,Newport East,0.3215908513874624
625,626,W07000056,UKCP18 12km,20191201-20491130,DJF,Newport West,0.3215908513874624
626,627,W07000057,UKCP18 12km,20191201-20491130,DJF,Arfon,0.3834043272371292
627,628,W07000058,UKCP18 12km,20191201-20491130,DJF,Aberconwy,0.14677813664815298
628,629,W07000059,UKCP18 12km,20191201-20491130,DJF,Clwyd West,-0.004704363673087946
629,630,W07000060,UKCP18 12km,20191201-20491130,DJF,Vale of Clwyd,0.01955470408478136
630,631,W07000061,UKCP18 12km,20191201-20491130,DJF,Dwyfor Meirionnydd,0.33939048009896694
631,632,W07000062,UKCP18 12km,20191201-20491130,DJF,Clwyd South,0.083685030067091
632,633,W07000063,UKCP18 12km,20191201-20491130,DJF,Montgomeryshire,0.08945732192849101
633,634,W07000064,UKCP18 12km,20191201-20491130,DJF,Ceredigion,0.14664048261810333
634,635,W07000065,UKCP18 12km,20191201-20491130,DJF,Preseli Pembrokeshire,0.33271047034979995
635,636,W07000066,UKCP18 12km,20191201-20491130,DJF,Carmarthen West and South Pembrokeshire,0.40179425222887843
636,637,W07000067,UKCP18 12km,20191201-20491130,DJF,Carmarthen East and Dinefwr,0.2884455644045602
637,638,W07000068,UKCP18 12km,20191201-20491130,DJF,Brecon and Radnorshire,0.09263635766696279
638,639,W07000069,UKCP18 12km,20191201-20491130,DJF,Neath,0.5763750641614401
639,640,W07000070,UKCP18 12km,20191201-20491130,DJF,Cynon Valley,0.5289241592128261
640,641,W07000071,UKCP18 12km,20191201-20491130,DJF,Merthyr Tydfil and Rhymney,0.3331010464046665
641,642,W07000072,UKCP18 12km,20191201-20491130,DJF,Blaenau Gwent,0.25247781011218456
642,643,W07000073,UKCP18 12km,20191201-20491130,DJF,Bridgend,0.5259833504556012
643,644,W07000074,UKCP18 12km,20191201-20491130,DJF,Ogmore,0.524447456511398
644,645,W07000075,UKCP18 12km,20191201-20491130,DJF,Pontypridd,0.44136560922815743
645,646,W07000076,UKCP18 12km,20191201-20491130,DJF,Caerphilly,0.39076595024613164
646,647,W07000077,UKCP18 12km,20191201-20491130,DJF,Islwyn,0.40816887805799534
647,648,W07000078,UKCP18 12km,20191201-20491130,DJF,Vale of Glamorgan,0.2792260588083414
648,649,W07000079,UKCP18 12km,20191201-20491130,DJF,Cardiff West,0.1981593349879849
649,650,W07000080,UKCP18 12km,20191201-20491130,DJF,Cardiff South and Penarth,0.1981593349879849
